textid	text	label
1	Não significa muito Não significa nada na verdade A vida que deixei atrás de mim É uma sala fria Eu cruzei a última linha De onde não posso retornar Onde cada passo que eu dou na fé me trai E me conduz de meu lar E doce Doce rendição É tudo que eu tenho para dar Você me pega Sem perguntas feitas Você descasca a feiúra Que me cerca Você é um anjo Eu já fui embora Eu só espero Que eu não desaponte você Quando	Folk
2	Pela janela do meu quarto eu vejo a chuva Penso em você no meu amor que nunca muda Espero o dia inteiro e você não vem Amor igual ao meu não vai ter de ninguém E nas esquinas escuras de qualquer lugar Já não sei mais aonde procurar Pra te dizer as coisas que eu sempre quis Te roubar pra mim e te fazer feliz Não sabe o que é ter que esquecer Cada minuto cada instante que eu passei com você Pra que dizer que não é feliz? E esconder da sua vida o que você sempre quis Pela janela do meu quarto eu vejo a chuva Penso em você no meu amor que nunca muda Espero o dia inteiro e você não vem Amor igual ao meu não	Folk
3	Parecia estar Numa nova era, Na hora em que você me falou em parar. Sei que onde estou Não é aonde espera. Mas o que eu tinha pra você ninguém supera. E se eu pudesse assim mudar, Jurei que iria até tentar. Se eu não consigo te olhar, Não é por querer. E se às vezes exagero, Olho pra cá e não te enxergo, Não é porque Não queira te ver. Eu não vou ficar Tão perto de perder você, Assim sem me mexer. Eu não acredito que o nosso amor acabou. Parecia entrar numa nova esfera Andando em círculos, Sempre com a mesma ideia, Que	Folk
4	Perdida a noite abro a janela após chuva Penso em você e no meu amor que nunca muda Espero o dia inteiro e você não vem Amor igual ao meu não vai ter de ninguém E nas esquinas escuras de qualquer lugar Perco meu tempo querendo te encontrar Pra te dizer as coisas que eu sempre quis Te roubar pra mim e te fazer feliz Não sabe o que é ter que esquecer Cada minuto, cada instante passado com você Pra me dizer que não é feliz E esconder da sua vida o que você sempre quis Perdido a noite abro a janela após a chuva Penso em você e no meu amor que nunca muda Espero o dia inteiro e você não vem Amor igual ao meu não vai ter de ninguém E nas esquinas escuras de qualquer lugar Perco meu tempo querendo te encontrar Pra te dizer as coisas que eu sempre quis Te roubar pra mim e	Folk
5	Qual é o nome dela? Izabella Eu não vivo sem ela Izabella E quando eu encontro tão sozinho Sem destino e tão vazio Ela vem me salvar, eu sei Ela vem me salvar Ela vem	Folk
6	Ainda me lembro de tudo que passei Por quanto tempo sentei e esperei Pra hoje ela me dizer que não quer mais. Não sei o que me fez acreditar que eu era o cara certo pra ficar Sempre junto dela	Folk
7	Ela disse que é pra sempre Mas não sei, acho que não Posso até seguir em frente Mas não vou andar na contramão Se um dia eu quis lembrar Ela quis esquecer Até por esse lado poderia entender Queria ir pro mar Ela nem quis saber Tão longe de mim Já sei o que falta Não sei se tem volta Aquela história passou Eu sei o que importa Espero na porta Aonde ela me deixou	Folk
8	No seu olhar, um brilho azul do céu Pra mergulhar e me dizer onde errei Aonde estava o seu olhar? Um novo amor, nasceu pra me dizer Voei, corri, mas não te encontrei Aonde estava o seu olhar? Longe, que vem dizendo sinta-me, siga-me Se eu te amarei No seu olhar, eu vi você dizer Me apaixonei, pelo amor	Folk
9	dudududunara dudududunara dudududunaraaa (x2) Agora é hora vou mudar O que foi dito, momentos nao voltam mais Agora é hora pra dizer o quanto eu amo o quanto eu quis você Não sei se me quer mais Só o tempo contra o vento que te traz E se não volta mais Você não sabe o que deixou pra trás Não importa aonde vou ou o que farei Se você me da forças eu vou te buscar e você vai me amar Você vai me	Folk
10	Me devolva, tudo o que eu já te dei Que eu não vou mais, me enganar dessa vez E a resposta, não sou eu quem vai dar O começo, sempre volta do fim Parece estranho, mais pra você que pra mim Agora tudo o que eu tenho, tudo o que eu mais quero é poder te falar Me	Folk
11	Mais um dia eu aqui Assim, não dá pra ficar Sem pensar quero seguir, e ao fim chegar em outro lugar Porque tudo o que eu faço Não é o bastante para mim, pra você ou pra ninguém Todo dia eu me deparo Com	Folk
12	Dá licença mas eu vou entrar Abaixo o som do rádio e vem pra cá Não era a intenção atrapalhar E com certeza espero seu jantar tô pra te ganhar, tô pra perder Tenho que falar, falo pra você Que eu tô	Folk
13	Não vá dizer que eu não sou o que ela sempre sonhou, Ela precisa de alguém, tô precisando também, E ela e eu por um, Somos dois, Se ela quiser eu vou acreditar Refrão: Hey, tem alguém querendo me escutar Hey, tem alguém querendo te falar Hey, tem alguém querendo que você não vá Não vá	Folk
14	Se um dia não for o bastante pra mim baby Você vai ter que se ligar Mil palavras não expressam o que eu sinto Espere aqui que eu vou mostrar. Eu te avisei Quem não quer nada com nada Ás vezes pode se machucar.. [Refrão] Você pra mim agora é problema seu E resolvi dizer que não é mais você.. Sou eu. Nesse momento eu já tô saindo fora Não tenho hora pra voltar Pra	Folk
15	Quantas vezes eu te falei De sonhos que não passam de uma vez É ser mais sincero Pra que dê mais certo Toda vez que a gente quiser. Não estamos assim tão iguais Como eramos há anos atrás Quando a sua vida era toda minha e você não queria parar. Então vem me procurar agora Sem mais pensar O seu amor é meu e o meu amor é seu. Com você eu faço acontecer Tão fácil se perder Com você. Quantas vezes eu te falei De	Folk
16	Faz muito tempo amor que eu tô te esperando E eu já não sei mais o que fazer de mim, Nossos sonhos nossas vidas se acabando, Enquanto você não está aqui Não é difícil saber que eu te quero tanto Cada minuto é mais que um dia sem você O meu amor aumenta a cada instante E eu não consigo esquecer Sem você não dá, não dá pra ficar, porque no meu coração você está (2x) Não é difícil saber	Folk
17	Uma vez me disseram Que o amor não tem limites E por mais longe que você esteja Nada vai mudar entre nós Mas eu sei que não é bem assim Novas pessoas novas mentes entre eu e você Quem sabe um dia a gente se vê por ai Choramos juntos Sorrimos muito mais e o nosso amor Não vai ficar pra trás (2x) Em minha memória	Folk
18	Me devolva, tudo o que eu já te dei Que eu não vou mais, me enganar dessa vez E a resposta, não sou eu quem vai dar O começo, sempre volta do fim Parece estranho, mais pra você que pra mim Agora tudo o que eu tenho, tudo o que eu mais quero é poder te falar Me	Folk
19	Ainda me lembro de tudo que passei Por quanto tempo sentei e esperei Pra hoje ela me dizer que não quer mais. Não sei o que me fez acreditar que eu era o cara certo pra ficar Sempre junto dela	Folk
20	Dá licença mas eu vou entrar Abaixo o som do rádio e vem pra cá Não era a intenção atrapalhar E com certeza espero seu jantar tô pra te ganhar, tô pra perder Tenho que falar, falo pra você Que eu tô	Folk
21	Quantas vezes eu te falei De sonhos que não passam de uma vez É ser mais sincero Pra que dê mais certo Toda vez que a gente quiser. Não estamos assim tão iguais Como eramos há anos atrás Quando a sua vida era toda minha e você não queria parar. Então vem me procurar agora Sem mais pensar O seu amor é meu e o meu amor é seu. Com você eu faço acontecer Tão fácil se perder Com você. Quantas vezes eu te falei De	Folk
22	Faz muito tempo amor que eu tô te esperando E eu já não sei mais o que fazer de mim, Nossos sonhos nossas vidas se acabando, Enquanto você não está aqui Não é difícil saber que eu te quero tanto Cada minuto é mais que um dia sem você O meu amor aumenta a cada instante E eu não consigo esquecer Sem você não dá, não dá pra ficar, porque no meu coração você está (2x) Não é difícil saber	Folk
23	Não vá dizer que eu não sou o que ela sempre sonhou, Ela precisa de alguém, tô precisando também, E ela e eu por um, Somos dois, Se ela quiser eu vou acreditar Refrão: Hey, tem alguém querendo me escutar Hey, tem alguém querendo te falar Hey, tem alguém querendo que você não vá Não vá	Folk
24	Qual é o nome dela? Izabella Eu não vivo sem ela Izabella E quando eu encontro tão sozinho Sem destino e tão vazio Ela vem me salvar, eu sei Ela vem me salvar Ela vem	Folk
25	Mais um dia eu aqui Assim, não dá pra ficar Sem pensar quero seguir, e ao fim chegar em outro lugar Porque tudo o que eu faço Não é o bastante para mim, pra você ou pra ninguém Todo dia eu me deparo Com	Folk
26	Se um dia não for o bastante pra mim baby Você vai ter que se ligar Mil palavras não expressam o que eu sinto Espere aqui que eu vou mostrar. Eu te avisei Quem não quer nada com nada Ás vezes pode se machucar.. [Refrão] Você pra mim agora é problema seu E resolvi dizer que não é mais você.. Sou eu. Nesse momento eu já tô saindo fora Não tenho hora pra voltar Pra	Folk
27	Uma vez me disseram Que o amor não tem limites E por mais longe que você esteja Nada vai mudar entre nós Mas eu sei que não é bem assim Novas pessoas novas mentes entre eu e você Quem sabe um dia a gente se vê por ai Choramos juntos Sorrimos muito mais e o nosso amor Não vai ficar pra trás (2x) Em minha memória	Folk
28	Pela janela do meu quarto eu vejo a chuva Penso em você no meu amor que nunca muda Espero o dia inteiro e você não vem Amor igual ao meu não vai ter de ninguém E nas esquinas escuras de qualquer lugar Já não sei mais aonde procurar Pra te dizer as coisas que eu sempre quis Te roubar pra mim e te fazer feliz Não sabe o que é ter que esquecer Cada minuto cada instante que eu passei com você Pra que dizer que não é feliz? E esconder da sua vida o que você sempre quis Pela janela do meu quarto eu vejo a chuva Penso em você no meu amor que nunca muda Espero o dia inteiro e você não vem Amor igual ao meu não	Folk
29	Pela janela do meu quarto eu vejo a chuva Penso em você no meu amor que nunca muda Espero o dia inteiro e você não vem Amor igual ao meu não vai ter de ninguém E nas esquinas escuras de qualquer lugar já não sei mais onde procurar Pra te dizer as coisas que eu sempre quis Te roubar pra mim e te fazer feliz Não sabe o que é ter que esquecer Cada minuto cada instante que passei com você Pra quê dizer que não é feliz? E esconder da sua vida o que você sempre quis Pela janela do meu quarto eu vejo a chuva Penso em você no meu amor que nunca muda Espero o dia inteiro e você não vem Amor igual ao meu não	Folk
30	Perdida a noite abro a janela após chuva Penso em você e no meu amor que nunca muda Espero o dia inteiro e você não vem Amor igual ao meu não vai ter de ninguém E nas esquinas escuras de qualquer lugar Perco meu tempo querendo te encontrar Pra te dizer as coisas que eu sempre quis Te roubar pra mim e te fazer feliz Não sabe o que é ter que esquecer Cada minuto, cada instante passado com você Pra me dizer que não é feliz E esconder da sua vida o que você sempre quis Perdido a noite abro a janela após a chuva Penso em você e no meu amor que nunca muda Espero o dia inteiro e você não vem Amor igual ao meu não vai ter de ninguém E nas esquinas escuras de qualquer lugar Perco meu tempo querendo te encontrar Pra te dizer as coisas que eu sempre quis Te roubar pra mim e	Folk
31	Espere aqui que eu posso até voltar atrás Não é tão sério só o tempo traz Pra você Tudo o que passou e um pouco mais Daquela história e só você desfaz O caminho que	Folk
32	É claro, ele sabe o que faz Mas ela, não entenderá jamais Pode até pensar que esteja errado Mas tudo leva outro lado Ela não quer seguir, seus passos, Isso não lhe deixa uma escolha fácil, Iê iê É claro, ela sofreu demais Mas ele, não a esqueceu jamais Basta só olhar para o	Folk
33	Parecia estar Numa nova era, Na hora em que você me falou em parar. Sei que onde estou Não é aonde espera. Mas o que eu tinha pra você ninguém supera. E se eu pudesse assim mudar, Jurei que iria até tentar. Se eu não consigo te olhar, Não é por querer. E se às vezes exagero, Olho pra cá e não te enxergo, Não é porque Não queira te ver. Eu não vou ficar Tão perto de perder você, Assim sem me mexer. Eu não acredito que o nosso amor acabou. Parecia entrar numa nova esfera Andando em círculos, Sempre com a mesma ideia, Que	Folk
34	Ela disse que é pra sempre Mas não sei, acho que não Posso até seguir em frente Mas não vou andar na contramão Se um dia eu quis lembrar Ela quis esquecer Até por esse lado poderia entender Queria ir pro mar Ela nem quis saber Tão longe de mim Já sei o que falta Não sei se tem volta Aquela história passou Eu sei o que importa Espero na porta Aonde ela me deixou	Folk
35	Não sei te espero ou vou te buscar Por favor me responda me conte aonde está Eu quero uma chance pra te dizer Que o amor já chegou e está procurando você Eu sei que as coisas não vão tão bem	Folk
36	No seu olhar, um brilho azul do céu Pra mergulhar e me dizer onde errei Aonde estava o seu olhar? Um novo amor, nasceu pra me dizer Voei, corri, mas não te encontrei Aonde estava o seu olhar? Longe, que vem dizendo sinta-me, siga-me Se eu te amarei No seu olhar, eu vi você dizer Me apaixonei, pelo amor	Folk
37	Não ofereço mais que um simples recomeço E faço o presente, voltar pro final No futuro do pretérito, ainda quero o mérito de te ver Sem me preocupar Quem sabe se	Folk
38	De repente você lembou de se esquecer, E não pode acordar e fingir Que não vê, que não vê Que eu queria te ter em minhas mãos e dizer Deixa pra lá que eu vou te levar, pra outro lugar Espera	Folk
39	Eu fechei meus olhos Então acordei em um lugar desconhecido Nada foi melhor Que encontrar você depois de tempos perdidos Mas se tudo acabar Pa pa ra pa pa ra Você iria voltar? O que foi que aconteceu Meus sentimentos mudaram E você não sabia Das promessas que eu deixei pra trás E você não se preocupou Em dizer que não queria mais Dentro de sonhos Eu pude esquecer então ficar com você Nas sua palavras eu cai Olhando pra tudo que eu fiz Mas se	Folk
40	Iê, iê, iê, iê, iê, iê... O quanto ela vai, a noite me distrai Nem tanto só pra mim, de que vale aquele sim Eu bem que te avisei, pra mim tá tudo OK, Agora vem com essa dizer que eu não sei (2x) De	Folk
41	Quer dizer que não tem volta O que é simples dura mais Se sair não fecha a porta, porque eu to indo atrás Quero só ver, deixa eu te ver Que eu to correndo atrás Quero só ver, deixa eu te ver Não aceito não, eu ou com	Folk
42	Hey, você sentado aí Que não sabe onde ir, chega mais Eu, te convido para ir Onde sua mente permitir, chega mais Então não, não diga que	Folk
43	Já entendi, nem começa Com mentira e promessa Que eu não te quero mais Eu quero é parar de pensar E nem vem mais com essa De que agora se importa Não acredito mais Melhor deixar pra trás Eu faço tudo pra tentar esquecer Mas quem eu quero nessa hora pra mim é você Vai saber Se eu vou	Folk
44	dudududunara dudududunara dudududunaraaa (x2) Agora é hora vou mudar O que foi dito, momentos nao voltam mais Agora é hora pra dizer o quanto eu amo o quanto eu quis você Não sei se me quer mais Só o tempo contra o vento que te traz E se não volta mais Você não sabe o que deixou pra trás Não importa aonde vou ou o que farei Se você me da forças eu vou te buscar e você vai me amar Você vai me	Folk
45	O pai dela sai de casa e a gente se diverte. Sexta feira, a noite inteira Quatro e meia da manhã. O pai dela chega em casa, mas a gente se diverte. Perco a hora toda hora embaixo do seu cobertor. Mas quando a noite me distrai E ela não está aqui pra escutar O que eu tinha pra falar... (REFRÃO) Que quando ela vem Meu coração dispara, Vai de zero a	Folk
46	Pela janela do meu quarto eu vejo a chuva Penso em você no meu amor que nunca muda Espero o dia inteiro e você não vem Amor igual ao meu não vai ter de ninguém E nas esquinas escuras de qualquer lugar Já não sei mais aonde procurar Pra te dizer as coisas que eu sempre quis Te roubar pra mim e te fazer feliz Não sabe o que é ter que esquecer Cada minuto cada instante que eu passei com você Pra que dizer que não é feliz? E esconder da sua vida o que você sempre quis Pela janela do meu quarto eu vejo a chuva Penso em você no meu amor que nunca muda Espero o dia inteiro e você não vem Amor igual ao meu não	Folk
47	Parecia estar Numa nova era, Na hora em que você me falou em parar. Sei que onde estou Não é aonde espera. Mas o que eu tinha pra você ninguém supera. E se eu pudesse assim mudar, Jurei que iria até tentar. Se eu não consigo te olhar, Não é por querer. E se às vezes exagero, Olho pra cá e não te enxergo, Não é porque Não queira te ver. Eu não vou ficar Tão perto de perder você, Assim sem me mexer. Eu não acredito que o nosso amor acabou. Parecia entrar numa nova esfera Andando em círculos, Sempre com a mesma ideia, Que	Folk
48	Perdida a noite abro a janela após chuva Penso em você e no meu amor que nunca muda Espero o dia inteiro e você não vem Amor igual ao meu não vai ter de ninguém E nas esquinas escuras de qualquer lugar Perco meu tempo querendo te encontrar Pra te dizer as coisas que eu sempre quis Te roubar pra mim e te fazer feliz Não sabe o que é ter que esquecer Cada minuto, cada instante passado com você Pra me dizer que não é feliz E esconder da sua vida o que você sempre quis Perdido a noite abro a janela após a chuva Penso em você e no meu amor que nunca muda Espero o dia inteiro e você não vem Amor igual ao meu não vai ter de ninguém E nas esquinas escuras de qualquer lugar Perco meu tempo querendo te encontrar Pra te dizer as coisas que eu sempre quis Te roubar pra mim e	Folk
49	Qual é o nome dela? Izabella Eu não vivo sem ela Izabella E quando eu encontro tão sozinho Sem destino e tão vazio Ela vem me salvar, eu sei Ela vem me salvar Ela vem	Folk
50	Ainda me lembro de tudo que passei Por quanto tempo sentei e esperei Pra hoje ela me dizer que não quer mais. Não sei o que me fez acreditar que eu era o cara certo pra ficar Sempre junto dela	Folk
51	Ela disse que é pra sempre Mas não sei, acho que não Posso até seguir em frente Mas não vou andar na contramão Se um dia eu quis lembrar Ela quis esquecer Até por esse lado poderia entender Queria ir pro mar Ela nem quis saber Tão longe de mim Já sei o que falta Não sei se tem volta Aquela história passou Eu sei o que importa Espero na porta Aonde ela me deixou	Folk
52	No seu olhar, um brilho azul do céu Pra mergulhar e me dizer onde errei Aonde estava o seu olhar? Um novo amor, nasceu pra me dizer Voei, corri, mas não te encontrei Aonde estava o seu olhar? Longe, que vem dizendo sinta-me, siga-me Se eu te amarei No seu olhar, eu vi você dizer Me apaixonei, pelo amor	Folk
53	dudududunara dudududunara dudududunaraaa (x2) Agora é hora vou mudar O que foi dito, momentos nao voltam mais Agora é hora pra dizer o quanto eu amo o quanto eu quis você Não sei se me quer mais Só o tempo contra o vento que te traz E se não volta mais Você não sabe o que deixou pra trás Não importa aonde vou ou o que farei Se você me da forças eu vou te buscar e você vai me amar Você vai me	Folk
54	Me devolva, tudo o que eu já te dei Que eu não vou mais, me enganar dessa vez E a resposta, não sou eu quem vai dar O começo, sempre volta do fim Parece estranho, mais pra você que pra mim Agora tudo o que eu tenho, tudo o que eu mais quero é poder te falar Me	Folk
55	Mais um dia eu aqui Assim, não dá pra ficar Sem pensar quero seguir, e ao fim chegar em outro lugar Porque tudo o que eu faço Não é o bastante para mim, pra você ou pra ninguém Todo dia eu me deparo Com	Folk
56	Dá licença mas eu vou entrar Abaixo o som do rádio e vem pra cá Não era a intenção atrapalhar E com certeza espero seu jantar tô pra te ganhar, tô pra perder Tenho que falar, falo pra você Que eu tô	Folk
57	Não vá dizer que eu não sou o que ela sempre sonhou, Ela precisa de alguém, tô precisando também, E ela e eu por um, Somos dois, Se ela quiser eu vou acreditar Refrão: Hey, tem alguém querendo me escutar Hey, tem alguém querendo te falar Hey, tem alguém querendo que você não vá Não vá	Folk
58	Se um dia não for o bastante pra mim baby Você vai ter que se ligar Mil palavras não expressam o que eu sinto Espere aqui que eu vou mostrar. Eu te avisei Quem não quer nada com nada Ás vezes pode se machucar.. [Refrão] Você pra mim agora é problema seu E resolvi dizer que não é mais você.. Sou eu. Nesse momento eu já tô saindo fora Não tenho hora pra voltar Pra	Folk
59	Quantas vezes eu te falei De sonhos que não passam de uma vez É ser mais sincero Pra que dê mais certo Toda vez que a gente quiser. Não estamos assim tão iguais Como eramos há anos atrás Quando a sua vida era toda minha e você não queria parar. Então vem me procurar agora Sem mais pensar O seu amor é meu e o meu amor é seu. Com você eu faço acontecer Tão fácil se perder Com você. Quantas vezes eu te falei De	Folk
60	Faz muito tempo amor que eu tô te esperando E eu já não sei mais o que fazer de mim, Nossos sonhos nossas vidas se acabando, Enquanto você não está aqui Não é difícil saber que eu te quero tanto Cada minuto é mais que um dia sem você O meu amor aumenta a cada instante E eu não consigo esquecer Sem você não dá, não dá pra ficar, porque no meu coração você está (2x) Não é difícil saber	Folk
61	Uma vez me disseram Que o amor não tem limites E por mais longe que você esteja Nada vai mudar entre nós Mas eu sei que não é bem assim Novas pessoas novas mentes entre eu e você Quem sabe um dia a gente se vê por ai Choramos juntos Sorrimos muito mais e o nosso amor Não vai ficar pra trás (2x) Em minha memória	Folk
62	Me devolva, tudo o que eu já te dei Que eu não vou mais, me enganar dessa vez E a resposta, não sou eu quem vai dar O começo, sempre volta do fim Parece estranho, mais pra você que pra mim Agora tudo o que eu tenho, tudo o que eu mais quero é poder te falar Me	Folk
63	Ainda me lembro de tudo que passei Por quanto tempo sentei e esperei Pra hoje ela me dizer que não quer mais. Não sei o que me fez acreditar que eu era o cara certo pra ficar Sempre junto dela	Folk
64	Dá licença mas eu vou entrar Abaixo o som do rádio e vem pra cá Não era a intenção atrapalhar E com certeza espero seu jantar tô pra te ganhar, tô pra perder Tenho que falar, falo pra você Que eu tô	Folk
65	Quantas vezes eu te falei De sonhos que não passam de uma vez É ser mais sincero Pra que dê mais certo Toda vez que a gente quiser. Não estamos assim tão iguais Como eramos há anos atrás Quando a sua vida era toda minha e você não queria parar. Então vem me procurar agora Sem mais pensar O seu amor é meu e o meu amor é seu. Com você eu faço acontecer Tão fácil se perder Com você. Quantas vezes eu te falei De	Folk
66	Faz muito tempo amor que eu tô te esperando E eu já não sei mais o que fazer de mim, Nossos sonhos nossas vidas se acabando, Enquanto você não está aqui Não é difícil saber que eu te quero tanto Cada minuto é mais que um dia sem você O meu amor aumenta a cada instante E eu não consigo esquecer Sem você não dá, não dá pra ficar, porque no meu coração você está (2x) Não é difícil saber	Folk
67	Não vá dizer que eu não sou o que ela sempre sonhou, Ela precisa de alguém, tô precisando também, E ela e eu por um, Somos dois, Se ela quiser eu vou acreditar Refrão: Hey, tem alguém querendo me escutar Hey, tem alguém querendo te falar Hey, tem alguém querendo que você não vá Não vá	Folk
68	Qual é o nome dela? Izabella Eu não vivo sem ela Izabella E quando eu encontro tão sozinho Sem destino e tão vazio Ela vem me salvar, eu sei Ela vem me salvar Ela vem	Folk
69	Mais um dia eu aqui Assim, não dá pra ficar Sem pensar quero seguir, e ao fim chegar em outro lugar Porque tudo o que eu faço Não é o bastante para mim, pra você ou pra ninguém Todo dia eu me deparo Com	Folk
70	Se um dia não for o bastante pra mim baby Você vai ter que se ligar Mil palavras não expressam o que eu sinto Espere aqui que eu vou mostrar. Eu te avisei Quem não quer nada com nada Ás vezes pode se machucar.. [Refrão] Você pra mim agora é problema seu E resolvi dizer que não é mais você.. Sou eu. Nesse momento eu já tô saindo fora Não tenho hora pra voltar Pra	Folk
71	Uma vez me disseram Que o amor não tem limites E por mais longe que você esteja Nada vai mudar entre nós Mas eu sei que não é bem assim Novas pessoas novas mentes entre eu e você Quem sabe um dia a gente se vê por ai Choramos juntos Sorrimos muito mais e o nosso amor Não vai ficar pra trás (2x) Em minha memória	Folk
72	Pela janela do meu quarto eu vejo a chuva Penso em você no meu amor que nunca muda Espero o dia inteiro e você não vem Amor igual ao meu não vai ter de ninguém E nas esquinas escuras de qualquer lugar Já não sei mais aonde procurar Pra te dizer as coisas que eu sempre quis Te roubar pra mim e te fazer feliz Não sabe o que é ter que esquecer Cada minuto cada instante que eu passei com você Pra que dizer que não é feliz? E esconder da sua vida o que você sempre quis Pela janela do meu quarto eu vejo a chuva Penso em você no meu amor que nunca muda Espero o dia inteiro e você não vem Amor igual ao meu não	Folk
73	Pela janela do meu quarto eu vejo a chuva Penso em você no meu amor que nunca muda Espero o dia inteiro e você não vem Amor igual ao meu não vai ter de ninguém E nas esquinas escuras de qualquer lugar já não sei mais onde procurar Pra te dizer as coisas que eu sempre quis Te roubar pra mim e te fazer feliz Não sabe o que é ter que esquecer Cada minuto cada instante que passei com você Pra quê dizer que não é feliz? E esconder da sua vida o que você sempre quis Pela janela do meu quarto eu vejo a chuva Penso em você no meu amor que nunca muda Espero o dia inteiro e você não vem Amor igual ao meu não	Folk
74	Perdida a noite abro a janela após chuva Penso em você e no meu amor que nunca muda Espero o dia inteiro e você não vem Amor igual ao meu não vai ter de ninguém E nas esquinas escuras de qualquer lugar Perco meu tempo querendo te encontrar Pra te dizer as coisas que eu sempre quis Te roubar pra mim e te fazer feliz Não sabe o que é ter que esquecer Cada minuto, cada instante passado com você Pra me dizer que não é feliz E esconder da sua vida o que você sempre quis Perdido a noite abro a janela após a chuva Penso em você e no meu amor que nunca muda Espero o dia inteiro e você não vem Amor igual ao meu não vai ter de ninguém E nas esquinas escuras de qualquer lugar Perco meu tempo querendo te encontrar Pra te dizer as coisas que eu sempre quis Te roubar pra mim e	Folk
75	Espere aqui que eu posso até voltar atrás Não é tão sério só o tempo traz Pra você Tudo o que passou e um pouco mais Daquela história e só você desfaz O caminho que	Folk
76	É claro, ele sabe o que faz Mas ela, não entenderá jamais Pode até pensar que esteja errado Mas tudo leva outro lado Ela não quer seguir, seus passos, Isso não lhe deixa uma escolha fácil, Iê iê É claro, ela sofreu demais Mas ele, não a esqueceu jamais Basta só olhar para o	Folk
77	Parecia estar Numa nova era, Na hora em que você me falou em parar. Sei que onde estou Não é aonde espera. Mas o que eu tinha pra você ninguém supera. E se eu pudesse assim mudar, Jurei que iria até tentar. Se eu não consigo te olhar, Não é por querer. E se às vezes exagero, Olho pra cá e não te enxergo, Não é porque Não queira te ver. Eu não vou ficar Tão perto de perder você, Assim sem me mexer. Eu não acredito que o nosso amor acabou. Parecia entrar numa nova esfera Andando em círculos, Sempre com a mesma ideia, Que	Folk
78	Ela disse que é pra sempre Mas não sei, acho que não Posso até seguir em frente Mas não vou andar na contramão Se um dia eu quis lembrar Ela quis esquecer Até por esse lado poderia entender Queria ir pro mar Ela nem quis saber Tão longe de mim Já sei o que falta Não sei se tem volta Aquela história passou Eu sei o que importa Espero na porta Aonde ela me deixou	Folk
79	Não sei te espero ou vou te buscar Por favor me responda me conte aonde está Eu quero uma chance pra te dizer Que o amor já chegou e está procurando você Eu sei que as coisas não vão tão bem	Folk
80	No seu olhar, um brilho azul do céu Pra mergulhar e me dizer onde errei Aonde estava o seu olhar? Um novo amor, nasceu pra me dizer Voei, corri, mas não te encontrei Aonde estava o seu olhar? Longe, que vem dizendo sinta-me, siga-me Se eu te amarei No seu olhar, eu vi você dizer Me apaixonei, pelo amor	Folk
81	Não ofereço mais que um simples recomeço E faço o presente, voltar pro final No futuro do pretérito, ainda quero o mérito de te ver Sem me preocupar Quem sabe se	Folk
82	De repente você lembou de se esquecer, E não pode acordar e fingir Que não vê, que não vê Que eu queria te ter em minhas mãos e dizer Deixa pra lá que eu vou te levar, pra outro lugar Espera	Folk
83	Eu fechei meus olhos Então acordei em um lugar desconhecido Nada foi melhor Que encontrar você depois de tempos perdidos Mas se tudo acabar Pa pa ra pa pa ra Você iria voltar? O que foi que aconteceu Meus sentimentos mudaram E você não sabia Das promessas que eu deixei pra trás E você não se preocupou Em dizer que não queria mais Dentro de sonhos Eu pude esquecer então ficar com você Nas sua palavras eu cai Olhando pra tudo que eu fiz Mas se	Folk
84	Iê, iê, iê, iê, iê, iê... O quanto ela vai, a noite me distrai Nem tanto só pra mim, de que vale aquele sim Eu bem que te avisei, pra mim tá tudo OK, Agora vem com essa dizer que eu não sei (2x) De	Folk
85	Quer dizer que não tem volta O que é simples dura mais Se sair não fecha a porta, porque eu to indo atrás Quero só ver, deixa eu te ver Que eu to correndo atrás Quero só ver, deixa eu te ver Não aceito não, eu ou com	Folk
86	Hey, você sentado aí Que não sabe onde ir, chega mais Eu, te convido para ir Onde sua mente permitir, chega mais Então não, não diga que	Folk
87	Já entendi, nem começa Com mentira e promessa Que eu não te quero mais Eu quero é parar de pensar E nem vem mais com essa De que agora se importa Não acredito mais Melhor deixar pra trás Eu faço tudo pra tentar esquecer Mas quem eu quero nessa hora pra mim é você Vai saber Se eu vou	Folk
88	dudududunara dudududunara dudududunaraaa (x2) Agora é hora vou mudar O que foi dito, momentos nao voltam mais Agora é hora pra dizer o quanto eu amo o quanto eu quis você Não sei se me quer mais Só o tempo contra o vento que te traz E se não volta mais Você não sabe o que deixou pra trás Não importa aonde vou ou o que farei Se você me da forças eu vou te buscar e você vai me amar Você vai me	Folk
89	O pai dela sai de casa e a gente se diverte. Sexta feira, a noite inteira Quatro e meia da manhã. O pai dela chega em casa, mas a gente se diverte. Perco a hora toda hora embaixo do seu cobertor. Mas quando a noite me distrai E ela não está aqui pra escutar O que eu tinha pra falar... (REFRÃO) Que quando ela vem Meu coração dispara, Vai de zero a	Folk
90	(W-Face) O brilho da pele, reflete com o brilho do sol nego, batida no bumbo, subiu a pele arrepiou, a ginga é preta, não gosta respeita se sabe que é treta, mais não é suspeita é hora da caça, eu pinto minha cara me escondo na mata, enquanto voce passa armas preparadas, escudo e espadas a pele pintada voce não escapa (Refrão) O reino é nosso, merece respeito é ouro e diamante que pra nois já vem de berço, e brilha menor no preto destaca melhor no preto, e brilha menor no preto, destaca melhor no preto. (Nilsão) Um lado implora clemência por voce o outro pica em pedaços pra meu Pit Bull comer Era 2k sua língua suja tenta nos ferir adivinha qual dos dois lado eu vou ouvir Somos	Folk
91	Black Harry Potter, black Harry Potter Black Harry Potter, black Harry Potter Black Harry Potter, black Harry Potter Black Harry Potter, black Harry Potter Fazendo mágica, eu faço minha grana aparecer Fazendo mágica, eu tenho que fazer acontecer Fazendo mágica, eu faço minha grana aparecer Fazendo mágica, eu tenho que fazer acontecer Sem mais sufoco, não quero ganhar troco O que eu quero é o torro, sem mais eu tô no jogo Sem mais sufoco, não quero ganhar troco O que eu quero é o torro, fazer mais que o dobro Faz um virar três, três virar seis Eu tô com você fazendo outra vez Essa é nossa	Folk
92	(W-face) Ser preto de dia ou de noite se chama atenção Por ser o descolado, sua roupa, seu jeito Seu but, ser preto te torna o mais destacado No gueto de dia ou de noite se chama atenção Por ser o descolado, sua roupa, seu jeito Seu but, ser preto te torna o mais destacado (Desko d) Vivendo no mundo, correndo uns riscos Isso é normal, tem que saber chegar Tem que saber sair pra não se, pra Não se da mal, isso é vida real nada de novela Então desencanta sai dessa janela Acorda pra vida não desacredita por Que ela não é uma simples tela, é gueto Mantem o respeito, chega no conceito e Sem preconceito, por que nois é preto E honramos a cor e a gente tem o nosso valor tá ligado (W-face) No gueto de dia ou de noite se chama Atenção por ser o descolado, sua roupa Seu jeito, seu but, ser preto te torna o Mais destacado Ser preto de dia ou	Folk
93	(verso) Sei que a vida é um jogo, um jogo duro E mesmo assim não vou temer o meu futuro E sempre foi sempre assim, nunca foi fácil E o meu tempo é valioso dele eu faço um bom Resultado, meus aliados vem comigo um passo A frente, se sua meta é a vitória encaixa Os pentes, eu vou deixar bem claro, se Quer somar comigo por favor sem atrasos É sem atrasos, é zona sul é sp, cidade loca O sol bruto num dia e no outro vem garoa Parada loca da um close na minha roupa Corrente brilha atoa, mais eu não tô de toca É uma questão de honra, é uma questão de Glória, é uma questão de alcançar a vitória E não importa não se incomoda com A minha rota, é linha reta batendo meta Sem fazer merda, bati o martelo na minha Cina inspirado nos meus pretos que deu voz Além das	Folk
94	(refrão) Vem fechado com a minha gang Vem fechado com a minha gang Vem fechado com a minha gang Vem- fechado- com -a- minha gang (w-face) Não bato minha nave, só chego somando É prod l-zee nois chega de bando Bandana no rosto nois chega roubando E o que atrapalha é o tempo passando e Mesmo assim não estamos moscando Roubando o tempo que fast passando Blindado as idéias ser rich é o plano Esse sempre foi o plano, o bolo de Grana na mão estourando, a mente fervendo Neoronios queimando, soldado de Guerra jamais recuando e se não chegar Continuo avançando, sem se fechar nas Idéias isso nunca foi o meu forte às vezes penso até em carros fortes Eu tenho muita sorte, eu tive o suporte My mama sempre acreditou na minha mente Forte, ainda existe um motivo para eu Não me desviar eu creio em Deus e não Posso parar, entrei no ringue e não Posso falhar, se vacilar no chão eu Vou deitar vem fechado com a minha gang Vem fechado com a minha gang, vem fechado Com a minha gang (refrão) Vem- fechado- com -a- minha gang Vem fechado com a minha gang Vem fechado com a minha gang Vem fechado com	Folk
95	(L-Zee) Não quero viver conforme o mundo ei Senhor seja o meu tudo a praga do mundo confundindo tudo e muitos pensando que seguem enxuto mas o mundo é confusão, mundo é devastação e eu quero ser um vaso de honra Senhor em suas mãos oh Deus vivendo de sonhos, mas pobre não vive só sobrevive, em meio a tanta perdição então, paz nas quebradas, sem saca as quadradas, saca? o exemplo de tudo tá sendo quem não presta pra nada, não empaca segue sua caminhada quantos perdidos no beck chefe outros pirando nos trap lek o que importa de verdades eles se esquecem, acompanhados de tristezas, e cenas cabulosas o fim de um trajeto, o começo de uma nova história vive, a vida como se fosse fácil e resumo mas na verdade tá dentro de um labirinto, vai, vivendo primo e pensa que tá fácil, esse não é o retorno é só o primeiro passo Refrão (W-Face) Eu sei que um dia isso acaba eu tenho a certeza pode crer a nossa fé, é nossa fortaleza sem desistir esse é o meu corre e eu não abandono, quero voar tão	Folk
96	"Eu tô no corre eu não paro nego Eu não paro não, jovem negro traçou seu Destino, focado buscando ser rico Pisando e andando no sapatin Ninguém dava nada olha pros neguin Destaque já vem olha pros dentin Se anda já sabe que é assim Não perco meu tempo com diss É ""dissnescessário"", mantendo as origens a raiz Isso é o que eu faço, essa cina que eu Levo no peito, mantendo o legado o respeito A força deixada dos pretos É a causa que causa efeito Você nos vê como reus Mais não somos reus Muita calma é vida real e nois faz é o Nosso papel, vocêsabe o que já foi feito? Para chegar onde chegamos, para chegar Onde chegamos A mente trabalha alem o Alvo é só notas de sem, do jeito certo Nois vai alem sem atrasar o lado de Ninguém, a Deus agradeço e amém, e faça Por onde também, conquiste o seu canto Ao sol depois eu chego e te dou parabéns Eu tô no corre eu não paro nego Eu não"	Folk
97	Ela vem na minha reta olhando pra mim, ela Viu e percebeu sou único aqui, a diferença Ela já sabe só de olhar pra mim, falou bem No pé do ouvido arrepiou o neguin, se não Viu agora sabe e gosta do meu jeito, agora Não sai da minha bota ela gostou do preto Sentiu o drama do olhar que te causou efeito Eu tô na sua é w-face, esse é meu estilo negro Pretos são vários por ai eu sei eu percebi Mais muita calma pera ai eu que sou o pretin Malandro chega ai na manha e serve um drink Aqui, eu vou moinhando as palavras e pego o Contatin, é muito louco é da hora eu gosto Dessa vida, esse é o estilo w-face e são várias meninas, então gatinha	Folk
98	Aros cromados, estofado de couro perfumado A gata do lado, estou sonhando ou tô acordado Sera que é isso, que Deus pra mim tem reservado Me vejo rico, forte e realizado, meus pretos Trabalham como formigas antes do frio Senhor que isso, só de pensar da arrepios Estamos no topo niggas, estamos no topo Niggas, estamos no topo niggas, estamos no Topo niggas, são tantas notas que nem Consigo contar na mão, liga essa maquina E deixa ela fazer o trampo então, resultado Final uma parte é nossa e outra doação Se não for assim não tem por que tanta grana	Folk
99	Hum! Mas se um dia eu chegar Muito estranho Deixa essa água no corpo Lembrar nosso banho Hum! Mas se um dia eu chegar Muito louco Deixa essa noite saber que um dia Foi pouco Cuida bem de mim Então misture tudo dentro de nós Porque ninguém vai dormir nosso sonho Hum!	Folk
100	Os seus olhos são espelhos d'água Brilhando você pra qualquer um Por onde esse amor andava Que não quis você de jeito algum Que	Folk
101	Quando seu rosto aparecer à minha porta E seu olhar simplesmente encontrar O meu sorriso dizendo bem-vinda, pode chegar Quase parada você vai entrar encabulada Vendo que aqui pouca coisa mudou Nós sentaremos sentindo que agora tudo, tudo passou Acho	Folk
102	As vezes eu me sinto tão sozinho Com a cabeça fora do lugar Aí chega você pra confundir tudo de novo E eu não sei o que você quer A vida se reflete no seu rosto De um jeito que é agora ou nunca mais Então fica difícil dividir tudo de novo Eu sou você, você quem é? Mas não quero mais Mesmo que o amor não me deixe em paz Que é	Folk
103	Olhar você E não saber Que você é a pessoa mais linda do mundo E eu queria alguém bem no fundo do coração Ganhar você E não querer É porque eu não quero que nada aconteça Deve ser porque eu não ando bem da cabeça Ou eu já cansei de acreditar... O meu medo é uma coisa assim Que corre por fora entra vai e volta sem sair Não, não tente me fazer feliz Eu sei que o amor é bom demais, Mas doi demais sentir Você, E não saber	Folk
104	"Se você vê estrelas demais Lembre que um sonho não volta atrás Chega perto e diz ""Anjo"" Se você sente o corpo colar Solte o seu medo bem devagar Chega perto e diz ""Anjo"" Bem mais perto e"	Folk
105	"Sabe você tem um jeito todo especial quando diz ""te amo"" Fica com ar de quem amou E foi a primeira vez Você foi o melhor dos sonhos O melhor do meu passado Sabe amor eu vou querer você Sempre do meu lado Sabe você tem alguma coisa Que me faz sentir eterno"	Folk
106	Eu ontem nem dormi cara Loucura ? É loucura Rolou de tudo Rolou até um - Eu te amo ! Eu falei pra ela Foi tão lindo Quando o medo passou. Seu olhar lembrava Luz de velas !	Folk
107	Quanto mais te chamo Você não vem Será que ainda dorme comigo? Será que ainda sonha? Posso, mas não topo mais Ficar sozinho Me encontro no fim do caminho Te encontro no fim Largo tudo se você chegar agora	Folk
108	Feche os olhos, não te quero mais Dentro do coração Quantas vezes eu tentei falar Com você Eu não gosto de me ver assim Mas não tem solução A verdade dói demais em mim Solidão, oh não	Folk
109	às vezes eu me sinto tão sozinho Com a cabeça fora do lugar Aí chega você pra confundir tudo de novo E eu não sei o que você quer A vida se reflete no seu rosto De um jeito que é agora ou nunca mais Então fica difícil dividir tudo de novo Eu sou você, você quem é? Mas não quero mais Mesmo que o amor não me deixe em paz Que é demais toda	Folk
110	Fica no meu lugar, Prova essa dor comigo Olha no meu olhar Vê como está sofrido Amigo, amigo Vem me viver Pra ver o que me corta o coração Me defender, me condenar Até chorar por mim	Folk
111	Só você sabe quando eu sou feliz Só você sabe mas você nao diz É bem melhor esconder, mentir Se a gente sente que o amor nao quis Só você sabe o que eu sei de mim Mas, meu bem, ninguém sabe porque eu sou assim É bem melhor esconder, mentir Se a gente sente que o amor nao quis Eu quero mais que a hora certa Eu quero ouvir a voz que vem do coração Juro eu nao vou derrubar a porta Eu sei que a verdade é	Folk
112	você sempre chega , dona de mim cheia de coisa.....mas não vai intimidar meu sonho você pensa que eu estou sempre a fim tome atitude , se um de nós tem que mudar , que mude ah,ah,ah.....eu	Folk
113	Quando dou por mim Não me sinto mais Alguém chega e diz Paz ! Eu cresci assim E fiquei pra trás Você foi cedo demais. Lennon Mande alguma coisa nova pra nós Há muito tempo não se ouve uma voz Que deixe o coração ser mais feliz. Lennon O amor já não é mais o mesmo aqui E	Folk
114	Se o amor não tem nome Apaga a luz! Esse é um lado do céu Nem sempre azul O seu beijo na boca me seduz,mana Nesse velho bordel Da zona sul No seu corpo eu fico sensual Feito um broche de	Folk
115	Outra vez você deixa o cais Meu amor é o sabor das marés Eu te quis, eu te quero mar Mas não deixe secar os meus pés As canções acredite ou não Vão dizer onde o sol	Folk
116	Quando você sentir Minha canção fugir Amor, por trás, Tudo tem um fim Quando você pensar Com emoção demais Amor, por trás, Tudo tem um fim Então, faça o	Folk
117	Falta te dizer Quase tudo Se o coração deixar Tempo não vou ter Pense nisso A canção pode acabar E o que é que eu vou dizer na hora de cantar A verdade vai doer Tirar você de mim Só vai me machucar Sai de o meu silêncio mas falta de dizer Quase	Folk
118	Fique pertinho Faz sempre assim Olha no fundo dos olhos Dentro de mim Vê se resiste A tentação Faça de conta que o amor Passou de paixão	Folk
119	Faça um pedido Jogue a moeda na fonte comigo Quem sabe o amor dirá que sim, que sempre Esperava por nós ali Basta um desejo Basta um beijo sem nenhum motivo É só acreditar no amor, pra sempre Que o céu saberá te ouvir Noites de	Folk
120	"Seu nome? Miss Billie Holiday Uma flor na mesa Quem foi que deixou assim Alguém sem querer Ou foi você pra mim Olhos na fumaça Dessa vez não passa, fim Já vou pedir você Assim que terminar meu ""gin"" Entre o brilho e o gás Eu te beijo doce demais Olhos abertos Pra eu te ter bem perto Procurando e entrando pelo fecho éclair Minha Billie"	Folk
121	Foi então, cansada de não ser feliz Tuas mãos me abalaram na raiz É difícil demais, é difícil Evitar um amor no início Dizer não antes de começar o prazer Coração, mordido mais uma vez Tem razão, mas não viu o que você fez É difícil demais, é difícil	Folk
122	Fica no meu lugar, Prova essa dor comigo Olha no meu olhar Vê como está sofrido Amigo, amigo Vem me viver Pra ver o que me corta o coração Me defender, me condenar Até chorar por mim	Folk
123	"Se você vê estrelas demais Lembre que um sonho não volta atrás Chega perto e diz ""Anjo"" Se você sente o corpo colar Solte o seu medo bem devagar Chega perto e diz ""Anjo"" Bem mais perto e"	Folk
124	"Seu nome? Miss Billie Holiday Uma flor na mesa Quem foi que deixou assim Alguém sem querer Ou foi você pra mim Olhos na fumaça Dessa vez não passa, fim Já vou pedir você Assim que terminar meu ""gin"" Entre o brilho e o gás Eu te beijo doce demais Olhos abertos Pra eu te ter bem perto Procurando e entrando pelo fecho éclair Minha Billie"	Folk
125	Se o amor não tem nome Apaga a luz! Esse é um lado do céu Nem sempre azul O seu beijo na boca me seduz,mana Nesse velho bordel Da zona sul No seu corpo eu fico sensual Feito um broche de	Folk
126	Os seus olhos são espelhos d'água Brilhando você pra qualquer um Por onde esse amor andava Que não quis você de jeito algum Que	Folk
127	Faça um pedido Jogue a moeda na fonte comigo Quem sabe o amor dirá que sim, que sempre Esperava por nós ali Basta um desejo Basta um beijo sem nenhum motivo É só acreditar no amor, pra sempre Que o céu saberá te ouvir Noites de	Folk
128	Falta te dizer Quase tudo Se o coração deixar Tempo não vou ter Pense nisso A canção pode acabar E o que é que eu vou dizer na hora de cantar A verdade vai doer Tirar você de mim Só vai me machucar Sai de o meu silêncio mas falta de dizer Quase	Folk
129	Só de ver você Eu sinto que a coisa não vai me deixar Muito bem, tão bem Não quero saber do seu coração E nem vou cantar a nova canção que eu fiz Muito louco De amor Horror Olha não vai ser dessa vez Que você vai botar seu feitiço Em	Folk
130	"Na noite um sopro de vida Cobre o meu velho jeans Em vão procuro a saída Ai de mim ! Meu som é um sonho de chuva Abro o violão Enquanto o corpo curva Mais levanta o coração. Brilha nos olhos a lua Enquanto ela não vem A sombra me esconde na rua Tudo bem ! Alguém gritou ""aleluia"" Na estação do trem Sai do peito um grito Desse dia eu lembro bem."	Folk
131	Quando seu rosto aparecer à minha porta E seu olhar simplesmente encontrar O meu sorriso dizendo bem-vinda, pode chegar Quase parada você vai entrar encabulada Vendo que aqui pouca coisa mudou Nós sentaremos sentindo que agora tudo, tudo passou Acho	Folk
132	você sempre chega , dona de mim cheia de coisa.....mas não vai intimidar meu sonho você pensa que eu estou sempre a fim tome atitude , se um de nós tem que mudar , que mude ah,ah,ah.....eu	Folk
133	às vezes eu me sinto tão sozinho Com a cabeça fora do lugar Aí chega você pra confundir tudo de novo E eu não sei o que você quer A vida se reflete no seu rosto De um jeito que é agora ou nunca mais Então fica difícil dividir tudo de novo Eu sou você, você quem é? Mas não quero mais Mesmo que o amor não me deixe em paz Que é demais toda	Folk
134	Feche os olhos, não te quero mais Dentro do coração Quantas vezes eu tentei falar Com você Eu não gosto de me ver assim Mas não tem solução A verdade dói demais em mim Solidão, oh não	Folk
135	Quando dou por mim Não me sinto mais Alguém chega e diz Paz ! Eu cresci assim E fiquei pra trás Você foi cedo demais. Lennon Mande alguma coisa nova pra nós Há muito tempo não se ouve uma voz Que deixe o coração ser mais feliz. Lennon O amor já não é mais o mesmo aqui E	Folk
136	Eu ontem nem dormi cara Loucura ? É loucura Rolou de tudo Rolou até um - Eu te amo ! Eu falei pra ela Foi tão lindo Quando o medo passou. Seu olhar lembrava Luz de velas !	Folk
137	Meu coração bate ao som de rock Bate como pode Bate sem parar Meu coração não tem nada disso Não tem compromisso Não tem mais lugar Pode, pode, pode até me envenenar Que euarranjo um jeito de gostar Meu coração bate ao som de rock Bate feito um choque Bate pelo ar Meu coração já passou do ponto Já tem tudo pronto Pra você entrar Pode, pode, pode até me	Folk
138	Hum! Mas se um dia eu chegar Muito estranho Deixa essa água no corpo Lembrar nosso banho Hum! Mas se um dia eu chegar Muito louco Deixa essa noite saber que um dia Foi pouco Cuida bem de mim Então misture tudo dentro de nós Porque ninguém vai dormir nosso sonho Hum!	Folk
139	Foi então, cansada de não ser feliz Tuas mãos me abalaram na raiz É difícil demais, é difícil Evitar um amor no início Dizer não antes de começar o prazer Coração, mordido mais uma vez Tem razão, mas não viu o que você fez É difícil demais, é difícil	Folk
140	Só você pode me incendiar Pode acender a luz Pode me ver chorar Só você me faz tremer assim Me mata de prazer Sem encostar em mim Me dê notícias desse amor E o que ele faz pra não morrer Se fica comigo até sempre Ou se deixa o barco correr Só	Folk
141	As vezes eu me sinto tão sozinho Com a cabeça fora do lugar Aí chega você pra confundir tudo de novo E eu não sei o que você quer A vida se reflete no seu rosto De um jeito que é agora ou nunca mais Então fica difícil dividir tudo de novo Eu sou você, você quem é? Mas não quero mais Mesmo que o amor não me deixe em paz Que é	Folk
142	Menina, pernas para o ar A vida é uma carona, vamos viajar Menina, chega mais pra cá Pula na garupa, vamos vadiar! Eu sou um cara desse mundo e não pense muito mal de mim Vem e não faça como eles, as coisas estão assim, assim Hum! Hum! Não temos nada a perder Há uma céu que sempre espera por você Azul! Azul! De pernas para o ar,	Folk
143	Olhar você E não saber Que você é a pessoa mais linda do mundo E eu queria alguém bem no fundo do coração Ganhar você E não querer É porque eu não quero que nada aconteça Deve ser porque eu não ando bem da cabeça Ou eu já cansei de acreditar... O meu medo é uma coisa assim Que corre por fora entra vai e volta sem sair Não, não tente me fazer feliz Eu sei que o amor é bom demais, Mas doi demais sentir Você, E não saber	Folk
144	Quanto mais te chamo Você não vem Será que ainda dorme comigo? Será que ainda sonha? Posso, mas não topo mais Ficar sozinho Me encontro no fim do caminho Te encontro no fim Largo tudo se você chegar agora	Folk
145	RELAX Dalto No ar, eu procurei Uma canção Oh! Noite não O meu amor dormia E eu prestava atenção No ar, desesperei Muita emoção P´rum coração Já vai chegando o dia Ainda falta a canção Relax baby, Relax mais Relax, sonha meu amor Ho, ho, ho, não, não, por favor Deixe a canção nascer Bem antes do sol No ar, eu procurei Uma canção	Folk
146	Outra vez você deixa o cais Meu amor é o sabor das marés Eu te quis, eu te quero mar Mas não deixe secar os meus pés As canções acredite ou não Vão dizer onde o sol	Folk
147	Meia volta, sai do chão Sonhos sempre vêm e	Folk
148	Só você sabe quando eu sou feliz Só você sabe mas você nao diz É bem melhor esconder, mentir Se a gente sente que o amor nao quis Só você sabe o que eu sei de mim Mas, meu bem, ninguém sabe porque eu sou assim É bem melhor esconder, mentir Se a gente sente que o amor nao quis Eu quero mais que a hora certa Eu quero ouvir a voz que vem do coração Juro eu nao vou derrubar a porta Eu sei que a verdade é	Folk
149	Não é possível, baby Calar meu coração Pra quê levar a sério O que eu não fiz Você me mete medo Me põe na contramão Depois me dá um beijo Investe na paixão Esquece esse ciúme Sentimental blues Não é preciso, baby Deixar acesa a luz Quando eu chegar em casa Você vai saber Eu chamo o	Folk
150	Fique pertinho Faz sempre assim Olha no fundo dos olhos Dentro de mim Vê se resiste A tentação Faça de conta que o amor Passou de paixão	Folk
151	Quando você sentir Minha canção fugir Amor, por trás, Tudo tem um fim Quando você pensar Com emoção demais Amor, por trás, Tudo tem um fim Então, faça o	Folk
152	"Sabe você tem um jeito todo especial quando diz ""te amo"" Fica com ar de quem amou E foi a primeira vez Você foi o melhor dos sonhos O melhor do meu passado Sabe amor eu vou querer você Sempre do meu lado Sabe você tem alguma coisa Que me faz sentir eterno"	Folk
153	Eu te amo e ponto final O que tiver de ser, será Afinal, apenas cinco anos Não vão poder nos separar Ou vão e eu estou indo além no otimismo? A distância fere e nosso fim é previsível Mas eu não quero ver você chorar de saudade Arrume um novo amor e boa viagem Deixe disso e faça suas malas Só quero que seja feliz Esqueça a dor e pense no seu sonho Algo que você sempre	Folk
154	E então você me olhou Do alto da escada rolante Ninguém estava ali Eu já tinha partido pra sempre Ensina-me a viver De um jeito que não haja motivo Motivos pra sofrer E até deixar de sermos amigos Diluo a minha culpa em leves prestações Calculo juros, taxas e correções Desisto de somar o quanto devo a você Erro, não nego; acerto quando puder Assisto ao pôr do sol Da cabine de uma roda gigante Insisto em comentar, mas lembro Agora estou sozinha Melhor desconversar Não assumir que sinto saudades Tinha que ser assim Eu só quero seguir meu caminho Diluo a minha	Folk
155	Queria dar vida aos meus sentimentos Um rádio ligado, voz e violão Gritar para o mundo, o mundo que eu tenho Guardado aqui dentro do meu coração A felicidade não tem hora certa Não está à venda e nem pra alugar Tendo dito isto, eu abro as cortinas Respiro a beleza, expiro o som, um som Um som pra traduzir o sentimento bom De ter você por perto embaixo do edredom Canção pra aquecer você, feito café Amigos festejando o simples existir Lembrando das histórias que fazem sorrir Um saudosismo açucarado, feito café Respeito o tempo e os deuses da sorte Convido a morte pra jogar xadrez Eu peço licença pro que não me agrada	Folk
156	Quando eu te conheci, ainda brincava de boneca Colecionava papel de carta Tirava dez em estudos sociais Você era fera Nos jogos de videogame O artilheiro do pátio da escola Sempre correndo pra lá e pra cá A gente, então, bateu de frente E eu perdi a respiração Alguma coisa aconteceu No meu coração Não sei o motivo Do descompasso dentro do meu peito Do nervosismo quando te vejo Dessa mania nova de suspirar Agora, acho lindo O senhorzinho e a porcina Luan e vanessa no clipe O filme love story é um sinal No caderninho de perguntas Tinha: você gosta de alguém? Eu respondi que - é segredo A turma riu e disse - é mesmo? Segredo pra quem? segredo pra quem? Segredo pra quem? No final do ano Naquela grande festa do colégio Imaginei que seria o momento Você chegou até a insinuar Pelo telefone Fez o convite quase	Folk
157	Agora é oficial Todas as coisas que eu sentia Deixaram de ter serventia Os pingos do temporal Lavaram as dores do dia a dia E hoje eu só sei dizer Bom dia Bom dia, meu amor Vou pra onde você for Passar as férias em gramado Pra sempre ser seu namorado Pra sempre ser, pra sempre ser, pra sempre ser Seu Sei que ainda vou chorar Por dar importância ao ódio antigo E aí vou querer,	Folk
158	Não temos respostas Nem certezas Você me consome De tantas maneiras Tenho aqui comigo Toda essa tristeza Além da distância A percorrer Como dormir? Como sonhar? Só de pensar me falta o ar Como te ver e não só lembrar Do que podia ser e não será? Quero meu amigo E meu professor Que aprende comigo Também entende a dor O tempo é curto O tempo corre Além da distância A percorrer Como dormir? Como sonhar? Só de pensar me falta o ar	Folk
159	Memórias só parecem bem melhores do que são Desejos de outra hora não me trazem solução Havia nostalgia neste velho coração Sabia de onde vinha, mas não tinha direção Quem sabe a vida é uma folha caindo Não tô pronta pra chegar no chão Tô buscando no vento a tal felicidade Será sim, será não Menina, já não chora, já não sente, já cresceu Está viva, quem diria, neste	Folk
160	De onde vem Toda essa minha paz Com você Nesse abraço adormecer E sentir Como se O mundo vai parar assim que eu te encontrar A cada hora Um passo a mais, eu vou chegar, me espera lá Na nossa casa, amor Onde estou É tão fácil me perder Sua voz Que me guia até você Pra sentir Como se O mundo vai parar assim que eu	Folk
161	Pequena, vou te olhar além da imensidão Pra sempre, infinito, por todo o caminhar Logo o sol já volta a brilhar Pequena, vou cantar a dor da escuridão Te vejo em memórias no livro que fechou Logo o sol já volta a brilhar Com passos perdidos Eu divido os caminhos tentando te encontrar O vento faz a pegada se apagar Pequena,	Folk
162	Não temos respostas Nem certezas Você me consome De tantas maneiras Tenho aqui comigo Toda essa tristeza Além da distância A percorrer Como dormir? Como sonhar? Só de pensar me falta o ar Como te ver e não só lembrar Do que podia ser e não será? Quero meu amigo E meu professor Que aprende comigo Também entende a dor O tempo é curto O tempo corre Além da distância A percorrer Como dormir? Como sonhar? Só de pensar me falta o ar	Folk
163	Você veio com suas asas de anjo Emprestadas, porque de anjo você não tem nada E então, eu fui acreditando em seus gostos Eu fui vendo seu rosto e enxergando um tudo Me joguei em um livro de só um capítulo Fiquei presa no ritmo dos seus compassos Eu ouvi um silêncio perdido, meio conturbado Que eu pude sentir antes que a música tivesse acabado E eu fui me entregando nas suas conversas Eu fui me iludindo com a suas mentiras Que hoje recordo e ainda me perco Eu fui te amando, me acabando Você me escutando, mas me ignorando Agora são águas passadas, você não me deve mais nada Você faz de conta que não me conhece Finge que esquece que eu ainda existo Pensa que	Folk
164	Menina acalma o teu coração A noite fria vem e vai embora Não fique triste não Eu tenho um colo separado pra você E se você quiser tem eu A noite toda Pode falar eu vou prestar toda atenção E te ajudar mas por favor não chora, não Eu tranco o quarto Mando um áudio pra você Você que gosta de me ouvir Quem sabe agora vai querer saber Tô acordado preocupado com você Menina para de sentir só A vida mal começou Fecha os olhos, respira e pensa em você Em tudo que você sonhou Se ainda	Folk
165	Se eu pudesse escrever uma carta Para o primeiro homem Para descobrir onde foi que ele errou Porque nesse mundo, um nasce para sorrir Enquanto outro só conhece a dor? Corpos, armas e lágrimas Estamos todos perdidos Cobaias de vidro Sobrevivendo à sacrifícios Veja, não estamos	Folk
166	Menina, quais são teus segredos? Mistérios são belos, da cor dos teus cabelos Me diz para onde ir Nessa canoa que eu não sei remar Abre a janela e apaga a tela da televisão Sem me notar Não há um tom se quer Em todas as canções Que encante mais	Folk
167	Nunca vi na realeza do teu peito Ninguém tão nobre quanto você Pássaro iluminado És sol forte a brilhar Mesmo ao chover Deixa eu colher o amor da macieira Aqui de casa e te entregar assim De mão beijada Quero ver se você vai sorrir E se eu plantar um pedaço De mim em	Folk
168	Todo mundo sabe que eu amo dormir Mas pensando bem, vou ficar assim Deitado em você, desligo a tv Eu quero ouvir todo amor, morrer em ti E então, num beijo adormecer e te levar Nossos lábios, meu altar Cada um é um mundo Astronautas Satélites naturais Se você me diz Que	Folk
169	Oh mar, para de me arrastar pra os teus mistérios Eu sei, tu faz isso sem nem mesmo perceber Tuas ondas vêm me encontrar E eu me entrego Felicidade se renova com você Oh mar, deixo-me levar pela tua correnteza Por que essa tua cor me fez querer ficar Teu cheiro que passa por mim e me fez ter a certeza Na tua praia é onde eu quero morar Me beija mar, pelo menos uma vez Vem meu bem,	Folk
170	Já é primavera e eu sei Que são os ventos do Sul Que te trazem aqui A tua beleza e juventude, Rouxinol Eu que vago pelas terras daqui Nunca vi nada igual E o sol se vai Como um barco em alto mar E a noite branda entra em cena Tomando o seu lugar Transforma tudo em fantasia Simplicidade é a pouca luz e a alegria De saber pra onde olhar E enquanto o mundo inteiro é silêncio Eu ouço o teu canto e me encanto Rouxinol, Rouxinol E mesmo quando não há	Folk
171	O amor não pede pra entrar Senta na mesa e fica pra o jantar Um café frio e um amor quente Por um triz de ser feliz Saudade é o nome do meu cobertor Com seu cheiro me deito e o tempo a me abraçar O que	Folk
172	Eu tenho medo de amar Pois dentre as coisas que eu já inventei O amor foi sempre passageiro De um trem que termina no mar E ainda assim, não aprendi Pois quando amo, não sei se amo Quando vivo, não sei se estou vivo Ou simplesmente protagonizo mais uma Das minhas belas criações, É belo, mas não é real É isso, ser flor num mundo espinho, é pura criação Desenhar cada pedaço dele para sobreviver A água para matar a sede de amar Como criar oxigênio numa montanha O mundo é rarefeito Eu descobri ontem	Folk
173	Você me tirou para dançar Trocou um olhar E me soltou no salão Pensei no meu tempo te dar E antes de falar, soltou da minha mão Eu sei que o mundo está virado Está tudo quadrado Sem céu e sem chão Mas eu guardei um lugar Selado de cor para ninguém mexer Esse	Folk
174	Eu estava lembrando do meu carnaval História que se passa há uns vinte anos atrás Descendo as ladeiras de Olinda Cantando para o sol Catando serpentina Eu via muito mais do que vejo hoje Sabia muito mais do que aprendi a esquecer Se hoje eu vejo mal Posso te dizer A adultisse é uma doença Por isso eu não queria crescer Cabo de	Folk
175	Sou isso que se pode ver Sou retrato daquela que eu quis ser Sou João, sou Maria Sou então, o que eu quiser ser Sou o acaso que o profeta não prevê Sou o silêncio que você não ouve na Tv Sou fato sem conclusão, sou, sem ser Sou a verdade oculta em qualquer ilusão Sou da lua, sou de Marte, Sou do	Folk
176	Ele era tão pobre que seu dinheiro Era o mais valioso em si para se mostrar São coisas Ele era tão cego que só via O corpo, a marca, etiqueta O que os olhos podiam enxergar Ele era tão frágil Que o amor era um assunto proibido Antes do umbigo ele não via mais ninguém Depois de si ele não ouvia	Folk
177	Tanto lugar pra você morar nessa cidade Tanto lugar pra você ficar, e você tá na minha cabeça Você não sai da minha cabeça Você me sufoca e é bom Faz falta quando não tem Tá na minha oração entre o Pai Nosso e o Amém Nem deu tempo de sentir saudade Mas me liga	Folk
178	Oi, to te ligando Porque deu um branco, na nossa briga E a saudade, ta tão saidinha Pra cima de mim Não da pra dormir sem teu cheiro Até teu cabelo, enrolado no meu Te pego de jeito, quando deita no meu peito E sinto até sua respiração Perto do meu coração	Folk
179	Papai do céu me diz o que que tá acontecendo Tá tudo balançando outra vez eu tô tremendo E o medo que tomou meu coração se foi pra sempre Você me ajudou, mas isso fica entre a gente O beijo que eu sonhei ela me deu daquele jeito	Folk
180	E ela que só queria uma noite de prazer Um alguém sem compromisso sem essa de amanhã te ligo Ou a gente se vê, disse que não se apegava que não se envolvia Que não completa álbum repetindo figurinha Só que o feitiço virou contra o feiticeiro Hoje ela ligou pra mim o dia inteiro Disse que quer de novo provar do meu beijo Que	Folk
181	Que sorte a sua Olha a mulher que você tem É a mais bela Linda como ninguém Ama os animais Se pudesse levava Cada cachorrinho de rua pra sua casa Tente agradar Tá sempre preocupada Como pode um coração tão grande Em 1 metro e 63 fazer	Folk
182	Lembro de quando era só nós dois Tínhamos o mundo inteiro pela frente eu e você Tanto pra gente viver Era perfeito tipo coisa de Deus Mas o destino me surpreendeu Embaçou o nosso amor Pouco a pouco	Folk
183	Nosso amor pra ser de verdade Não precisa ter mil curtidas Precisa de você comigo Sei que não dá pra assumir Mas engraçado é que isso não atrapalha a gente Nosso eu te amo ninguém vai ouvir Só nossos olhares pra entregar o que o coração sente E como ele sente! A gente se beija Quando ninguém tá olhando A nossa história é por baixo dos panos Mas o amor é tanto Mas o amor é tanto A gente se beija Quando ninguém tá olhando A nossa história é por baixo dos panos Mas o amor é tanto Mas o amor é tanto E com jeitinho a gente vai levando	Folk
184	Te levo pro cinema, sei até contar poema Faço do seu jeitinho, te trato com carinho Cê vai ver, vou te surpreender Se seu pai reclamar, eu faço média com meu sogro Eu grito que te quero posso até ficar bem rouco Por você, por você Eu sou, simples e romântico, pra você Eu não falo eu canto, vou gravar um vídeo E mostrar pro mundo o tanto Tanto que te quero e o tanto que eu te amo Eu sou, simples e romântico, pra você Eu não falo eu canto, vou gravar um vídeo E mostrar pro mundo o tanto Tanto que te quero e o tanto que eu te amo Te levo pro cinema, sei até contar poema Faço do seu jeitinho, te trato com carinho Cê vai ver, vou te surpreender Se seu pai reclamar, eu	Folk
185	Ando devagar, porque já tive pressa Levo esse sorriso, porque já chorei demais Hoje me sinto mais forte, mais feliz, quem sabe? Só levo a certeza de que muito pouco eu sei, Ou nada sei. Conhecer as manhas e as manhãs, O sabor das massas e das maçãs, É preciso amor pra poder pulsar, É preciso paz pra poder sorrir, É preciso a chuva para florir. Penso que cumprir a vida seja simplesmente Compreender a marcha e ir tocando em frente, Como um velho boiadeiro levando a boiada Eu vou tocando os dias pela longa estrada eu vou, Estrada eu sou. Conhecer as manhas e as manhãs, O sabor das massas e das maçãs, É preciso amor pra	Folk
186	Meiga Senhorita Minha meiga senhorita, eu nunca pude lhe dizer Você jamais me perguntou de onde venho e pra onde vou De onde eu venho não importa pois já passou O que importa é saber pra onde vou Minha meiga senhorita o que eu tenho é quase nada Mas tenho o sol como amigo Traz o que é seu e vem morar comigo Uma palhoça num canto da serra será nosso abrigo Traz o que é seu e vem correndo vem morar comigo Aqui é pequeno mas dá pra	Folk
187	A saudade é uma estrada longa Que começa e não tem mais fim Suas léguas dão volta ao mundo Mas não voltam por onde vim A saudade é um estrada longa Que começa e não tem mais fim Cada dia tem mais distâncias Afastando você de mim Tantas foram as vezes Que nos enganamos Outras vezes nos desencontramos Sem nem perceber	Folk
188	Quando uma estrela cai, no escurão da noite, e um violeiro toca suas mágoas. Então os olhos dos bichos, vão ficando iluminados Rebrilham neles estrelas de um sertão enluarado Quando um amor termina, perdido numa esquina, e um violeiro toca sua sina. Então os olhos dos bichos, vão ficando entristecidos Rebrilham neles lembranças dos amores	Folk
189	Diga você me conhece eu já fui boiadeiro Conheço essas trilhas, quilometro, milhas Que vem e que vão Pelo alto sertão Que agora se chama não mais de sertão Mais de terra vendida, civilização Ventos que arrombam janelas E arrancam porteiras Espora de prata riscando as fronteiras Selei meu cavalo, matula no fardo Andando ligeiro um abraço apertado E um suspiro dobrado não tem mais sertão Os caminhos mudam com o tempo Só o tempo muda um coração Segue seu destino boiadeiro Que a boiada foi no caminhão A fogueira a noite Redes no galpão O paieiro, a moda O Mate, a prosa, a saga,a sina,o causo e onça Tem mais não	Folk
190	Intro: D D La vai uma chalana A Bem longe se vai D Navegando no remanso A Do rio Paraguai G Oh! Chalana sem querer D Tu aumentas minha dor A Nessas águas tão serenas D Vai levando meu amor G Oh! Chalana sem querer D Tu aumentas minha dor A Nessas águas tão serenas D Vai levando meu amor E assim ela se foi A Nem de mim se despediu G	Folk
191	Amanheceu, peguei a viola botei na sacola e fui viajar Sou cantador e tudo nesse mundo, vale pra que eu cante e possa praticar. A minha arte sapateia as cordas E esse povo gosta de me ouvir cantar. Amanheceu, peguei a viola botei na sacola e fui viajar Ao meio-dia eu tava em mato grosso, do sul ou do norte, não sei explicar. Só sei dizer que foi de tardezinha, Eu já tava cantando em belém do pará. Amanheceu, peguei a viola botei na sacola e fui viajar Em porto alegre um tal de coronel, pediu que eu musicasse um verso que ele fez. Para	Folk
192	Nestes versos tão singelos Minha bela, meu amor Pra você quero contar O meu sofrer e a minha dor Eu sou como o sabiá Quando canta é só tristeza Desde o gaio onde ele está Eu sou como o sabiá Nessa viola eu canto e gemo de verdade Cada toada representa uma saudade Eu nasci naquela serra Num ranchinho beira-chão Todo cheio de buraco Onde a lua faz clarão Quando chega a madrugada Lá no mato	Folk
193	De onde é que vem esses olhos tão tristes? Vem da campina onde o sol se deita Do regalo de terra que teu dorso ajeita E dorme serena no sereno e sonha De onde é que salta essa voz tão risonha? Da chuva que teima mas o céu rejeita Do mato do medo da perda tristonha Mas que o sol resgata arde e deleita Há uma estrada de pedra que passa na fazenda É teu destino a tua senda onde nascem tuas canções As tempestades do tempo que marcam tua história Fogo que queima na memória e acende os corações Sim dos	Folk
194	Cheguei na beira do porto onde as ondas se 'espaia' As 'garça' da meia-volta e senta na beira da praia E o cuitelinho não gosta, que o botão de rosa caia Ai quando eu vim da minha terra despedir da 'parentaia' Eu entrei no Mato Grosso bem em terras Paraguaias la tinha revolução, enfrentei forte 'bataia'	Folk
195	Intenções e orações, aflições, vamos repartir Pensando bem, quantos sonhos deixamos pra trás Outros, porém, nós tornamos reais Vida bela, linda vida Por que não viver Muito tempo ainda, junto com você Vida bela, linda vida, só quero viver Muito tempo ainda, junto com você Deve existir, um motivo pra continuar Aonde ir, ou	Folk
196	Conte comigo meu amigo se for pra te dar a mão mas se for pra correr perigo que seja boa a razão conte comigo que eu brigo se for esta a condição Pra que a gente realize então aquela velha mas sincera ambição Conte comigo eu te sigo pra enfrentar o castigo ou ter glórias de um campeão. Escute amigo um aviso que eu te	Folk
197	E de sonho e de pó O destino de um só feito eu perdido em pensamento sobre o meu cavalo É de laço e de nó De gibeira ou jiló Dessa vida cumprida a sol Sou caipira pirapora nossa Senhora de Aparecida Que ilumina a mina escura e funda o trem da minha vida Sou caipira pirapora nossa Senhora de Aparecida Que ilumina a mina escura e funda o trem da minha vida O meu pai foi peão Minha mãe solidão meus irmãos perderam-se na vida a custa de aventuras Descasei, joguei investi, desisti Se há sorte eu não sei nunca vi. Sou	Folk
198	Vai boieiro, rio abaixo Vai levando gado e gente O sal grosso e a semente Eh, porto de Corumbá Um amor, toda beleza	Folk
199	Naquele estradão deserto, Uma boiada descia Pras bandas do Araguaia Pra fazer a travessia. O capataz era um velho De muita sabedoria, As ordens eram severas E a pionada obedecia. O ponteiro, moço novo Muito desembaraçado, Mas era a primeira viagem Que fazia nesses lados; Não conhecia os tormentos Do Araguaia afamado, Não sabia que as piranhas Era um perigo danado. Ao chegarem na barranca Disse o velho boiadeiro: Derrubamos um boi n'água Deu a ordem ao ponteiro. Enquanto as piranhas comem Temos que passar ligeiro, Toque logo esse boi velho Que vale pouco	Folk
200	Por mais que tente Não entendo Todo mundo enlouquecendo Quem é que está com a razão E tanta gente ainda lendo Velho e novo testamento Sem compreender a lição Verdade é voz que vem de dentro E mata a sede dos sedentos O pior entre os meus sentimentos De mim foi levado enfim pelo	Folk
201	Não sei tirar você do meu pensamento Em qualquer lugar, a qualquer momento Você chegando vem Vem como um passarinho que fez um ninho Em meu peito e agora não tem mais jeito É aí que acende o meu coração Vem como aquela flor que a gente assopra E flutua mui delicadamente E deixa contente o meu coração Não sei tirar você do meu pensamento Em	Folk
202	Lembro de um velho índio contando histórias De glórias e tragédias que não vivi Quando das estrelas vieram deuses E seus sinais estão por aí Depois de um certo tempo eles foram embora Deixando para trás um povo feliz Mas os portugueses e os espanhóis Invadiram a terra dos Guaranis Então vieram os bandeirantes E os retirantes lá das Gerais. Por muito tempo não houve	Folk
203	Pirilampo vagalume cadê luz pro meu cantar Tanta coisa acontece que carece matutar Pirilampo boiadeiro tange o gado sem saber Que o gado é quem o leva quem é boi não tem querer Vagalume na batéia no garimpo a rolar Oh peneira roda roda me ajuda a encontrar A pepita que permita dessa lida eu repousar È debaixo	Folk
204	Azul do céu brilhou E o mês de maio, enfim chegou Olhos vão se abrir, pra tanta cor É mês de maio, a vida tem seu resplendor A luz do sol entrou Pela janela, me convidou Pra tarde tão bela, e sem calor É mês de maio, saio e vou ver o sol se pôr Horizonte, de aquarela, que ninguém jamais pintou E um enxame, de estrelas, diz que o	Folk
205	Amanhã, bem de manhã Vou sair caminhando ao léu Só vou seguir na direção de uma estrela que eu vi no céu Pra que fingir que não devo ir Caminhos me levem aonde quiserem Se meus pés disserem que sim Vejo alguém seguindo além Eu aceno com meu chapéu Pois tanto faz donde ele vem Pode ser algum menestrel Que vai e vem Sempre sem ninguém Caminhos te levem aonde puderem Se teus pés quiserem assim	Folk
206	"Contar estrelas, constelações, Medir nos céus imensidões, Faz aumentar nossa solidão. Profetas vêm, prometem mais Pra quem disser ""Amén""! Mas tempos tão globais, Têm seus poréns, nada virtuais. Já se escreveu que falsos Messias Com novas magias vamos ver. Não há crença sem recompensa, Nem superstições tornam intensas as diferenças,"	Folk
207	Ê, Brasil, poeira Estradas de chão, violas, bandeiras Terra de Tom, Tonico e Tião, E Nossa Senhora, a Padroeira Ê, paixão, primeira E os sertões, nação das estrelas Se o dia é luz, e a noite seduz O coração, abre as porteiras Quando o galo cantar nos quintais do brasil E o sol clarear nosso chão	Folk
208	Se eu fosse um passarinho Queria voar no espaço E pousar devagarinho Nas voltinhas dos seus braços Queria sentir seu carinho Pra aliviar a dor que passo Queria te dar um beijinho E depois um forte abraço Depois que você partiu Minha vida é sofrer Me escreva sem demora Que estou louco pra saber O lugar que você mora Também quero lhe escrever Marcando pra qualquer hora Um encontro	Folk
209	Ana Bonita, meu coração é seu Pode crer Não tenha medo não, da ilusão A vida nos juntou por querer Sina esta fez renascer Fica aflita não, meu amor Tenha esta emoção seu valor Se toda lição fosse igual Valeria então aprender Ana Bonita, procure entender Quem eu sou Isso é bem pra lá da razão Força da paixão transformou Sentimento em canção Nem o tempo fez esquecer Nem	Folk
210	Não sei tirar você do meu pensamento Em qualquer lugar, a qualquer momento Você chegando vem Vem como um passarinho que fez um ninho Em meu peito e agora não tem mais jeito É aí que acende o meu coração Vem como aquela flor que a gente assopra E flutua mui delicadamente E deixa contente o meu coração Não sei tirar você do meu pensamento Em	Folk
211	Ana Raio e Zé Trovão diz a sabedoria Tudo o que acontece hoje aconteceu um dia Se esse mundo é o nosso pai o tempo é a magia Que nos mostra a direcão sem medo nem poesia Viver é a nossa alegria, seguir é a nossa missão E tudo se resume estar aqui um dia Noutro dia não Ana Raio e Zé Trovão Ana Raio e Zé Trovão mulher e valentia Um conhece a direcão o outro a estrela guia Um caminha pela luz o outro se alumia São as cores do destino	Folk
212	A saudade é uma estrada longa Que começa e não tem mais fim Suas léguas dão volta ao mundo Mas não voltam por onde vim A saudade é um estrada longa Que começa e não tem mais fim Cada dia tem mais distâncias Afastando você de mim Tantas foram as vezes Que nos enganamos Outras vezes nos desencontramos Sem nem perceber	Folk
213	Paixões que não desaguam no prazer São rios que cansei de percorrer Amigos convém pra não irmos além De um só querer bem Liçoes que não nos levam ao saber São livros que desisto de reler Histórias assim nem começam nem têm fim Nem é bom ou ruim Tanto que choveu Tanto que molhou Coração se encheu de amor e transbordou Água que correu ribeirão levou	Folk
214	Amanheceu, peguei a viola botei na sacola e fui viajar Sou cantador e tudo nesse mundo, vale pra que eu cante e possa praticar. A minha arte sapateia as cordas E esse povo gosta de me ouvir cantar. Amanheceu, peguei a viola botei na sacola e fui viajar Ao meio-dia eu tava em mato grosso, do sul ou do norte, não sei explicar. Só sei dizer que foi de tardezinha, Eu já tava cantando em belém do pará. Amanheceu, peguei a viola botei na sacola e fui viajar Em porto alegre um tal de coronel, pediu que eu musicasse um verso que ele fez. Para	Folk
215	Se eu fosse um passarinho Queria voar no espaço E pousar devagarinho Nas voltinhas dos seus braços Queria sentir seu carinho Pra aliviar a dor que passo Queria te dar um beijinho E depois um forte abraço Depois que você partiu Minha vida é sofrer Me escreva sem demora Que estou louco pra saber O lugar que você mora Também quero lhe escrever Marcando pra qualquer hora Um encontro	Folk
216	Se eu fosse um passarinho queria voar no espaço E sentar devagarinho nas voltinhas dos seus braços Pra gozar dos seus carinhos e aliviar a dor que eu passo Queria te dar um beijinho e depois um forte abraço Tu partiu e me deixou numa negra ansiedade Sofrendo tanta amargura e chorando de saudade Meu coração não resiste pra dizer mesmo a verdade Para mim já não existe a tal de	Folk
217	Depois da curva da estrada Tem um pé de araçá Sinto vir água nos olhos Toda vez que passo lá Sinto o coração flechado Cercado de solidão Penso que deve ser doce A Fruta do coração Vou	Folk
218	Ana Bonita, meu coração é seu Pode crer Não tenha medo não, da ilusão A vida nos juntou por querer Sina esta fez renascer Fica aflita não, meu amor Tenha esta emoção seu valor Se toda lição fosse igual Valeria então aprender Ana Bonita, procure entender Quem eu sou Isso é bem pra lá da razão Força da paixão transformou Sentimento em canção Nem o tempo fez esquecer Nem	Folk
219	Já vai e vem o verão E eu como se fosse de praxe Faço logo uma canção Pra que a gente relaxe Toda estação é boa Desde que a gente assim ache Eu fiz uma canção que voa É quase uma pintura à guache Não tenham medo de dizer que voces também ouvem os sinos Sinos esses	Folk
220	Dezembro vai, Janeiro vem O tempo passa veloz como um trem No rádio a noticia, um amigo se foi Atrás dos mistérios que sempre buscou Mais uma pra estrada, mais um fim de show Ao som das guitarras do bom rock n' roll O tempo trás suas lições E as grava em nossos corações Contando a história	Folk
221	Beira mar, beira mar novo Foi só eu é que cantei Ô beira mar, adeus dona Adeus riacho de areia. Eu não moro mais aqui Nem aqui quero morar Ô beira mar, adeus dona Adeus riacho de areia Moro na casca da lima No caroço do juá Ô beira mar, adeus dona Adeus riacho de areia Arriscando minha vida Numa canoa furada Ô beira mar, adeus	Folk
222	Seu bicho preguiça Descança no galho Se agarra no pau Barriga pra cima Cabeça pra baixo É fera no topo É um animal Deixa lá, Deixa lá, Deixa lá Tatu bicho doido Pensa que é xarango E começa a	Folk
223	A Ele foi levando boi, um dia ele se foi no rastro da boiada D A poeira é como o tempo, um véu, uma bandeira, tropa viajada A Foram indo lentamente, calmos e serenos, lenta caminhada D E sumiram lá na curva, na curva da vida, na curva da estrada E7 E depois dali pra frete, não se tem notícias, não se sabe nada A G Nada que dissesse algo D A/E De boi, de boiada, de peão de estrada C G/G Disse um viajante, história mal contada Bb D/A C Ninguém viu, nem rastro, nem homem, nem nada A Isso foi há muito tempo, tempo em que a tropa ainda viajava D Com seus fados e pelegos no rangeu do arreio ao romper da aurora A Tempos de estrelas cadentes, fogueiras ardentes, ao som da viola D Dias e meses fluindo,	Folk
224	Vai boieiro, rio abaixo Vai levando gado e gente O sal grosso e a semente Eh, porto de Corumbá Um amor, toda beleza	Folk
225	Ê, Brasil, poeira Estradas de chão, violas, bandeiras Terra de Tom, Tonico e Tião, E Nossa Senhora, a Padroeira Ê, paixão, primeira E os sertões, nação das estrelas Se o dia é luz, e a noite seduz O coração, abre as porteiras Quando o galo cantar nos quintais do brasil E o sol clarear nosso chão	Folk
226	INSTRUMENTAL Encosta sua cabecinha, no meu ombro e chora, E conta logo suas mágoas todas para mim. Quem chora no meu ombro eu juro, que não vai embora, Que não vai embora, que não vai embora. Quem chora no meu ombro eu juro, que não vai embora, Que não vai embora, porque gosta de mim. Amor, eu quero o seu carinho, Porque, eu vivo tão sozinho. Não sei se a saudade fica ou se ela vai embora, Se ela vai	Folk
227	"Cabelo loiro vai lá em casa passear Vai vai cabelo loiro Vai ""cabá"" de me matar [2x refrão] Quem diz que bala mata, bala não mata ninguém A bala que mais me mata é o desprezo do meu bem (Refrão) Casa de pobre é ranchinho, casa"	Folk
228	Cai sereno cai Na rama da mandioquinha Cai sereno cai Na rama da mandioquinha Eu joguei água de cheiro, oi No colo da moreninha Eu joguei água de cheiro, oi No colo da moreninha Morena, morena Bonitinha como a flor do manacá Eu quero dormir, ajeita morena O colo pra mim deitá Cai sereno cai Na rama da mandioquinha Cai sereno cai Na rama da mandioquinha Eu joguei água de cheiro, oi No colo da moreninha Eu joguei água de cheiro, oi No colo da moreninha Tem pena, tem pena Vim de longe, me cansei de viajá Ajeita morena, ajeita morena O colo pra mim deitá Cai sereno cai Na rama da mandioquinha Cai sereno cai Na rama da mandioquinha Eu joguei água de cheiro, oi No colo da	Folk
229	Amanhã, bem de manhã Vou sair caminhando ao léu Só vou seguir na direção de uma estrela que eu vi no céu Pra que fingir que não devo ir Caminhos me levem aonde quiserem Se meus pés disserem que sim Vejo alguém seguindo além Eu aceno com meu chapéu Pois tanto faz donde ele vem Pode ser algum menestrel Que vai e vem Sempre sem ninguém Caminhos te levem aonde puderem Se teus pés quiserem assim	Folk
230	Canoa foi rio acima Canoa não volta mais Foi só um sonho bonito E a vida não volta atrás Na hora de ir embora Eu chorei, você chorou Canoa foi rio acima Foi levando o nosso amor Levou o som da viola E foi indo embora E nunca voltou Só não levou	Folk
231	Canta Viola Que eu canto contigo Meu coração é um Eterno bandido Não deixe que o vento Te sopre ao perigo Um homem passou por mim Em busca de seu reinado Levava o cabelo ao	Folk
232	É madrugada e eu na beira da estrada A lua cheia minguava e de repente apareceu um cavaleiro de bota e chapéu de couro, Me lembrando o velho mouro E lá fiquemo ele mais eu. Cruzou os pés, apeou do seu cavalo, Deixou a rédia num talo de uma roseira sem flor Diz que seguia pelo mundo solitário e Quebrava todo galho apartando a dor Quem não ouviu falar, Quem não quis conhecer Aquele cavaleiro que vive pelas fronteiras Divulgando a reza brava do Capim de ribanceira Enquanto	Folk
233	Vem o vento e vai Passando pelas folhas Varre o céu e vê o Cavaleiro do Luar Eu criança No batente da porteira	Folk
234	Cavalo Preto Tonico e Tinoco Composição: Indisponível Tenho meu cavalo preto Com o nome de ventania Um laço de doze braça Do couro de uma novilha Tenho um cachorro bragato Que é pra minha companhia Sou um caboclo folgado Ah, eu não tenho familía Quando monto meu cavalo Eu viajo o dia inteiro Vou de um estado para outro Eu não tenho paradeiro Quem quiser ser meu patrão Que ofereça mais dinheiro Eu sou muito conhecido Por esse brasil inteiro	Folk
235	Tenho meu cavalo zaino Que na raia é corredor Já correu quinze carreira Todas quinze ele ganhou Eu sorto na quadra e meia Meu zaino vem no galope Chega três corpo de frente Nunca precisa chicote Oi, que cavalo bão... Oi, que cavalo bão... Tenho meu cavalo zaino Que na raia é corredor Já correu quinze carreira Todas quinze ele ganhou Quiseram comprar meu	Folk
236	Intro: D D La vai uma chalana A Bem longe se vai D Navegando no remanso A Do rio Paraguai G Oh! Chalana sem querer D Tu aumentas minha dor A Nessas águas tão serenas D Vai levando meu amor G Oh! Chalana sem querer D Tu aumentas minha dor A Nessas águas tão serenas D Vai levando meu amor E assim ela se foi A Nem de mim se despediu G	Folk
237	Am debulhar o trigo G C G F C F recolher cada bago do trigo C F C F G C D forjar do trigo o milagre do pão G C D e se fartar de pão Am decepar a cana G C G F C F recolher a garapa da cana C	Folk
238	D G D Nossa viagem não é ligeira, ninguém tem pressa de chegar G D A nossa estrada, é boiadeira, não interessa onde vai dar G D G D Onde a Comitiva Esperança, chega já começa a festança A D A D A D Através do Rio Negro, Nhecolândia e Paiaguá A D A D A D A Vai descendo o Piqueri, o São Lourenço e o Paraguai D G D Tá de passagem, abre a porteira, conforme for pra pernoitar A D Se a gente é boa, hospitaleira, a Comitiva vai tocar G D7 G Moda ligeira,	Folk
239	Montado a cavalo, cortando o estradão, Assim é a vida que leva um peão, Não tenho morada, não tenho rincão, E não tenho dona no meu coração. Montar burro bravo, é minha paixão, Não encontro macho que jogue eu no chão, Pra jogar um laço, também sou dos bons, Em qualquer rodeio eu sou campeão ! Ai, como é bom viver sozinho no mundo, Sem nada pensar, O Sol vem saindo, eu já vou partindo, E, quando anoitece, estou noutro lugar, O Sol vem saindo, eu já vou partindo, E, quando anoitece, estou noutro	Folk
240	Não quero andar sozinho por estas ruas Sei do perigo que nos rodeia pelos caminhos Não há sinal de sol, mas tudo me acalma No seu olhar Não quero ter mais sangue morto nas veias Quero o abrigo do teu abraço que me incendeia Não há sinal de cais, mas tudo me acalma No seu olhar Você parece comigo Nenhum senhor te acompanha Você também se dá um beijo, dá abrigo Flor nas janelas da casa	Folk
241	Cubanita me lembro bem Que foi paixão à primeira vista Voce era dentre todas A mais bonita Admita que quando voce me viu Sentiu coisa parecida Me olhou com aqueles olhos De bandida Fez amor como bailarina Me beijou me enlouqueceu Mas chorou feito uma menina Quando amanheceu Senhorita voce fugiu Daquela ilha socialista Algum barbudão te deu visto de turista Mas assim que chegou aqui Caiu na farra capitalista Andava de limusine com motorista Hermanita sabemos bem Foi tão bom quanto tinha	Folk
242	Cheguei na beira do porto onde as ondas se 'espaia' As 'garça' da meia-volta e senta na beira da praia E o cuitelinho não gosta, que o botão de rosa caia Ai quando eu vim da minha terra despedir da 'parentaia' Eu entrei no Mato Grosso bem em terras Paraguaias la tinha revolução, enfrentei forte 'bataia'	Folk
243	A cigana sorriu Com seus dentes de ouro Ao ler minha sorte Linhas na palma da mão Para sempre serão Meu passaporte Minha mãe me falou Sobre a cruz de Jesus Das chagas dos cortes E meu pai me entregou seu facão guarani E apontou para o norte E eu segui Quero viver Muito além das fronteiras Dos que só sabem ser Pedras de atiradeira Eu devia saber Que de certa maneira Não seremos jamais Mais que grãos de poeira No céu Era um d de destino Um e de esperança Ou de encruzilhada Era um n de nunca Ou quem sabe de nuvens E um dia ela passa Tantas vezes me vi Tendo que decidir entre o nada e o nada Mas quem leva a certeza No meio do peito Não teme a empreitada Que virá A seguir Quero viver Muito além	Folk
244	"(""conversa dos cumpadre"") No progresso do Brasír Com a vinda dos caminhão Num subiro mais a serra Os carrero do sertão Eu sei que muitos carrero Com bem dor no coração Deixaro de carreá Pra guiá o caminhão Os baruio dos motor Bem depressa foi crescendo Os carro foro parando E a cantiga foi morrendo Eu me alembro cum sôdade Do meu carro que cantava Puxado por oito boi De tanto me orguiava Sustentei por muitos ano A muié cum a"	Folk
245	A D A D É necessário, você preparar A D A Seu amor, arrumar sua cama D A A7 Acender sua chama D E A A7 Para me receber essa noite D E A A7 Para não pretender mais que sou D E A A7 D Para se proteger, disso tudo seu pavor E A Ninguém vai nos fazer mal A A7 D Quando você cai dentro E A Do meu coração A7 D É como se o sol e a lua E A Se esparramassem pelo chão…………..2x A D	Folk
246	O destino aqui me trouxe,cantar pra voces eu vou Eu só trouxe coisa boa, foi meu sertão quem mandou No Lugar que tem tristeza , eu vou levar alegria Vou levar sinceridade onde existe hipocrisia No lugar que tem mentira eu vou levar a verdade Vou levar amor sincero, onde existe falsidade Quando eu daqui sair...Voces vão sentir saudade A terra hoje balança Vou aguentar o balanço Quem espera sempre alcança Eu espero e não me canso Cantando a gente avança Para depois ter descanso Cheguei trazendo esperanças Cantando em tempo de avanço Vou soltar o inocente, não tem culpa	Folk
247	Emoção, Os rios falam pelas cachoeiras. E por paixão, Os peixes nadam contra a correnteza. Sim ou Não, As dúvidas protegem as certeza. Tudo é um rio refletindo a paisagem, Espelho d'água levando as imagens pro mar. Cada pessoa levando um destino, Cada destino levando um sonho E sonhar é a arte da vida Sonhar nas sombras de um jardim Nas noites de lua que não tem fim Estações, As flores falam pela primavera. Eu quero te dizer, meu grande amor, Amar é como abrir uma janela. Sol é Luz, E a luz é o que	Folk
248	Bota de couro surrada Cheiro de boi ou viola Sonhos guardados na mente Com lábios de doce melaço Pra todo canto que fosse Vivendo da cantoria Muito mais que dinheiro Buscava farra e forria Não quis ser o melhor Sossego trago de longe Não sou louco poeta Nem sou profeta ou monge Mas viajar, viajei Viajar, viajei Viajar, viajei Carro	Folk
249	Por causa de você viola, quem diz que me adora quer me abandonar Por ciúme vive a me dizer pra eu escolher com quem vou ficar Gosto dela e vou sofrer muito, mas este absurdo jamais eu aceito E prefiro chorar o adeus de quem me conheceu com a viola no peito Viola eu me lembro ainda ela estava tão linda naquela janela E você com seu ponteado tão apaixonado foi quem me deu ela Por isso não	Folk
250	Lua cheia e viola pontiada Eu comparo a rosa sem espinho Trago o vinho e vai Começar a ceia Suas teias da baba da aranha E assanha essa tal moça bonita Ai! No meu peito brota aflita A flor do amor Ai! A flor do amor Madrugada o orvalho vai caindo Rega o verde que forma minha vida Pico a ponta do seio da menina Me alucina o prazer	Folk
251	Repara a maneira dela andar Sandália de nuvens, balanço do mar Vem pelo caminho, parece voar Vento venta só pra te levar A lua passeia no morro do Vidigal Ela se penteia no rancho do seu quintal Espelho da vida ao fundo se vê Luzes do baixo esperando você Minha flor do Vidigal Vento leva, vento traz No balanço dos coqueiros Nas varandas e quintais Minha flor do Vidigal Vento	Folk
252	eu fui pra lá e não volt mais pra ca por que sou nobro eeee oooooo eu fui pra lá e não volt mais	Folk
253	Morena do meu apreço Desconheço o que é cansaço Feito nuvem de poeira apareço e me desfaço Atrás do seu endereço Que na carta veio errado E viro o mundo pelo avesso, Morena dos meus pecados Na fogueira do teu beijo Eu me queimo de bom grado Se foi tão bom no varejo Imagina no atacado, morena Que nem caneta em mão inspirada Vai deslizando igual queda d'água Açoitando o vento eu vou seguir	Folk
254	Há tanta coisa, tanta coisa pra aprender A por mais que se aprenda pouco se chega a saber E num momento de pura reflexão Percebo que nada existe além da lei da criação Por mais que eu leia e procure descobrir Por mais que eu creia e procure refletir É bem	Folk
255	Ana Raio e Zé Trovão diz a sabedoria Tudo o que acontece hoje aconteceu um dia Se esse mundo é o nosso pai o tempo é a magia Que nos mostra a direção sem medo nem poesia Viver é a nossa alegria, seguir é a nossa missão E tudo se resume estar aqui um dia Noutro dia não Ana Raio e Zé Trovão Ana Raio e Zé Trovão mulher e valentia Um conhece a direcão a outra a estrela guia Um caminha pela luz e a outra se alumia São as cores do	Folk
256	Acender a luz, iluminar Vem chegado a hora De tudo enfim se clarear Na lida dos dias meus Que só querem ver o vento E viajar Voar, voar no som Porque será que o pensamento Esse eterno viajante Nos carrega a todo instante? Sempre a	Folk
257	Quem chegou primeiro Veio do estrangeiro E os tupiniquins Receberam lindos presentes De pedras baratas, porém Vício bateu Índios ateus, desce então Tudo que se sonha E liberta as asas da imaginação É o que se pratica Nas ondas do tempo Nos astros e lendas Longe do chão Índios ou	Folk
258	Quem chegou primeiro Veio do estrangeiro E os tupiniquins Receberam lindos presentes De pedras baratas, porém Vício bateu Índios ateus, desce então Tudo que se sonha E liberta as asas da imaginação É o que se pratica Nas ondas do tempo Nos astros e lendas Longe do chão Índios ou	Folk
259	Bem-te-vi, bem-te-vi Andar por um jardim em flor Chamando os bichos de amor Tua boca pingava mel Bem te quis, bem te quis E ainda quero muito mais Maior que a imensidão da paz Bem maior	Folk
260	De onde é que vem esses olhos tão tristes? Vem da campina onde o sol se deita Do regalo de terra que teu dorso ajeita E dorme serena no sereno e sonha De onde é que salta essa voz tão risonha? Da chuva que teima mas o céu rejeita Do mato do medo da perda tristonha Mas que o sol resgata arde e deleita Há uma estrada de pedra que passa na fazenda É teu destino a tua senda onde nascem tuas canções As tempestades do tempo que marcam tua história Fogo que queima na memória e acende os corações Sim dos	Folk
261	Hoje viemos pra festejar Jesus Menino Não lamentamos, vamos dançar, beber o vinho Homens, mulheres que somos, comemoramos Foi pro seu aniversário que saímos, celebraremos Hoje viemos pra festejar Jesus Menino Então juntamos filhos e pais e tios e primos Desejos que não	Folk
262	Kikiô nasceu no centro Entre montanhas e o mar Kikiô viu tudo lindo Tudo índio por aqui Índia América deu filhos Foi Tupi, foi Guarani Kikiô morreu feliz Deixando a terra para os dois Guarani foi pro sul, Tupi pro norte E formaram suas tribos Cada um em seu lugar Vez em quando se	Folk
263	Agente sempre que conta historia Guardada no coração Coisas que não vão embora Ou sombras de uma recordação Algum lugar nas curvas da vida Onde o amor perdido ficou Palavras de uma voz tão	Folk
264	Quando você dorme longe de mim Parece que a noite não vai ter fim Sempre que meu sono demora a chegar Parece que o sol não quer mais raiar. Chega de tanto faz Deixa de vai, não vou Você não me liga mais Nem pra dizer alô Vai que você me liga um dia E eu digo que não to. Sou navegante querendo voltar Seja meu farol, minha estrela	Folk
265	Queimo nesta chama Neste imenso fogaréu Pesa em minhas costas Tanto medo e aflição Não, não me queima Olha as velas, Olha o fogo Olha o lobisomem Entre a luz, cruz e a lua cheia Lá vem a procissão Ladainhas, hóstias, véus e vils Neste grande porre, Cresce a reza	Folk
266	Mais um verão Já lá se vai a sumir Por entre os dedos Da minha mão E nada guardei Pra mim E a geração Que a tudo fez consumir Volta a temer professias De astros em conjunção Será que chegou o fim? Por moedas de ouro e prata Quanta gente ainda se mata, ai, ai Êta véio mundo louco Não quer mais	Folk
267	Nada é mais real Que aprender maneira simples de viver Tudo é tão normal Se a gente não se cansa nunca de aprender Sempre olhar como se fosse a primeira vez Se espantar como criança a perguntar porquês Vamos flutuar em um balão Que sobrevoa o amanhecer Vamos navegar Entre os navios	Folk
268	Meiga Senhorita Minha meiga senhorita, eu nunca pude lhe dizer Você jamais me perguntou de onde venho e pra onde vou De onde eu venho não importa pois já passou O que importa é saber pra onde vou Minha meiga senhorita o que eu tenho é quase nada Mas tenho o sol como amigo Traz o que é seu e vem morar comigo Uma palhoça num canto da serra será nosso abrigo Traz o que é seu e vem correndo vem morar comigo Aqui é pequeno mas dá pra	Folk
269	Quando ouço na chapada O tinir da canga e do carretão Sinto por dentro umas pontadas Que dor no coração É que esse canto em eras passadas Representava uma aliança Entre os cascos na poeira da estrada E meus sonhos de criança O canto da passarada Com o carro duetava O azul do céu com a terra Naquele instante se encontrava O orvalho da manhã Era cristal na luz do dia Até parecia o amor Ardente do zóio de Maria Ê tempo que foi Te guardo no coração Ê carro de boi Sumiste no estradão Ê tempo que foi Te guardo no coração Ê carro de boi Sumiste no estradão Hoje tenho as mãos calejadas Meu trabalho é duro e cruel Só me restou uma sorte marvada Boi de canga	Folk
270	Azul do céu brilhou E o mês de maio, enfim chegou Olhos vão se abrir, pra tanta cor É mês de maio, a vida tem seu resplendor A luz do sol entrou Pela janela, me convidou Pra tarde tão bela, e sem calor É mês de maio, saio e vou ver o sol se pôr Horizonte, de aquarela, que ninguém jamais pintou E um enxame, de estrelas, diz que o	Folk
271	No Mato Grosso Fui a Poconé, Sinop, Cuiabá, Barra do Garças, Alta Floresta, Porto Jofre Também passei Por Várzea Grande, Rondonópolis, Em Barão de Melgaço Eu parei pra pernoitar No Mato Grosso do Sul Tem Três Lagoas, Campo Grande,	Folk
272	Nesse mato grosso Desde os tempos de menino Quando eu comecei a percorrer Os seus caminhos E desse chão eu fiz o meu lugar Nos meus sonhos quis plantar E a colheita há de vir Como as cachoeiras Dos seus rios cristalinos	Folk
273	C F Vou nas asas dessa manhã C F E bons tempos me levarão F C Para Goiás, Minas Gerais e Maranhão F Vai, como quem pra guerra vai C F Que depois eu vou com você C F C F C Vai, pra além daqui, além dali, além de nós F Êta destino mais atrevido Seguir em seguir, seguindo C Por aí feito um cigano F Eu aprendi a ver esse mundo Com meu olhar mais profundo C Que é o olhar mais vagabundo Em F F G Eu ando pelas estradas F A C Quem sabe a gente já se viu Bb C E F G C Por aí, um dia	Folk
274	Mochileira deite comigo essa noite E conte aquela boa velha história De como as noites são claras em Machu Pichu E os dias dourados na Califórnia Moça eu não vou precisar ler na sua mão Pra saber que você não vai voltar Pra vida maluca das pessoas Do mundo Das formigas tentando se esconder da chuva Dance mochileira que eu toco a guitarra Pedro saiu numa barca pro Nepal Vera estava em Amsterdã Porque não tentar algo mais divertido que casar com executivos E acabar achando excitante A reunião semanal da confraria dos amantes Das delícias da boa velha	Folk
275	Cavaleiro imaginário Cruzo as quatro direções Meu campeio é solitário Vou domando as emoções Que eu já plantei Dentro do peito Mas me sufocam Quando eu me deito E assim nem sei Se vai ter jeito Prisioneiro temporário De castelos e dragões Rasbiquei no meu diário A mais triste das canções Jurei amor perfeito Mas nem sabia Tirar proveito E eu já cansei De andar direito Selei meu rusilho Saí na batalha Faísca e rastilho O meu fogo se espalha Sou rei de quadrilha	Folk
276	Uma morena eu vi De olhos lindos cor do céu Ao sair de uma capela Na mão trazia um lindo véu Era negra e era bela Tinha um corpo de endoidecer Eu fiquei apaixonado Sem sequer a conhecer Fui pro rancho muito triste Na morena eu pensava E então pelo caminho Uma canção improvisava Morena, minha morena Teu olhar é que me mata Só por ti, minha morena Vivo triste aqui na mata Vivo triste, abandonado Sem carinho, sem amor Meu coração já não bate Por sofrer tamanha dor Nada tenho neste mundo A não ser onde morar Tenho meu ranchinho velho Que pra dois há de chegar O presente que eu te dou	Folk
277	Meu coração tá pisado como a flor que murcha e cai Pisado pelo desprezo De um amor quando desfaz Deixando triste a lembrança Adeus para nunca mais Moreninha linda do meu bem querer É triste a saudade longe de você O amor nasce sozinho não é preciso plantar O amor nasce no	Folk
278	Tava aqui pensando eu Com a minha violinha Se vida é bem melhor Se levar sozinha Do amor eu não entendo Não é coisa minha Tava aqui pensando eu Com a minha meninice Esse disse que me disse Não nos faz feliz Tudo isso é muito triste Não fui	Folk
279	Vinha andando pela estrada, sozinho de pé no chão A cada passo que eu dava, tristeza e solidão Meus pensamentos perdidos, nos anos que já vivi Tudo o que passei, tudo o que já sofri E os pés no pó da estrada, deixavam no meu caminho A esperança apagada, neste caminhar sozinho O sol que iluminava, logo ia se deitar E procurei um cantinho pra poder me alojar A noite chegou sem lua e de estrelas o céu qualhou Lembrei de quem mora na rua, mas por fim o sono chegou Sonhei que encontrei um tesouro Sem preço pra ninguém comprar, algo puro e eterno Paz e luz no meu caminhar No sonho eu caminhava, quando do nada surgiu Um amigo muito alegre que me falou e sorriu Por que sofres companheiro? Por que te deixas abalar? se na vida tudo é beleza É só aprender a amar O que te parece hoje só tristeza e solidão com certeza Serão luzes que alegram o coração Pois tens ainda tesouros que deus te deu ao nascer Te deu vida e encanto, te deu força E acalanto que são o ouro do	Folk
280	Na Estrada Do Sonho Agarrei minha mochila Minha viola caipira Carreguei comigo pra espantar a dor Embarquei num carrosel Um valente menestrel Misto de poeta e desbravador Em busca de um paraíso Onde não fosse preciso Matar ou morrer para sobreviver Onde criança não passace fome Onde o homem não matasse o homem Eu caminhava para um lugar que nem sei dizer A viagem eu segui Eu cantava eu sorria A felicidade me acompanhou Com amor e	Folk
281	Calendário tá dizendo Chegou-se o mês de junho E chegou São João Doidão Calendário tá dizendo Chegou-se o mês de junho E chegou São João Doidão Vai, vai ter festa na rua Vai ter traque de véia Na subida do balão Seu Zé Mário é um festeiro Chamou os violeiros Principiando o arrasta-pé Sanfoneiro puxa o fole Nós aqui puxemos um gol De fazer bem busca-pé Acenderam a fogueira A quadrilha pegou fogo Mal a lenha virou brasa Uma morena abriu seu jogo Pras beatas fofoqueira Esta moça é janeleira E não	Folk
282	No Braço Da Viola Trabalhar eu não trabalho Sem dinheiro eu não fico Dou meus pulo por ai Vou juntando os tico-tico Nasci pra ser violeiro Levo a vida de rico Cantando e fazendo modas Não dou bola pra fuchico Se não fosse a viola Eu já tinha abrido o bico Antes não ganhava nada Só vivia trabalhando É no braço da viola Que eu vivo faturando Eu larguei mão de ser trouxa E fazer cama pra malandro Eu já fiz tudo na vida Mas a sorte fracassou Trabalhei de empregado Meu patrão não me pagou eu fui trabalhar na roça Mas São Pedro castigou O que sobrou na	Folk
283	No quintal lá de casa Passava um pequeno rio Que descia lá da serra Ligeiro escorregadio A agua era cristalina Que dava pra ver o chão Ia cortando a floresta Na direção do sertão Lembrança ainda me resta Guardada no coração... E tudo era azul celeste Brasileiro cor de anil Nem bem começava o ano Já era final de Abril O vento pastoreando Aquelas nuvens no céu... Fazia o mundo girar	Folk
284	Senhora dona da casa, bandeira passou Todo ano ela passa, cantando em louvor Porque sempre ela chega e sempre chegou No dia da graça e do nosso senhor A bandeira chegou, chegou, chegou São as cores das fitas, são os cantadores Viola ponteia os nossos louvores O povo da roça chegou, chegou E hoje é dia de reis, dia de reis, dia de reis Um dia da graça outro é do pecador E o perdão é o menino, o menino chegou Para ser nosso rei, nosso redentor Repiquem os sinos, cantemos o hino O menino chegou, chegou, chegou Divino espírito santo,	Folk
285	O carrapicho e a pimenta São sabores são sistemas São tradições despencando É o fantasma ameaçando São novos tempos Sinhá São novos tempos Sinhá Pisei em Rio Brilhante Inté chegar em Dourados Gole ceco, fumo grosso Maracaju,	Folk
286	Venha depressa seja quem for Hoje é seu dia, o mascate chegou Venha, senhora; venha, doutor Mas que não faltem as mocinhas em flor Traga os vestidos de pura chita Rendas, babados e fitas de cor Raros perfumes vindo da França E as belas sedas	Folk
287	Eu hoje acordei pensando Num sonho que eu tive a noite, Sentei-me na cama para pensar No sonho que eu tive No sonho que eu tive No sonho que eu tive Fiquei tanto tempo pensando Em tudo que estive sonhando Que por um momento Pensei ser verdade O sonho que eu tive O sonho que eu tive Sonhei que entrei No quintal do vizinho E plantei uma flor No dia seguinte Ele estava sorrindo, Dizendo que A primavera chegou E quando eu abri	Folk
288	Ceca o gigante do mundo penado Vaga tangido Bradas gemidos Sai derradeiro vivente a voar Cordilheiras passadas na vida Vai e cai e cansa distante Neste	Folk
289	Por mais que tente Não entendo Todo mundo enlouquecendo Quem é que está com a razão E tanta gente ainda lendo Velho e novo testamento Sem compreender a lição Verdade é voz que vem de dentro E mata a sede dos sedentos O pior entre os meus sentimentos De mim foi levado enfim pelo	Folk
290	Quando o sol já corre a se esconder E a noite já se faz sentir Aparecem os velhos temores Coração precisa resistir Não se mata a sede de viver O futuro nunca vai ter fim Nem que seja o sonho dos poetas Tudo aquilo que restou pra mim E que me conduz De repente vem uma canção qualquer Logo nos seduz E a verdade que ninguém podia ver Surge a olhos nus Mas nem tudo é como a gente quer Esse mundo	Folk
291	"Tem relógio hoje em dia Que já nem faz ""tic-tac"" Tem viola que afina E outras são meio ""Mandrake"" Violeiros tem dos bão Mas também tem uns de ""Arake"" Muita gente dá lição Com cultura de almanaque Eu não vou lavar as mãos Que nem fez Pôncio Pilatis Já cantei até no hospício Prá levar a minha arte Entre mil Napoleões Fui eleito Bonaparte Ciúme dessa menina Pirulito que bate-bate Quem gosta de mim é ela Quem gosta dela é a SWAT Os beijo dessa menina Arde mais que Merthiolate O Brasil"	Folk
292	Foi no belo mato grosso a vinte anos atrás Naqueles tempos queridos que não voltam nunca mais Nas matas onde eu caçava um pequeno arbusto achei Levando pra minha casa no meu quintal eu plantei Era um belo pé de cedro pequenino em formação Sepultei suas raízes na terra fofa do chão Um dia eu parti pra longe amei e também sofri Vinte anos se passaram em que distante eu vivi DECLAMADO Pedi pra virgem maria uma prece bem sentida Zelai pelo pé de cedro que um dia eu plantei na vida Quem sabe quando for tarde e alguem	Folk
293	Diga você me conhece eu já fui boiadeiro Conheço essas trilhas, quilometro, milhas Que vem e que vão Pelo alto sertão Que agora se chama não mais de sertão Mais de terra vendida, civilização Ventos que arrombam janelas E arrancam porteiras Espora de prata riscando as fronteiras Selei meu cavalo, matula no fardo Andando ligeiro um abraço apertado E um suspiro dobrado não tem mais sertão Os caminhos mudam com o tempo Só o tempo muda um coração Segue seu destino boiadeiro Que a boiada foi no caminhão A fogueira a noite Redes no galpão O paieiro, a moda O Mate, a prosa, a saga,a sina,o causo e onça Tem mais não	Folk
294	Pirilampo vagalume cadê luz pro meu cantar Tanta coisa acontece que carece matutar Pirilampo boiadeiro tange o gado sem saber Que o gado é quem o leva quem é boi não tem querer Vagalume na batéia no garimpo a rolar Oh peneira roda roda me ajuda a encontrar A pepita que permita dessa lida eu repousar È debaixo	Folk
295	O Sol se foi sem pressa Deixou o céu quase sem luz Até que veio outra estrela Brincar com os meus olhos nus Não soube a resposta certa Assim solidão me	Folk
296	Galo cantou Madrugada na Campina Manhã menina Tá na flor do meu jardim Hoje é domingo Me desculpe eu tô sem pressa Nem preciso de conversa Não há nada prá cumprir Passar o dia Ouvindo o som de uma viola Eu quero que o mundo agora Se mostre pros bem-te-vi Mando daqui das bandas do rural lembranças Vibrações da nova hora Prá você que não tá aqui Amanhecer é uma lição do universo Que nos ensina Que é preciso renascer O novo amanhece O novo amanhece	Folk
297	Qui m´importa, qui m´importa O seu preconceito qui m´importa Você diz que eu sou muito esquisito E eu às vezes sinto a sua ira Mas na verdade assim é que eu fui feito É só o jeito de um rapaz caipira Qui m´importa, qui m´importa O seu preconceito qui m´importa Se você quer maiores aventuras Vá prá cidade grande qualquer dia Eu sou da terra	Folk
298	Se proteja moço Que essa noite o frio Vem cortando a alma Vem que vem no cio Vão se ouvir ao longe Um mundo de gritos Da dança dos lobos Um rasta bonito Se você conhece Você é um lobo Que saiu das matas Pra jogar o jogo Mas na lua cheia Você fica aflito Sai na janela E uiva bonito Iêiê.... Ao dar meia-noite Seu olhar em brasa Olha para a lua No teto da	Folk
299	Vem chegando a hora Hora de ir embora, eu agora vou Rever a morena Que ficou com a cena, cena que passou Se ficar saudade Deixa que mais tarde ela também vai Como vai a vida? Vou tocando em frente sem olhar pra trás Coisas que acontecem Deixa que eu lhe diga, nada me cansou Não senti fadiga Porque gente amiga só me traz calor Se eu tô indo embora Não vai ser agora que se vai sofrer Deixa que mais tarde Na curva da estrada a gente se vê Se eu deixo saudade Vou levar também Ter que ir embora Todo mundo tem Vem chegando a hora Hora de ir embora, eu agora vou Rever a morena Que ficou com a cena, cena que passou Se ficar saudade	Folk
300	Conte comigo meu amigo se for pra te dar a mão mas se for pra correr perigo que seja boa a razão conte comigo que eu brigo se for esta a condição Pra que a gente realize então aquela velha mas sincera ambição Conte comigo eu te sigo pra enfrentar o castigo ou ter glórias de um campeão. Escute amigo um aviso que eu te	Folk
301	Num bar de Ribeirão Preto eu vi com meus olhos esta passagem Quando champanha corria a rodo, nas altas rodas da grã-finagem Nisso chegou um peão trazendo na testa o pó da viagem Pediu uma pinga para o garçom, que era pra rebater a friagem Levantou um almofadinha e disse pro dono não tenho fé Quando um caboclo que não se enxerga, num lugar desses vem por os pés Senhor que é o dono da casa não deixe entrar um homem qualquer Principalmente nessa ocasião que está presente o rei do café Foi uma salva de palmas gritaram vivas pro fazendeiro Que tem um milhão de pé de café por este rico chão	Folk
302	O rio de Piracicaba vai jogar água pra fora Quando chegar a água dos olhos de alguém que chora La na rua onde eu moro só existe uma nascente A nascente dos meus olhos ja formou agua corrente Pertinho da minha casa ja formou uma lagoa com a lagrima dos meus olhos por causa de uma pessoa O rio de Piracicaba vai jogar água pra fora Quando chegar a água dos olhos de alguém que chora	Folk
303	E de sonho e de pó O destino de um só feito eu perdido em pensamento sobre o meu cavalo É de laço e de nó De gibeira ou jiló Dessa vida cumprida a sol Sou caipira pirapora nossa Senhora de Aparecida Que ilumina a mina escura e funda o trem da minha vida Sou caipira pirapora nossa Senhora de Aparecida Que ilumina a mina escura e funda o trem da minha vida O meu pai foi peão Minha mãe solidão meus irmãos perderam-se na vida a custa de aventuras Descasei, joguei investi, desisti Se há sorte eu não sei nunca vi. Sou	Folk
304	Se queres compreender o que é saudade Terás que antes de tudo conhecer Sentir o que é querer e o que é ternura E ter por bem um grande amor viver Então compreenderás	Folk
305	Atirei minha semente Na terra onde tudo dá Chuva veio de repente Carregou levou pro mar Quando as águas foram embora Plantei sonhos no chão Mais demora minha gente Ter na hora um verde puro Ou dar fruto bem maduro Um pomar Meu adubo foi amor Esperança o regador Bem na hora da colheita Lá se vai a ilusão Foi geada e a seca me Queimando a floração Me	Folk
306	Lembro de um velho índio contando histórias De glórias e tragédias que não vivi Quando das estrelas vieram deuses E seus sinais estão por aí Depois de um certo tempo eles foram embora Deixando para trás um povo feliz Mas os portugueses e os espanhóis Invadiram a terra dos Guaranis Então vieram os bandeirantes E os retirantes lá das Gerais. Por muito tempo não houve	Folk
307	"Contar estrelas, constelações, Medir nos céus imensidões, Faz aumentar nossa solidão. Profetas vêm, prometem mais Pra quem disser ""Amén""! Mas tempos tão globais, Têm seus poréns, nada virtuais. Já se escreveu que falsos Messias Com novas magias vamos ver. Não há crença sem recompensa, Nem superstições tornam intensas as diferenças,"	Folk
308	Ai sodade Ai sodade Ai sodade matadeira Quando caço e que não acho Meu benzinho em minha beira No cercado da cancela Ia me encontrar com ela E passava a tarde inteira Um tantão de tempo A nós se olha Ai ai, ai ai, ai ai, ai ai Ela era bonitinha Ela era engraçadinha Eu chamava ela coisinha Mas povo dela era Mariá Ai	Folk
309	Mato Grosso encerra em sua própria terra Sonhos guaranis Por campos e serras a história enterra uma só raiz Que aflora nas emoções E o tempo faz cicatriz Em mil canções Lembrando o que não se diz Mato Grosso espera esquecer quisera O som dos fuzis Se não fosse a guerra Quem sabe	Folk
310	Toda minha vida esperei você Inventando estórias sempre imaginei Quanto tempo na memória eu te desenhei Te amo em sonhos e é como um lindo amanhecer Toda minha vida pude perceber Que a verdade insiste em aparecer Se as palavras forem ditas e se a gente crer Te amo em sonhos e é Como um livro bom de ler Sei dos	Folk
311	A garça agora Voou, se foi Que parecia um planador E num corixo Eu lavei meus pés De camalote navegador Quando o fundão do mato Se amorenou Então se ouviu o canto Do zabelê E tudo tem a ver Com o pôr do sol Que é quando se estende A rede Em dois pé de pau E a noite vem Pelo Pantanal Quando o dia desativou A noite disse agora Eu sou E veio toda com seu andor De lua nova Cheia de	Folk
312	Ando devagar, porque já tive pressa Levo esse sorriso, porque já chorei demais Hoje me sinto mais forte, mais feliz, quem sabe? Só levo a certeza de que muito pouco eu sei, Ou nada sei. Conhecer as manhas e as manhãs, O sabor das massas e das maçãs, É preciso amor pra poder pulsar, É preciso paz pra poder sorrir, É preciso a chuva para florir. Penso que cumprir a vida seja simplesmente Compreender a marcha e ir tocando em frente, Como um velho boiadeiro levando a boiada Eu vou tocando os dias pela longa estrada eu vou, Estrada eu sou. Conhecer as manhas e as manhãs, O sabor das massas e das maçãs, É preciso amor pra	Folk
313	Mal amanheceu, o galo já cantou Eu saio de mansinho, nem acordo o meu amor Vou tirar o leite, vou tocar o boi Faço o meu serviço, nada deixo pra depois Vou na invernada Pra salgar o cocho Vou levar um guento pra curar um touro mocho Vai o dia inteiro nessa ralação O trabalho é duro, mas também tem diversão Olho no horizonte, vejo o sol se por Volto bem ligeiro	Folk
314	Naquele estradão deserto, Uma boiada descia Pras bandas do Araguaia Pra fazer a travessia. O capataz era um velho De muita sabedoria, As ordens eram severas E a pionada obedecia. O ponteiro, moço novo Muito desembaraçado, Mas era a primeira viagem Que fazia nesses lados; Não conhecia os tormentos Do Araguaia afamado, Não sabia que as piranhas Era um perigo danado. Ao chegarem na barranca Disse o velho boiadeiro: Derrubamos um boi n'água Deu a ordem ao ponteiro. Enquanto as piranhas comem Temos que passar ligeiro, Toque logo esse boi velho Que vale pouco	Folk
315	A De repente lá bem longe E7 Aparece outro lugar Novos campos e horizontes D A Tão ali pra eu passar Trem de ferro, trem de lata E7 Tem alguém a m esperar Não sei se eu que tô indo D A Ou ela quem vai chegar D A Quanta alegria, muito prazer D Tô aqui, vão chegar A casa é sua, pode entrar E7 Meus braços vão te abraçar Há tanto pra plantar A (A) E7 Por aqui A É assim, quando posso E7 Voi aí lhe visitar São dois trilhos me levando D A	Folk
316	Pai, eu sei que pra você eu nunca serei perfeito Só porque as coisas que eu faço nunca são do seu jeito Tudo que eu realizei você acha que foi pura sorte A distância entre nós virou um abismo enorme Se errei varias vezes foi tentando acertar Se te decepcionei vou lutar pra concertar Mas sempre do meu jeito Porque só sei fazer assim Pai, eu sei que pra você eu não valia muito a pena E você não fez tudo que podia fazer por nòs Pai, eu sei que pra	Indie
317	Foi assim que a nossa história começou Pra mim sei muito bem onde estou E ninguém imaginou que podia ser assim Sei que a gente um dia pode voltar a sonhar Nosso limite não existe, não existe mais Mas o dia sempre acaba com a noite Eu juro que eu não vou desistir jamais Vou pensar em você Não vou me importar mais com o que vai ser Livre, solto e leve por aí Buscando uma forma de me divertir Seguindo a minha intuição pra achar a melhor solução Cada arte um	Indie
318	Dê amor Dê paixão Dê espera Dê esperma Dê prazer Dê fogo Dê uma nela De carinho De sacanagem	Indie
319	Gosto de cinema Ponto. Vivo cheio de manias. Tenho uma certa pré-dislexia Às vezes eu surto mesmo. Mudo de assunto. Sumo e não assumo a minha lucidez Pareço moderno a te procurar Caio na balada, admito. Alimento meu espírito com litros de café e saio pra dançar. Sempre quando acordo cedo, crio uma canção maluca ligada ao sonho e ao	Indie
320	Não me implore não quero ver você voltar assim estou cansado de ficar sofrendo com medo de sentir novamente o que eu senti quero sumir e virar pedra eternamente uma pedra Que a minha alma exploda você não ouse vir pedir perdão preciso colocar em ordem o meu discurso contra a vida Eu vou preparar a mesa vazia vou estender seu corpo como uma iguaria vou me servir horrores vou te tomar, te beber com gosto Você não vai sentir mais nada será o fim do desencontro Alguém some por aí quis se	Indie
321	2x Avistei a caminhar sem direção passos largos, salto alto na calçada Ela me ofereceu o seu olhar Ela me ofereceu o seu olhar Madalena Amada Amada Amada Amada Madelena Madalena 2x Atirei a primeira pedra e cantei pra ela três vezes sem pensar Ela me olhou com uma cara de 2x Quero mais que você me cante Quero mais que você me toque Quero mais que você me olhe Quero	Indie
322	Tudo errado Eu sempre fui uma puta disfarçado trago o meu corpo marcado [Refrão] Tudo errado e agora que estou sozinho meu caminho segue em decida espiral como um tobogã	Indie
323	Abrirei as portas dos sonhos Recomeçarei tudo de novo Relerei Alice no País das Maravilhas Pegarei o Yellow Submarine E visitarei Penny Lane Brincarei com o espantalho E o homem de lata (Refrão) Tá aí, uma boa viagem Tá aí, uma longa viagem	Indie
324	"Ontem eu fumei um baseado Estava tão sozinho e tão tranquilo E não me apercebi quando a menina Chegou com seu vestido transadinho Ela me chamou pro disco voador Eu aceitei, não hesitei Eu totalmente ""abseduzido"" Dentro de um compartimento sombrio Parecia uma compota numa lata Uma marmota, um pré recém-nascido Só então eu me dei conta Que estava"	Indie
325	Perdi a decência Ontem eu perdi a noção Perdi a compostura, a cabeça Eu perdi a razão Perdi as chaves do apê E dormi no corredor Naturalmente, eu perdi a moral Com minha mulher e com o zelador Acordei no melhor	Indie
326	Chore seu sorriso louco Vista sua delicadeza Sinta seu corpo em chamas Se eu lhe chamar Bote um padê poderoso Cante uma canção do Cohen Trague comigo essa ponta... e vamos delirar Que eu só saio dessa cama Que eu só saio dessa cama Que eu só saio dessa cama Quando você me disser Decidida Que me ama Dispa-se delicadamente Diz para mim o que pega Não se apegue ao	Indie
327	Oh! Oh! Oh! Oh! Oh! Oh! Oh! Oh! É pelo barulho da chave na porta Que eu saco que ela chegou É pelo som do salto no taco Que eu sei se ela está de bom humor Se tá meu	Indie
328	Meu livro mais vendido foi tu Minha música mais tocada foi você Meu filme mais falado foi nosso	Indie
329	Aspirar condicionado Respirar condicionado Resfriar condicionado Espirrar condicionado Nas	Indie
330	Quando o sol Brincar no outono Sentirá no meu sorriso. E com um beijo roubado Em segredo Saberás que eu te admiro Com amor...	Indie
331	Dois passos tortos me carregam rumo ao paraíso Cavei o meu buraco pleno cheio de explosivos No fundo da minha cartola jazz vive o seu destino Provei um gole da sua morte foi prova de carinho Eu sei que você sabe bem E não pode esconder Seu amor fala alto e grita de ódio de ser por mim Eu cantei pra você Não vou mais me esconder Nunca falei de amor, demorou, pavorou, pode crer Sou da turma do oriente Bem mais bin	Indie
332	Chore seu sorriso louco Vista sua delicadeza Sinta seu corpo em chamas Se eu lhe chamar Bote um padê poderoso Cante uma canção do Cohen Trague comigo essa ponta... e vamos delirar Que eu só saio dessa cama Que eu só saio dessa cama Que eu só saio dessa cama Quando você me disser Decidida Que me ama Dispa-se delicadamente Diz para mim o que pega Não se apegue ao	Indie
333	Dê amor Dê paixão Dê espera Dê esperma Dê prazer Dê fogo Dê uma nela De carinho De sacanagem	Indie
334	Perdi a decência Ontem eu perdi a noção Perdi a compostura, a cabeça Eu perdi a razão Perdi as chaves do apê E dormi no corredor Naturalmente, eu perdi a moral Com minha mulher e com o zelador Acordei no melhor	Indie
335	Atecno quitá tem que tê tem quetá Quetem que tecnologia Eu não domino a tecnologia da sonoplastia Eu não domino a tecnologia da monogamia Eu não domino a tecnlogia de fazer sexo virtual Eu não domino a tecnologia do intelecto gestual E se eu dominasse a tecnologia Eu des des des des des des descontruíria Se eu dominasse a tecnologia Eu des des des des des des descontruíria O gene da genialidade O gene da banalidade O gene da mediocridade Bananas pra	Indie
336	Se alguém morasse ali Não dá mais Nada vai Simular	Indie
337	Eu vou te esquecer Perder a memória E deixar de pensar Eu vou perder a mente Congelar o sonho que tive	Indie
338	2x A minha pele o sol queimou A sua pele o sol queimou 2x Ozônio abre o olho e inunda a terra com suas lágrimas 4x Não há Helena Rubenstein que agregue nossos tecidos A minha pele o sol queimou A sua pele o sol queimou	Indie
339	I can't feel my lips Step in make me wanna cry I can read your dreams Take me right behind your side Nothing creeps me more Than you smell floating in the porch Vou descer o morro pra cair no mar Cansei de só ficar olhando Também quero me molhar Vou descer o morro pra cair no mar Cansei de só ficar olhando Também quero me molhar I can't feel my lips Step in make me wanna cry I can read your dreams Take me right behind your side Nothing creeps me more Than you smell floating in the porch Vou descer o morro pra cair no mar Cansei de só ficar olhando	Indie
340	Não se parece, o que parece É que minha prece pode demorar, demorar Não tem hora para acabar E se acabar o tempo Temo que não poderei Mais reclamar E se eu me vestisse de Carmem Miranda Se eu estreasse cantando A Banda Se eu escutasse o que a vovó dizia Rezava um pai nosso e uma ave (Refrão) Eu vou me atirar na orgia, eu vou Me jogar, me jogar, me jogar Eu vou me atirar na orgia e só Acordar depois do meio dia Se no futuro do planeta tudo for igual Que bom, que bom,	Indie
341	Ela vem com a chuva A manhã desperta E só da ela O sol aparece O som acelera Vamos pra festa 2x Largo o violão Pra tocar as cordas do seu coração Na beira da praia Cores, incensos e som Ela ali, Pedrita Dança meio perdida Na batida do trance Em transe ela entrou	Indie
342	"Ontem eu fumei um baseado Estava tão sozinho e tão tranquilo E não me apercebi quando a menina Chegou com seu vestido transadinho Ela me chamou pro disco voador Eu aceitei, não hesitei Eu totalmente ""abseduzido"" Dentro de um compartimento sombrio Parecia uma compota numa lata Uma marmota, um pré recém-nascido Só então eu me dei conta Que estava"	Indie
343	[Refrão] Os astronautas foram subindo pro espaço Astral Subindo, subindo, subindo pro alto, pro espaço subindo, subindo, subindo E acabou o oxigênio eles lá se remoendo Descendo [Refrão] Subindo, subindo, subindo mais alto, pro espaço subindo, subindo, subindo Chegaram no purgatório deram a mão ao palmatório Descendo Menino eu sou o demo, o diabo, o lúcifer e satanás Anda pra frente, paga o boleto e	Indie
344	Gosto de cinema Ponto. Vivo cheio de manias. Tenho uma certa pré-dislexia Às vezes eu surto mesmo. Mudo de assunto. Sumo e não assumo a minha lucidez Pareço moderno a te procurar Caio na balada, admito. Alimento meu espírito com litros de café e saio pra dançar. Sempre quando acordo cedo, crio uma canção maluca ligada ao sonho e ao	Indie
345	Abrirei as portas dos sonhos Recomeçarei tudo de novo Relerei Alice no País das Maravilhas Pegarei o Yellow Submarine E visitarei Penny Lane Brincarei com o espantalho E o homem de lata (Refrão) Tá aí, uma boa viagem Tá aí, uma longa viagem	Indie
346	2x Avistei a caminhar sem direção passos largos, salto alto na calçada Ela me ofereceu o seu olhar Ela me ofereceu o seu olhar Madalena Amada Amada Amada Amada Madelena Madalena 2x Atirei a primeira pedra e cantei pra ela três vezes sem pensar Ela me olhou com uma cara de 2x Quero mais que você me cante Quero mais que você me toque Quero mais que você me olhe Quero	Indie
347	Não me implore não quero ver você voltar assim estou cansado de ficar sofrendo com medo de sentir novamente o que eu senti quero sumir e virar pedra eternamente uma pedra Que a minha alma exploda você não ouse vir pedir perdão preciso colocar em ordem o meu discurso contra a vida Eu vou preparar a mesa vazia vou estender seu corpo como uma iguaria vou me servir horrores vou te tomar, te beber com gosto Você não vai sentir mais nada será o fim do desencontro Alguém some por aí quis se	Indie
348	Eu me dei a ingrata missão De imitar o joão gilberto Pra que ela chegue bem mais perto E entenda de uma vez por todas que eu sou talentoso Talentoso, uh, uh Amanhã talvez chorar Mas vou armar uma mutreta Vou dar a volta no planeta Porque dor de cotovelo não é sensual Eu sou sensual, talentoso, uh uh Talentoso, uh uh Só ela não vê Mas um dia ela há de me ver Andando	Indie
349	Tudo errado Eu sempre fui uma puta disfarçado trago o meu corpo marcado [Refrão] Tudo errado e agora que estou sozinho meu caminho segue em decida espiral como um tobogã	Indie
350	Não sou um bom jogador Não sei dizer frases feitas Nada parece ser como é Posterga-se toda dor Faça-se a razão Deixo tudo em suas mãos Tudo que pensei por ontem Hoje não mais tentar Crer na vida de bons cidadãos Ruas iluminadas roupas limpas Nada parece ser como é Onde há muros há o que esconder Faça-se a razão Embaixo dos olhos da escravidão Não repita o que fez ontem Hoje não mais duvidar Sofrer por você Viver lutar De joelhos hesitar Por não	Indie
351	Quando eu caí e beijei o chão Vi em seus olhos algum brilho de prazer Rastejei por algum tempo Entenda, isso foi muito bom pra mim! Pude encarar minhas verdades... De frente pude ver O quanto posso errar, falhar e ver Que pode ser muito natural Você é covarde demais! Pra entender O quanto é intenso Agora todos os extremos Insistir que o erro é dos outros! Você devia vagar... Sozinho por aí E pela escuridão E perceber, e realmente ver Que existir é muito mais Ainda me sinto tão cansado Mas sei, sou muito mais forte Já sei o que é	Indie
352	Eu grito pelo meu país que finge Os absurdos tão normais onde estou Eu desejei o teu lugar Quis agir da mesma forma Aqui todos são iguais! Impunidade usada pra vencer Comprada com seus votos e sua omissão Legislar ou pedir pão Não seja tão honesto ou irá morrer! Se resignar e aceitar, se eles são apenas dez? Não terá o seu quinhão tão sujo quanto o deles Normalidade! Senso comum! (...me lembro como se fosse ontem o meu pai me falando pra eu estudar, pra ser alguém na vida e disse coisas sobre o caso Araceli e Ana Angelica, dizia que não ia dar em nada, me lembro de seus discursos sobre honestidade e como	Indie
353	Amanheceu mais uma vez É hora de acordar para vencer E ter o que falar Alguem para mandar Uma vida pra ordenar Poder acumular e ai então viver, viver e prosperar, Mais nada a pensar, Me myself and I, E assim permanecer, credicard e status quo é tudo que penso ser, ilusão é questionar. O sonho médio vai, vai te conquistar e todo dia iremos juntos ao shopping pra gastar. Ter e sempre acreditar, princípio meio e fim A hipocrisia vai	Indie
354	Hoje é o dia da revolução Não há ninguém nas ruas Você está sozinho Pronto.. pra sujar as mãos Muito antes de dizer Não havia tempo pra agir Esquecer tudo o que leu Más teorias pra cuspir Muitos já tentaram, muitos vão morrer Seja justo, não há causa, não ceda a outra face pra bater Há urgência em estar vivo Outra forma de pensar Mais do que esperar Mais do que dizer Eu prefiria.. te	Indie
355	Haverá mais um retorno a partir daqui? Não era o que queríamos: Tudo vai ruir! Pensei não existir nada além daqui Me tornei estável sem estar bem Pensava em engordar e envelhecer Quando nos encontramos em nós Em vida, viver, aqui! Sentirei falta de todos vocês Sabíamos que tudo tem um fim Seremos homens melhores onde estivermos O mundo é que está errado! Bem vindo ao clube! Celebrar o fim Seja feliz! Bem-vindo ao clube! É tudo e é agora Toda intensidade	Indie
356	As palavras, os discursos, a nova ordem mundial. Todas as verdades incontestáveis do radical. Parecem sons, parecem ondas que nunca poderemos ver o ranço de verdade do que é o ideal. Os loucos riem do presidente na TV, pois podem achar.. o que está velado sob o verbo e o poder e a língua escondem... A retitude, o orgulho, as boas em más intenções e toda violência aplicada para o bem. Sorrir quando se quer chorar, sorrir parar viver... Parecem homens mortos pra quem	Indie
357	Nas armadilhas da cidade que nos causa repulsa Nosso horizonte podia ser mais azul Mas você fica tão bem sob estes tons de cinza E seus olhos verdes Sempre me refletem algo bom Isso é uma guerra e nós sabemos Fomos criados no meio disso E no fim das contas ia piorar Posso ver que está cansada Entendo seu mau-humor Espero que não desista Baby, você pode o que quiser A vida é tua E eu sei, podia ser melhor Somos nós contra todos Vamos vencer! Somos nós	Indie
358	Um bom computador e um carro veloz pra me manter distante de mim. Um amplo progresso entre zero e um, esconder em você meus erros. Pensar sim, dizer um não. Quanto mais perto mais distante do que sou. Vou mentir, exagerar. Essa verdade já não tem tanto valor. Deletar o que realmente sinto e posso acreditar. Programar uma nova linguagem em que eu possa	Indie
359	E então veio 1985 e o sonho por liberdade voltou. E por todas as ruas o povo gritava louco por Diretas já. Já era hora se fez o tempo, aqueles tempos foram escuros demais. Toda a esperança vinha das ruas e não havia como perder. Mas desta vez fomos logrados por um colégio eleitoral, transição segura fria e lenta para os que estavam no poder. E nosso sonho por saúde e educação se foi largado pra depois. E os militares que esperávamos que um dia iriam pagar continuam no poder. Então veio 88, foi determinado agora sim poderíamos votar/escolher. Mas um ano depois percebemos o quão estávamos enfraquecidos.	Indie
360	Nós sabemos, as coisas não foram assim tão fáceis In this brazaland way of life Poucos ficaram pra contar a história Como sabia, não nos odiamos tanto mais Fico imaginando quem roubou nossa inocência Tento descobrir a quem culpar Como nos velhos tempos Dedos apontados Sendo positivo na melhor das intenções Veja, os garotos ainda estão aqui Gritando por mudança Veja, eles ainda acreditam Em se unir, lutar, ganhar poder Tantas divisões pelo caminho Nossa guerra sempre foi a menos pior Se ainda conseguimos rir de tudo Por pior que isso	Indie
361	Promessas eternas por cumprir e mortos demais a esperar, Sobre uma terra fértil à espera de mãos pra plantar. Mas os punhos fechados e amargos dos proprietários do 3º mundo são cegas demais pra perceber. Mentalidade tacanha e assassina nas favelas do 3º mundo. mortos, suicídios, chacinas somados é o que se vê. Minério, violência, especulação bens materiais a amar. Prédios altos que mostrarão quão grande	Indie
362	Solidão, caminhar, espero um dia te ver mudar. Essa vida são escolhas sem direção, nada é linear. Continuar, sobreviver, pode ser muito cedo pra entender... Idéias em comum se tornam divisão, caminhos opostos que se encontram ou não. Até que um dia amanhecer e você vir a perceber.... até que um dia se levantar.... Semelhança e diferença nos fizeram paralisar... E fingimos esquecer o que passou... Não há futuro, não há passado, Tudo que se foi ou que virá. Só existe um sentimento teu por	Indie
363	Até que tentei relevar e viver o momento Deixar de lado o sofrimento e tudo o que vejo Não olhar pro lado.. Não é necessário Verdades são verdades vão Mundos herméticos paralelos sobrepostos! Conto os passos pra ser racional Zero tudo quanto chego em nenhum lugar Quem precisa do seu sorriso, quem precisa se esforçar? Todos nós sabemos o desprezo é mútuo Não me cobre não me culpe, por agir como você Sem demagogia, mas ninguém quer saber! Verdades não, verdades vão Verdades são verdades! Verdades não, verdades vão Quem precisa saber?	Indie
364	"Disse que daqui pra frente seguiria só Não se prenderia a nada buscando algo melhor Na esperança de conseguir não se engane Hora de virar as costas e seguir... Um dia ia acontecer Sem deuses, sem mestres e sem mãos que aparem Orgulhoso em ver, daqui pra frente só você Ouça a música e dance como um louco buscando por autonomia deixe seu coração bater não sinta vergonha feche os olhos agora guie sem as mãos deixe seu coração bater Completou: ""aquele não era mais o caminho"" Estar na comunidade era morrer Teve coragem de dizer ""isso não me diz nada mais"" Preferiu enfrentar todas as acusações E tatear no escuro Honestidade pra manter o sangue quente Orgulhoso"	Indie
365	Sufocar, atrás de paredes que se fecham Numa cidade sem espaço pra crescer Optar entre a guilhotina e a gravata Se moldando ao meio, imaginando ter poder Tudo ao redor Parece encolher Do pó ao pó Nada vai florescer O rolo compressor te atropela Vem te esmagar! Permanecer de pé! (De pé até o fim) Permanecer de pé! (De pé até o fim) Focar, competir, vencer! Prosseguir Por novos caminhos não tão estreitos No labirinto de desejo artificial Ser mais um Pode fazer toda a diferença Não questione Ninguem vai te responder Inquietação Sem poder, sem viver Pronto	Indie
366	Quem você pensa que eu sou aquele que você viu na TV o que te faz pensar que sou tão diferente de você? pois eu tenho família e filhos pra criar e sou que estou aqui lutando pelo que é meu por direito Devo ocupar Devo produzir Devo resistir Pouco me importa se você não gosta da cor da minha bandeira Pois sou eu que estou aqui e sou eu que tomo bala dos que deveriam me defender falsos amigos de uma nação não querem ensinar o que	Indie
367	De olho na estrada pra partir Quantas vezes mais for necessario o ritual A van carregada de estopim Munidos de ideias e vontade de poder Mais alguns quilômetros, ninguém vai nos parar Não recebo aviso de quem nunca se arriscou Seguindo as placas do nosso caminho Vou retornar daqui Ausfahrt ficou pra trás Não consigo encontrar Descarregar em ti Tudo em que acredito Mas amanha eu vou embora Tenho pouco tempo a dividir O pedágio esta mais caro É meia volta ou pagar E sustentar uma duzia de bandidos Mas vale quase tudo pelo motivo Vou retornar daqui Ausfahrt ficou pra trás Não consigo encontrar. Estacionar aqui E rever alguns amigos Novas histórias sobre a guerra Não	Indie
368	Dead Fish - Canção para amigos Album: Sonho Médio As vezes penso que foi tudo em vão Parei pra pensar tantos anos depois Se lembra quando éramos mais jovens E tudo parecia ser mais fácil Acho que crescemos demais Aconteceu o que temíamos Não vamos mais nos entender Se foi a natureza ou o sistema só o tempo, dirá Vou seguir meu caminho Lutar pelo o que insisto em acreditar Vou tentar entender os seus Desculpe dizer isso mas parece que você se vendeu Mas que te traga paz Leveza e força pra continuar A vida é mesmo estranha Nada é mais para sempre Espero um dia poder sentar ao seu lado	Indie
369	Juro que tento entender É difícil, mas eu vou te explicar Vejo tudo que já tenho em minha vida Penso em todos que deixei pra trás Nem sempre as coisas mudam pra melhor Penso todo dia em nos sabotar Eu sei... que perdemos tanto tempo aqui me faço de	Indie
370	Planos corretos metas traçadas Em um futuro desenhado Chega a ser cômico como tudo parece se encaixar Como vocês chegaram neste nível De realmente acreditar Que que ser cínico, omisso e desonesto Te levaria a algum lugar Finjo levar a sério e ainda jogo o jogo E ainda jogo o jogo Mesmos colégios, mesmas ideias Mesmos programas de tv Sempre educados e excludentes Assim pensamos mais igual	Indie
371	Depende de quem compra Depende de quem vende Quem vai falar bem Quem é bom ou mau De confiabilidade e mercado pra investir Quanto é seguro pra gastar! É pra jogar! Quando ligarem a luz, faça-se vender Não se surpreenda com o clima quando aparecer Não há espaço para todos Ninguém quer perder o foco que não tem Depende de quem compra Depende de quem vende Quem vai falar bem Quem é bom ou mal De confiabilidade, um bom lobby de banheiro Tapinha nas costas pra veicular Quem precisa disso? É tudo um grande jogo	Indie
372	Vislumbrar um caos Tão ordenados aqui Janelas acesas e postes de alguém, não sentir Saudades da onde vier Outro episodio sobre essa vida real Que não vai cristalizar Não se	Indie
373	E se um dia tivéssemos que resistir, e se tudo que fizéssemos fosse em vão? A vida mesmo assim teria uma razão. Manter-se de pé e esperar. E se não fossemos tão jovens ainda estaríamos aqui? E se não pudéssemos mais cantar, nem reclamar nem protestar? Fingiríamos esquecer	Indie
374	Enquanto o índio e o povo são massacrados por todo mundo se vociferou aquele povo, aquela gente, pulmão do mundo, tudo que sobrou. Destroem por maldade os imbecis. São o próprio diabo de nossa religião, malditos pobres. Malditos imundos que não sabem lucrar, pedem dinheiro pra se endividar. Vamos criar uma instituição, uma instituição nacional pois o verde queremos salvar. Paz verde!! Hipocrisia mundial!! Seus bancos a cobrar, meu povo a morrer... Não me venha com retórica terceiro mundista seu incompetente miscigenado, a culpa não é do capital! O meu império ecologista sabe lucrar, sabe vender	Indie
375	Vislumbrar um caos Tão ordenados aqui Janelas acesas e postes de alguém, não sentir Saudades da onde vier Outro episodio sobre essa vida real Que não vai cristalizar Não se	Indie
376	Me tirem daqui,longe de ti Leve-me o nas longe que eu puder ir Me deixe em paz pra que eu possa sentir Um pouco de saudades e suportar Pra poder sentir sua falta e agüentar Muito mais que quarenta minutos Mais que o tempo de desfazer	Indie
377	Até que tentei relevar e viver o momento Deixar de lado o sofrimento e tudo o que vejo Não olhar pro lado.. Não é necessário Verdades são verdades vão Mundos herméticos paralelos sobrepostos! Conto os passos pra ser racional Zero tudo quanto chego em nenhum lugar Quem precisa do seu sorriso, quem precisa se esforçar? Todos nós sabemos o desprezo é mútuo Não me cobre não me culpe, por agir como você Sem demagogia, mas ninguém quer saber! Verdades não, verdades vão Verdades são verdades! Verdades não, verdades vão Quem precisa saber?	Indie
378	Dois mil anos mais apenas por termos fechado os olhos algumas vezes, até quando a culpa! Sublimar o que é ruim, apontar o dedo assim acreditar na redenção Se o pior está aí não posso estar em seu lugar certo demais! puro demais! vidas fogem ao controle com as armas os beijos carregados do seu pecado, frágeis, intensos se deleguei o meu poder, controlado controlar	Indie
379	Depende de quem compra Depende de quem vende Quem vai falar bem Quem é bom ou mau De confiabilidade e mercado pra investir Quanto é seguro pra gastar! É pra jogar! Quando ligarem a luz, faça-se vender Não se surpreenda com o clima quando aparecer Não há espaço para todos Ninguém quer perder o foco que não tem Depende de quem compra Depende de quem vende Quem vai falar bem Quem é bom ou mal De confiabilidade, um bom lobby de banheiro Tapinha nas costas pra veicular Quem precisa disso? É tudo um grande jogo	Indie
380	Passou muito além do seu destino Perdeu mais tempo sem nada pra fazer Todas as coisas fúteis que ela nunca fez Se olhando no espelho, rindo de si mesma É tarde pra definir Se tudo foi bom ou ruim Se nada te fez ver Não se preocupe mais Seja feliz como nunca se permitiu Agora já não há tempo pra lamentar Sentiu falta de se dedicar (A algo ou alguém) Pela primeira	Indie
381	Hoje é o dia da revolução Não há ninguém nas ruas Você está sozinho Pronto.. pra sujar as mãos Muito antes de dizer Não havia tempo pra agir Esquecer tudo o que leu Más teorias pra cuspir Muitos já tentaram, muitos vão morrer Seja justo, não há causa, não ceda a outra face pra bater Há urgência em estar vivo Outra forma de pensar Mais do que esperar Mais do que dizer Eu prefiria.. te	Indie
382	quase um dia, quase agora, quase eu quase você. enquanto o tempo passa quase poderemos entender. se este senso de incompletude passar será que um dia alguma coisa vai mudar? é você que está doente? ou serei eu? a busca	Indie
383	As palavras, os discursos, a nova ordem mundial. Todas as verdades incontestáveis do radical. Parecem sons, parecem ondas que nunca poderemos ver o ranço de verdade do que é o ideal. Os loucos riem do presidente na TV, pois podem achar.. o que está velado sob o verbo e o poder e a língua escondem... A retitude, o orgulho, as boas em más intenções e toda violência aplicada para o bem. Sorrir quando se quer chorar, sorrir parar viver... Parecem homens mortos pra quem	Indie
384	Anarquia corporation industria e comércio Acho que já sei o que você quer, Mais uma regra pra seguir, Constituição anárquica feita pra outra minoria dominar não há mudança só alternância de poder discriminado hoje descriminador amanhã mudança onde? aonde cidadão Anarquia coorporation, não me diga o que (falar) Se for assim é melhor esquecer pensar direito no que venha a ser este ideal Fascismo e violência travestidos com o A Nada de amizade, consciência e educação Não dá pra compreender, nem me entender Então usarei a mesma formula pra viver Não quero olhar pro lado, não	Indie
385	Uma criança pequena ter amigos e escorregar E o velho sentado em um banco de praça Olhar a banda passar, prosperar, O monge meditar, o banqueiro lucrar, A mãe amamentar e o crente rezar. Em uma favela próxima o novo Hiltler Nasceu e Jesus passa embaixo Em um Mercedes a acenar. Novas regras de bem e mal, Outros lideres que odeiam lideres Te farão andar na retidão pois ódio é amor. Explique a diferença! Explique a sensação! De não ter mais parâmetros, De não ver mais razão. Os objetivos dos outros são outros que não os seus. Tire os	Indie
386	Pra uma criança pequena ter amigos e escorregar e o velho sentado em um banco de praça olhar a banda passar. Prosperar, o monge meditar, o banqueiro lucrar, a mãe amamentar e o crente rezar. Em uma favela próxima o novo Hitler nasceu e Jesus passa embaixo em um Mercedes a acenar. Novas regras de bem e mal, outros lideres que odeiam lideres te farão andar na retidão. Pois ódio é amor. Explique a diferença! Explique a sensação! De não ter mais parâmetros, de não ver mais razão. Os objetivos dos outros são outros que não os seus. Tire	Indie
387	Sempre andando em círculos Sempre pouco criativo Não importa o que faça pra fazer tudo mais certo O tempo todo do lado errado, a coerência do seu lado Não importa o que faça o lado certo é o seu Hoje vai ser diferente Sem mais de suas armadilhas verbais E o que parece ser mais irônico Aprendi tudo com você Alguém me disse Você tem medo de perder o que não tem E esconde	Indie
388	De olho na estrada pra partir Quantas vezes mais for necessario o ritual A van carregada de estopim Munidos de ideias e vontade de poder Mais alguns quilômetros, ninguém vai nos parar Não recebo aviso de quem nunca se arriscou Seguindo as placas do nosso caminho Vou retornar daqui Ausfahrt ficou pra trás Não consigo encontrar Descarregar em ti Tudo em que acredito Mas amanha eu vou embora Tenho pouco tempo a dividir O pedágio esta mais caro É meia volta ou pagar E sustentar uma duzia de bandidos Mas vale quase tudo pelo motivo Vou retornar daqui Ausfahrt ficou pra trás Não consigo encontrar. Estacionar aqui E rever alguns amigos Novas histórias sobre a guerra Não	Indie
389	"Disse que daqui pra frente seguiria só Não se prenderia a nada buscando algo melhor Na esperança de conseguir não se engane Hora de virar as costas e seguir... Um dia ia acontecer Sem deuses, sem mestres e sem mãos que aparem Orgulhoso em ver, daqui pra frente só você Ouça a música e dance como um louco buscando por autonomia deixe seu coração bater não sinta vergonha feche os olhos agora guie sem as mãos deixe seu coração bater Completou: ""aquele não era mais o caminho"" Estar na comunidade era morrer Teve coragem de dizer ""isso não me diz nada mais"" Preferiu enfrentar todas as acusações E tatear no escuro Honestidade pra manter o sangue quente Orgulhoso"	Indie
390	Foram tantos anos tentando fazer Minha música propria mas percebi que posso roubar de você Minha banda de baile vai ganhar um milhão Minha banda de baile vai fazer você feliz	Indie
391	Haverá mais um retorno a partir daqui? Não era o que queríamos: Tudo vai ruir! Pensei não existir nada além daqui Me tornei estável sem estar bem Pensava em engordar e envelhecer Quando nos encontramos em nós Em vida, viver, aqui! Sentirei falta de todos vocês Sabíamos que tudo tem um fim Seremos homens melhores onde estivermos O mundo é que está errado! Bem vindo ao clube! Celebrar o fim Seja feliz! Bem-vindo ao clube! É tudo e é agora Toda intensidade	Indie
392	Se vocÊ não quer Então porque faz? Se acha ruim Por que está sorrindo? Motivos fúteis Não colam mais Não tente fingir	Indie
393	Dead Fish - Canção para amigos Album: Sonho Médio As vezes penso que foi tudo em vão Parei pra pensar tantos anos depois Se lembra quando éramos mais jovens E tudo parecia ser mais fácil Acho que crescemos demais Aconteceu o que temíamos Não vamos mais nos entender Se foi a natureza ou o sistema só o tempo, dirá Vou seguir meu caminho Lutar pelo o que insisto em acreditar Vou tentar entender os seus Desculpe dizer isso mas parece que você se vendeu Mas que te traga paz Leveza e força pra continuar A vida é mesmo estranha Nada é mais para sempre Espero um dia poder sentar ao seu lado	Indie
394	Então é assim Não há remédio Ficar aqui Morrer de tédio Sentar no sofá Sem conversar Sentindo ódio suprimindo em mim Este é o fim Não há mistério Olhe pra mim, me dá um crédito Se que de nada vai adiantar Mas por favor pára de sorrir Escrevo em um esforço para relembrar Esclarecer e superar Refazer meus passos até aqui Tentar me reconstruir É tão rídiculo o quão fácil foi me entregar À valente e sedutora Que deu voz ao mundo de um inseguro Prestes a explodir Sempre, sempre, sempre, sempre eu Mostrando os dentes com amor Sempre, sempre, sempre, sempre	Indie
395	A todos os covardes que tiveram a coragem de cair na estrada hoje o show vai ser mais cedo vai dar tempo de conversar vamos tomar uns goles no frio de curitiba chamem o adilson,chamem o léo, estamos partindo pro rio vamos ficar no bil.posto nine arpoador white russian más intenções é uma pena voce não estar aqui... pra que tomar banho,vamos pra bh no show de amanhã os caras do dreadfull vão estar chegamos em são paulo liga logo pro tibriçá estou morrendo de	Indie
396	Almas vendidas, você não quer nem saber. Por tanta indiferença não entendo sua omissão. Mas porque não agir se é você mesmo que sofre e finge não ver por pura distração. Você não quer se unir não sabe o que é cooperação, me diga porque este sorriso então! Assinar o ponto, seu transporte esta lotado! Não há companheiros, ninguém esta ao seu lado! Só a fome a miséria, o circo e o pão. Você	Indie
397	Hoje acordei com uma vontade de comprar pois ontem na TV vi pessoas a pedir porque eu não sei de nada mas na verdade finjo nem saber pois quando estou angustiado eu sei o que vou fazer Comprar! comprar Meus filhos não vão perceber propaganda e marqueting vão ser sua escolha não vai ensinar nada não Nada não! Não adiantaria pedir, nem apelar por distribuição aqui Essas pessoas me olham e no fundo	Indie
398	Nas armadilhas da cidade que nos causa repulsa Nosso horizonte podia ser mais azul Mas você fica tão bem sob estes tons de cinza E seus olhos verdes Sempre me refletem algo bom Isso é uma guerra e nós sabemos Fomos criados no meio disso E no fim das contas ia piorar Posso ver que está cansada Entendo seu mau-humor Espero que não desista Baby, você pode o que quiser A vida é tua E eu sei, podia ser melhor Somos nós contra todos Vamos vencer! Somos nós	Indie
399	Na chuva de vaidades Comportamentos que caibam bem Em hierarquias inferiores Condenar opiniões Cabíveis Sem rosto O vazio por não ser você Quando controlado, esconde a frustração Mas em controle impõe as mesmas condições Quem pode ser alguém neste vazio funcional? Quantos salários vão calar a sua opinião? Normas de conduta Sem respirar (Sem respirar) Acomode	Indie
400	Minha vida está mudando rápido E eu vou pro outro lado Resolver não é tão simples assim Não posso ouvir minhas dúvidas E ontem eu estava bem Agora algo a me esperar Estou com medo Dias confusos Não quero ter que me preocupar Minhas decisões não são tomadas sobre pressão Mas você pode mostrar	Indie
401	O que é mais conveniente, que amnésia coletiva? Não saber porque se morre, nem porque se mata Não queremos esquecer, se não há lembrança Existe um sentimento de algo injusto no ar O argumento não convence mostrem suas mãos sujas de sangue O que não vem ao caso Esconder, perpetuar! Temos o direito à verdade Pingos nos i's, um passo à frente Deem	Indie
402	Começe sendo objetivo, tem que ser funcional Não se descontrole nunca, ponha metas e siga A melhor opção Faça o que dizemos, seja um pouco racional Continue nos seguindo, no fim vai ficar tudo bem Tudo bem O ganhador, o funcionário do mês Tirou a sorte grande na loteria da incompetência Primeiro lugar em produção Aplausos ao número um A humanidade é o produto Sempre atrás de bonificações Porque tudo está à venda Somos todos descartáveis Fale baixo, Fale baixo Não se exalte Não aceitamos esse tom Nós vamos até te ouvir Mas adeque do que diz O salário não é baixo Suas despesas são altas E pra	Indie
403	Resistir ao desconforto Nítido desgosto Margens saturadas Veias entupidas Palavras vagas como insustentáveis vigas Convivência limitada, perecível companhia Cumprimento	Indie
404	"É assim a vida, é movimento Cercados em certezas Um dia tudo pára Sóbrios, ricos e frios Novas regras e subversão Formatando a verdade e ""bum"" Aí está você A mentira que te satisfaz Respostas sempre tão corretas Isso faz vender Se enganar é bem mais fácil O ódio é uma caixa E o amor também Simples de usar Difíceis de aprender Todos sabem tudo Menos se calar Todos querem ensinar Precisam de atenção A mentira que te satisfaz Respostas sempre tão corretas"	Indie
405	Dead Fish - Diariamente Mais uma pessoa jogada nas ruas e você nem percebeu Mais uma prova da sua miséria que você finge não perceber O que ha de errado em sua vida o que foi que aconteceu você não pode dizer que apenas se acostumou Tragédias diárias vividas nas ruas do Brasil Você fingiu que não viu e também que não ouviu Erros da vida lapsos de percepção Diariamente e você sequer estende a mão Mais um pretinho jogado nas ruas e você se enfureceu Por onde	Indie
406	Alguém precisa dizer Todos devem se calar Eles darão novas respostas E onde encontrar A preços baixos juros altos Sem saldo devedor Não há quase nenhum risco Aproveite a cotação É tão simples e didático Perca menos, ganhe mais Esse é o jogo democrático O que a maioria quer Está bem perto Miséria vai nos redimir Você precisa acreditar Pois eles sabem que é melhor Aperte o cinto eles disseram Todos devem	Indie
407	Caminhando pra pagar por um pouco de paz Andando a toa por aí Buscando algo na paisagem (Quem pode ver?) Tanques cheios vão mais longe onde querem chegar Não importa o preço Vidas dissolvidas em carbono (Pra queimar!) É preciso ser um pouco mais veloz Tento escapar dessa prisão Rumo ao paraíso sem olhar pra trás Na bagagem novos truques pra quem nunca viu Armas de sobrevivência tão comuns de onde vim (O cinza	Indie
408	Difícil de dizer, minta! Fugindo como sempre fez Deixando por temer motivos Que eu sei que não me fez tão bem E assim deixei a tua mão Deixei nossa razão Por não sentirmos mais o mesmo E evitarmos outra decisão, oposta Espero te encontrar bem E dizer que tinhamos razão Usarmos isso em nossas vidas E os erros não serão iguais E assim deixei	Indie
409	Toda indiferença Só fazer o que convém Tem alguém dizendo Quem tem coragem de ouvir? Frustradas outras vez (Expectativas!) Nenhuma iniciativa em nenhum lugar Tudo vota contra Tudo vai queimar Quem vai mudar? E sujar as próprias mãos Sem méritos, medalhas Ninguém vai agradecer E ainda ser esquecido Essa coerência faz A merda progredir Passando como gado Esperando	Indie
410	Tudo parado, em movimento Necessidades conflitantes em um só Está tudo certo, engarrafado Na inércia desta ação Se tempo é dinheiro Por que a lentidão? Restrita obrigação, na mesma direção Vidas tão iguais! O fluxo coerente, atalhos pra buscar Um mesmo lugar	Indie
411	Ainda me lembro daquele verão em Itaunas tudo estava tão legal Forró universitário, pé de serra Tudo muito alto-astral Refrão: Mas me lembro quando te vi eu na minha barra forte e você ali com seu gato e seu carrão (talco no salão) 'Cê se recusou a andar na minha garupa e curtir o pôr-do-sol nas dunas Prefiriu tomar um	Indie
412	Agora vejo as suas costas e não há mais nada a dizer, não há mais olhos nos olhos, nem uma palavra a se perder. Eu sei não somos bons em diferenças, mas pelo menos nós tentamos, que seria da vida se as vezes não pudéssemos tentar? Coisas da vida que agora não mais existirão... Palavras perdidas e portas abertas, quartos vazios, corpos sem rosto, mentiras não ditas, feridas que não se vê! Quem poderia	Indie
413	Hoje em dia eu vejo tanta gente ai parada Que fica ai sem fazer nada. Mas nunca pensa no futuro E ainda pensa que não precisa de Evolução Nunca pensa que precisa de 2x refrão Evolução Não vai ficar ai parado A vida passa rápido	Indie
414	O mesmo céu A mesma cor Quanto tempo passou? Não há mais o que provar Recomeçar em outro lugar Irrelevância pode existir Em lamentar agora o que não fez Se arrepender por cometer os mesmos erros outra vez Sem algo em que acreditar Não posso mais ficar aqui Quem vai poder reconhecer Certezas que viraram pó Abandonar o que conquistou Escolhas que não tem retorno Inventar outra verdade E buscar o que nunca imaginou Se arrepender por cometer os mesmos	Indie
415	Com tantos instrumentos pra guiar Quanto mais depressa e estranho for Todos os planos óbvios aos pedaços Tentando esconder uma certa frustração Fingir Dissimular, tentar fugir Sem encontrar o que procurou Por vir O presente e o perigo Deixar cair Até não poder mais sentir a dor O inusitado é o que faz sorrir Frio no estômago Luz em tudo que se pode ver E o que é estável? Desejos tão incontroláveis Fingir Dissimular, tentar fugir Sem	Indie
416	Pai precisa me ensinar, eu quero reagir, não pode ser assim! Filho, eu vou te ajudar, vamos sentar e orar, tudo vai melhorar. Mas não se esqueça de comungar e sempre acreditar, você precisa subir ao céu! Pai,	Indie
417	O que despertou tão gigante insegurança? Tão preguiçosa busca por informação O que transformou o que era sede por mudança Nesse discurso sobre Deus e tradição? Perdão por me prender nesse assunto Mas é um choque você não recordar O quão de ponta-cabeça era o mundo Que o tumulto de quem quis discordar Com sua permissão e censura ou se quiser posso sumir e não voltar Siga em frente com seu conservadorismo E ponha a ordem necessária a este lugar Manter a tradição da exploração Sua família é a eleita! Foi de oposição a imposição Toma um direto de direita! Deixe os gritos nas ruas e não no porão! Incorporou o ativista do Estado	Indie
418	"Pros que pensam que estão no auge dos tempos e a arrogância faz seu sangue mudar de cor. Com a insensibilidade de um colonizador fizeram tudo mudar e não conseguem perceber que ser cidadão é consumir, uma imagem vale mais que mil caráteres. O príncipe, presidente se tornou, ""L'ai ces't faire l'ai ces't passer""!! Hoje, Vamos pagar!! Estamos fingindo! Vamos sofrer! Casas vazias!! Terceiro mundo!! Vamos sofrer!! Pois a fraternidade se tornou uma gangue, a felicidade agora é Ter. A liberdade vem embalada em plástico"	Indie
419	ter olhos e não ver, coração e não sentir o que sozinho você me faz. ter vida e não ser, ter mundo e não existir. olha a tristeza que você me traz. por onde começar? é hora de a alma vagar … por onde devo começar? vejo tudo congelar, você e eu embaixo dessa chuva, você e eu sozinhos aqui... ter pernas e não andar, ter	Indie
420	This is for the one who's in the corner And this is for the one who's in this cell This is for the one underneath the ground capitalism heaven is the people's hell give it up, give it up, give it up ow, give it up give it up, gotta give it up give it up, give it up ow ow ow Eu sou indivíduo hoje Não venho do nada, meu momento é aqui Não sei se lhe devo respeito de lhe ser direito Você deve me respeitar Na verdade eu penso que sou um, mas sou um milhão Prefiro nem parar pra pensar Não me venha com apatia, individualismo de massa Pra acabar com nossas vidas Vivo meu mundo perfeito e não paro pra pensar Que existem outros ao meu lado, cada um em seu lugar Não respeito opiniões, muito menos decisões Sou contra o diferente, nem me considero gente Minha vida é criticar, muito mau eu vou falar Você pode	Indie
421	Planos corretos metas traçadas Em um futuro desenhado Chega a ser cômico como tudo parece se encaixar Como vocês chegaram neste nível De realmente acreditar Que que ser cínico, omisso e desonesto Te levaria a algum lugar Finjo levar a sério e ainda jogo o jogo E ainda jogo o jogo Mesmos colégios, mesmas ideias Mesmos programas de tv Sempre educados e excludentes Assim pensamos mais igual	Indie
422	O Super-Homem cai do céu feito uma pedra Kryptonita! Do buraco, Belfagor volta pro inferno destruído Apavorado mas não explica Na vida nós temos outro Estado que não funcionou República rocha destruída por um sopro só Rickson Francis poderoso, violentamente se expondo A direita tinha razão Bonzo Reagan mostra os dentes da vingança Bate a porta e se sente mal Minha vida, meu erros Todas as regras pisadas ao chão Contrato	Indie
423	Me dê sua mão posso te salvar! Por muito tempo acreditar e ser assim... Descomunizar o senso comum, E se tornar especial... Olhar nos seus olhos e se perceber campeão. Em nome do privado estatizarei, O estado agora é o eu e isso inclui você. É tudo muito simples seja racional!	Indie
424	O acaso se apresenta, tempo se relativiza Vida ressurge regras, tempo e desejo O que aconteceu, o que acontecerá? Agonia frustrante, futuro do pretérito Mais oito, quanto mais? Sei bem que o que sinto Preferia mentir, mas este não é o acordo Seus olhos são, seus olhos vão me arrastar pra sempre Um minuto eterno o perene o incerto Quero me afogar! Neste momento Tantas perguntas tantas certezas Belas escolhas entre o eterno e o feliz Erro	Indie
425	Preciso acordar e não me notar Preciso vencer sem sequer ganhar Preciso precisar sem sequer ter Eu quero ser e não perceber Vou te amar e não te ter, entender sem estudar Me ensina a tirar essas marcas e encontrar o meu verdadeiro Me ensina Vou te olhar de frente então Enfrentar a contradição Sem minha máscara vou sorrir Marcas de uma educação Ranços de uma herança que	Indie
426	O compromisso em satisfazer Entreter Como obrigação Será que está aqui o que precisa? Procurando seus clichês nos meus Menos do mesmo Você diz querer Fingindo ser o que não é Outras canções em outras vozes Mas sempre o mesmo refrão Respostas fáceis do que não quero encontrar Consumir Formar opinião Descartável, sem nenhum valor Menos do mesmo Você diz querer Fingindo ser o que	Indie
427	Você vai morrer,você não é nada! Não passa de um número,um bilhete a mais Não vai dar na TV e nem no jornal E quem madrugar o fogo vai arder Aperte o controle,acredite na máquina Tropa solitária a pisotear Todos somos justos às 7 da manhã Nenhum homem ouve,nenhum bom humor Pra onde você vai seus	Indie
428	Foi avisado lá não era um bom lugar, O príncipe ordenou não ser tão curioso, aquilo podia matar. Não precisava entender, o que chamam civilização. Partiu com um sorriso na face Sem dar ouvidos lá se foi. Qualquer dia, qualquer lugar, Precisava provar Michel Ohgata vai pra cidade aprender Vivenciar o belo ver o seu superior Tratado como diferente se assustou Raça forte Passeou a morte. A lei para os indesejáveis, Louros	Indie
429	Vários pacotes, Novos sabores, Velhas cores, entretenimento Sorriso nos lábios, sabor vegetal Lutem, cada um deles é demais... Meu deus como sou feliz, Todos vivos a cantar... Uma canção de morte, portas abertas, Dentes brancos, esperar... Uma vida inteira pra construir, Três minutos para consumir... Escolha o pacote com sua	Indie
430	E então veio 1985 e o sonho por liberdade voltou. E por todas as ruas o povo gritava louco por Diretas já. Já era hora se fez o tempo, aqueles tempos foram escuros demais. Toda a esperança vinha das ruas e não havia como perder. Mas desta vez fomos logrados por um colégio eleitoral, transição segura fria e lenta para os que estavam no poder. E nosso sonho por saúde e educação se foi largado pra depois. E os militares que esperávamos que um dia iriam pagar continuam no poder. Então veio 88, foi determinado agora sim poderíamos votar/escolher. Mas um ano depois percebemos o quão estávamos enfraquecidos.	Indie
431	Muitos corpos caem Cairão, camburão Cassetete, porrada, porrete Muitos nasceram Morreram, viveram, lutaram Cobraram, cobraram pra poder comer Curiosos, interessados Lutadores Lutadores e mártires e líderes Comam, briguem, briguem, lutem Caiam mas não se esqueçam de se levantar Molotov por todos que ainda irão Molotov Plantar, morar Reformar, reagir, distribuir Educar, dividir, compartilhar Ensinar, progredir, Olhar, ignorar, falar Brigar, brigar, correr, Comer, correr,	Indie
432	Quem você pensa que eu sou aquele que você viu na TV o que te faz pensar que sou tão diferente de você? pois eu tenho família e filhos pra criar e sou que estou aqui lutando pelo que é meu por direito Devo ocupar Devo produzir Devo resistir Pouco me importa se você não gosta da cor da minha bandeira Pois sou eu que estou aqui e sou eu que tomo bala dos que deveriam me defender falsos amigos de uma nação não querem ensinar o que	Indie
433	E se um dia tivéssemos que resistir, e se tudo que fizéssemos fosse em vão? A vida mesmo assim teria uma razão. Manter-se de pé e esperar. E se não fossemos tão jovens ainda estaríamos aqui? E se não pudéssemos mais cantar, nem reclamar nem protestar? Fingiríamos esquecer	Indie
434	Tratar as pessoas como se tivessem dito o que fazer O mal que fez a si mesmo, sempre rogado desejando Por mais silêncio que pudesse haver Não era só por mim Suportar as tarjas, censuras e escolhas Em tudo há consequência Tente aceitar a sua... Assuma o que é teu Para outros todo mal Como é fácil apontar Este é o seu melhor Tudo que pode demonstrar Eu sei nunca vai ouvir Que Deus é esse o seu? Que reza só pra si! Suportar as tarjas, censuras e	Indie
435	Não, não quero ouvir o que você diz E nem ler as suas regras Testando minha paciência ao limite de explodir Eu quero fazer no meu tempo Chegou minha hora de falar Cansei de ouvir sua perfeição Sua higiene me insulta E seu medo e	Indie
436	sua idéia de diferença te tornou igual demais. a arrogância e insegurança de quem não sabe o que faz. no chão agora, e o que mais dizer? você não pode se odiar tanto assim. agora que estou aqui, você se sente feliz? confesso o sonho virou pesadelo... há 10 anos pensei que não seria assim, regras,	Indie
437	Solidão, caminhar, espero um dia te ver mudar. Essa vida são escolhas sem direção, nada é linear. Continuar, sobreviver, pode ser muito cedo pra entender... Idéias em comum se tornam divisão, caminhos opostos que se encontram ou não. Até que um dia amanhecer e você vir a perceber.... até que um dia se levantar.... Semelhança e diferença nos fizeram paralisar... E fingimos esquecer o que passou... Não há futuro, não há passado, Tudo que se foi ou que virá. Só existe um sentimento teu por	Indie
438	Os não brancos os escravos a classe mais sem classe Somos o que sobra não somos ninguém Despreparados desprezados muito pouco educados Sabedoria inconsciente do agora aqui Nous sommes les paraibes Post apres proto Nous sommes les paraibes Nous sommes les paraibes! La revolution Sem futuro os que servem O chão do mundo os que não esperam A vida usurpada é nossa simplesmente por que sim A festa dos excluídos driblando a repressão Em cada	Indie
439	Disse que cresceu Disse que aprendeu Parece estar no mesmo lugar Diz que as coisas velhas acabaram de passar Ele vai lutar,ele vai mudar A certeza da mudança por um mundo melhor Num mundo de sua cabeça Mas	Indie
440	Não vai dar, Não vou fazer, Não quero ser igual a você Não estou preparado pra ser O que você quer que eu seja Não espere nada, nada de mim Não ponha	Indie
441	o homem nú estava preso, o homem nú se libertou o homem nú está aqui, o homem nú te faz tão mal porque tanto desconforto com o homem nú? seria medo da liberdade ou de quebrar seus próprios tabus? preso voluntário em armadilhas culturais engessado no passado, confortável irracional o homem nú assaltou um banco, o homem nú perdeu a razão ontem ele matou o homem branco mas acertou em cheio a moral ele vai destruir	Indie
442	Estes sapatos não me cabem mais Ainda me lembro quando eram confortáveis Sua visão me queima os olhos E pasmo, vejo, não existe mais retorno Parar o tempo, tentar voltar Na beleza deixada em algum lugar Por todo esse limite que me impôs Nem tudo pode ser contemplação Não tenho mais seu tempo pra perder Não tente me prender! Que tenha pressa quem quiser me alcançar Eu também tenho... Novas paisagens que me façam encontrar Outro destino De longe vou te rejeitando Daqui onde estou Continuo tão insatisfeito como da última vez Sua visão me queima os olhos E pasmo, vejo, não existe mais retorno Parar	Indie
443	Ontem eu errei Hoje vou acertar Me desculpe se um dia eu te fiz chorar Quero acertar, quero caminhar Em cima da estrada que você construiu Estava doente e agora estou curado, Muito obrigado por me medicar Agora posso ver se não vou me confundir, Sei bem onde pisar A agressividade não pode ser usada	Indie
444	Juro que tento entender É difícil, mas eu vou te explicar Vejo tudo que já tenho em minha vida Penso em todos que deixei pra trás Nem sempre as coisas mudam pra melhor Penso todo dia em nos sabotar Eu sei... que perdemos tanto tempo aqui me faço de	Indie
445	Muitos caminhos pra seguir Como um cordeiro seguiu a multidão Tanta cultura pra te fazer melhor E entregou seu cérebro à televisão Obsoleto! enganado! inútil! descartado! Tarde demais pra reclamar de suas escolhas Podia ir para qualquer lugar Com medo arrumou uma função Gastou o	Indie
446	Vejo em seus olhos a derrota O que será de mim a partir daqui? Te vendo de joelhos a se humilhar A missão está cumprida antes que esperava Não devia ter me empenhando tanto E você podia ter resistido mais Quando seus olhos baixaram Perdi	Indie
447	Enquanto o índio e o povo são massacrados por todo mundo se vociferou aquele povo, aquela gente, pulmão do mundo, tudo que sobrou. Destroem por maldade os imbecis. São o próprio diabo de nossa religião, malditos pobres. Malditos imundos que não sabem lucrar, pedem dinheiro pra se endividar. Vamos criar uma instituição, uma instituição nacional pois o verde queremos salvar. Paz verde!! Hipocrisia mundial!! Seus bancos a cobrar, meu povo a morrer... Não me venha com retórica terceiro mundista seu incompetente miscigenado, a culpa não é do capital! O meu império ecologista sabe lucrar, sabe vender	Indie
448	Perfect party, i wanna stay with you, perfect party, see your smile at me ficar aqui ou ir embora? liberdade em sua prisão, seu limite me apavora não questiono se há amor ou não, só respeite um pouco a minha dor. perfect party, don´t wanna stay with you, perfect party, seus olhos a denunciar fuck this, fuck that birthday party. fucking! fucking birthday party	Indie
449	Se ainda acho fácil tudo que mata Pago caro e não sinto nenhuma graça Se ainda rio da piada! Antes eles do que eu Mais cinquenta canais consumindo opinião Se o sangue jorra longe, não posso ver a cor Esperando o intervalo pra sonhar O que permitem que deseje! Carros, armas e heróis Nada novo sob o céu, se as coisas não mudarem No futuro Deus dará Porque aqui não vai acontecer Mudar não depende só de mim Vejo com os olhos que comprei Estou prestes a vencer... Ouvi um cara dizendo Mudei de opinião Me envergonho das coisas que me afetam Devia ser mais esperto e saber Que entendem mais de mim do que eu Carros, armas e heróis Novidade sob o céu Se tem alguém pensando, já	Indie
450	Nos extremos vivemos Dizem ser moderação Dos dois lados da ponte Uma ou outra opção Só usamos seus limites pra pular O que nos aniquila poderia nos salvar Aprender Perder ou vencer Perder ou vencer Nunca nos encontramos Sempre estamos sós Nenhuma sutileza, pura padronização Culpados recorrentes Medrosos culturais Isolados funcionais Conformados	Indie
451	Disse o que sabiam Mas nunca ousou Disse o que sempre desejou Não se acovardou em momentos sociais Tão difíceis de aceitar E falar demais Por não ter o que dizer Poucas coisas em que segurar De costas não se importar O desconforto que os faz tão mal Não há prestígio Que passe do chão Prazer em ser Diferente de você Abalando o que é claro Pôr em duvida o que você diz ser certo Bater de frente e não titubear Tudo que em choque	Indie
452	Foi difícil acordar e tirar a mente da estagnação. Perplexidade, medo, apatia e falta de ação. Sonhei com uma estrada que levava ao nada, e havia uma placa que dizia pra enfrentar os egos ( pessoas) como ele(a)s são. Pedir por justiça, se fazer entender. Pois a vaidade e a arrogância dos que tem (poder) passa a ser combustível pra lutar. Peço paz!!	Indie
453	Você se põe a frente Se julga estar por um triz Sempre adiando o que te faz feliz Esperando por um gráfico Uma linha reta a seguir Procrastinando equivocado tentando confundir Só mais um passo, medo do abismo Medo de tudo a vida esperando e você não	Indie
454	Promessas eternas por cumprir e mortos demais a esperar, Sobre uma terra fértil à espera de mãos pra plantar. Mas os punhos fechados e amargos dos proprietários do 3º mundo são cegas demais pra perceber. Mentalidade tacanha e assassina nas favelas do 3º mundo. mortos, suicídios, chacinas somados é o que se vê. Minério, violência, especulação bens materiais a amar. Prédios altos que mostrarão quão grande	Indie
455	Quando eu caí e beijei o chão Vi em seus olhos algum brilho de prazer Rastejei por algum tempo Entenda, isso foi muito bom pra mim! Pude encarar minhas verdades... De frente pude ver O quanto posso errar, falhar e ver Que pode ser muito natural Você é covarde demais! Pra entender O quanto é intenso Agora todos os extremos Insistir que o erro é dos outros! Você devia vagar... Sozinho por aí E pela escuridão E perceber, e realmente ver Que existir é muito mais Ainda me sinto tão cansado Mas sei, sou muito mais forte Já sei o que é	Indie
456	Meus pés não me conduzem mais pra onde quero Pra trabalhar, vou pagar bem caro nessa bota de ferro As ruas da cidade vertem rios de uma sopa preta Onda de calor refletida num deserto vertical E o sol faz seu papel...como sempre fez! Quantos graus a mais? Posso suportar! Esperando suas lentas decisões? Procuro pedras frias pra não	Indie
457	Não há nada em que tropeçar A duras penas se erguer Prontos pra um novo começo Re-aprender a andar Sentir perder Reconstruir E caminhar pro que virá Nos desejo força Já que o pior já passou Ter coragem para dar	Indie
458	Passou.. Muito além do seu destino perdeu mais tempo sem nada para fazer todas as coisa fúteis , que ela nunca fez se olhando no espelho, rindo de si mesma Refrão É tarde para definir, se tudo foi bom ou ruim se nada te fez ver, não se preocupe mais seja feliz como nunca se permitiu agora já não há tempo para lamentar... Sentiu falta de se dedicar (a algo ou alguém) pela	Indie
459	O vento mudou Não sopra a favor No canto dos olhos A conspiração É quase a hora Sem ter o lugar Pois servos precisam de queda e ascensão Um novo herói irá surgir E se convencer Que será	Indie
460	Não há chão para pisar Não me lembro mais deste lugar. Aqui onde hoje passam os ônibus Minha avó pisava ao mar. E é por isso que estou aqui E com força me seguro em ti Pois não sei de onde venho. Talvez possa até ser bom Mas queria tanto ver A história que	Indie
461	apesar de entender que tudo deve mudar, geração x em busca de um ideal. traz os ranços no coração apontados para você. casas, castas, famílias, dogmas e religião, existe uma razão. querem te fazer sentir pondo culpa em você ! quando se tem 18 como é complicado... e aos 23 já te fizeram desistir. supostamente engajado atirando pra todo lado. escolas, tendências, governos muita ou pouca educação ? razão	Indie
462	Se julga esperto demais Rotula como burro o que o outro faz Todo dia, toda vida com todo escárnio sorri Hoje o que vai achar e continuar a fingir Todas as críticas defeito alheio se esconder de si Mais um factoide torne real Minta sobre mérito muito mais fácil é transferir Faça direito, se torne bom faça melhor Transformando frustração em teatro moral Fogueira da vaidade culpa mágica coberta de sinceridade Conceito segregado formação de opinião Complicado	Indie
463	Esta é a vida, iremos viver o jogo em que lutamos pra sobreviver. nas salas, nas esquinas, nas cozinhas, no estomâgo o nada. nas noites, nos dias, e sobre a pele marcada e surrada. no frio! e o frio? a cortar, a doer. e não sobrará nem solidão o jogo tem seu cérebro e coração. ter o tempo levando nosso pão leite e alma. nas ruas, nas pessoas, nas empresas... nos olhos as lágrimas. esperança do emprego	Indie
464	O despertador me rasga o sonho Rompendo a conexão Há muito não se sente descansado Contando os passos, desgastado, Sozinho, desconectado Virtualmente real O que posso dizer? Verdade vazia Novas conversas Novas janelas Não acham mais espaço aqui Ninguém para chamar Ninguém para escutar Com pouca energia Sem sinal Não há conexão	Indie
465	"Olhe pra dentro de você Pergunte o que é você , O que você quer conquistar , O que quer ganhar , O quer perder , se você é você , ou só um produto fútil do sistema ! Refrão: Querem te conquistar pelos seus erros, querem te abraçar com seus problemas oh ! o q estou dizendo se eles são apenas um produto do sistema ! Já fizeram de tudo pra mostrar quem é o melhor , mas a cada 4 anos piora essa bosta ! ""que pais é esse ? "" ""que pais é esse ? "" Daqui a um certo tempo Vamos as urnas pra brincar! Vamos brincar de passar trote e acreditar que ninguém vai saber que foi você que fez a merda Refrão: Querem te conquistar pelos"	Indie
466	Agora que você já derrotou Mais um inimigo Seu ideal venceu! Claro que ao preço de	Indie
467	Não se compra não se vende não se expande não se retrai Não existe nada de meio Apenas é ou não Existe uma reta em várias curvas Não está parada Não é veloz Não é alvo, não é meta Nem se pode esperar Sem condição Sem sim, nem não... É importante desviar e distrair (uoooooo) Siga este caminho E vai encontrar Não há caminho Nem o que ver	Indie
468	Siga Dead Fish Composição: Indisponível Não se compra, não se vende Não se expande, não se retrai Não existe nada de meio Apenas é ou não! Existe uma reta em várias curvas Não está parada, não é veloz Não é alvo, não é meta Nem se pode esperar Sem condição! Sem sim, nem não... É importante desviar e distrair! Siga este caminho e vai encontrar Não há caminho, nem	Indie
469	Você insistiu em não perceber, virar as costas e esquecer, agora é tarde, não tente se esconder! E sobre a violência, que você fingiu não ver agora explode, agora explode em sua cara, eu só vejo o sangue a correr. Não há mais nada, não tente se omitir e nem aponte o	Indie
470	Amanheceu mais uma vez É hora de acordar para vencer E ter o que falar Alguem para mandar Uma vida pra ordenar Poder acumular e ai então viver, viver e prosperar, Mais nada a pensar, Me myself and I, E assim permanecer, credicard e status quo é tudo que penso ser, ilusão é questionar. O sonho médio vai, vai te conquistar e todo dia iremos juntos ao shopping pra gastar. Ter e sempre acreditar, princípio meio e fim A hipocrisia vai	Indie
471	Como você aprendeu a viver assim? Você nunca vai conseguir parar! Nem perceber! Condenado a nunca olhar pro lado Você deseja somente o que te mandam Confortável conceder O que é você? O que você quer? Desejos Colonizados! Tente se livrar! Coisas tão vazias para mim Parecem ser tão cheias	Indie
472	Te avisaram mas você fingiu não entender, agora é tarde pra tentar voltar atrás. A sua bandeira se tornou prisão, posso sentir o ódio em seu brasão. Não! Prefiro não! Quero lutar mas em outra direção. E se te deram esperança, e se tiraram seu emprego, te pediram pra esquecer. Você não quis se aprofundar, o verdadeiro motivo seu orgulho vai esconder. O grande pai vai te	Indie
473	A felicidade é para poucos Todos nós sabemos: o mundo é ruim A ironia é desejar e nunca ter A propaganda diz: você precisa! Angústia na virada da estação Um produto pra te tornar especial Consumo necessário and very cool Não seja um perdedor A grande solução Vamos resolver Uma pra dormir, duas pra acordar Bem adaptados Todos passam bem Belo novo mundo Buscando sempre o diferencial O importante é nunca se deixar levar Intransigente diferença torna igual A ironia é desejar e nunca ter A propaganda diz: você precisa! O desejo sempre se parece o mesmo Massificado ou	Indie
474	Foi difícil entender, Impossível de acreditar, Uma vida devotada embasada em sobreviver. Mais que qualquer ideal sobressai o teu amor, Não há ruas, partidos e regras para te deter. Mais que uma instituição feita para deformar, Liberdade e emoção me permitiram sonhar. Tu és a vida real, e sempre esteve de pé, Nunca reclamou da batalha que é criar. Sociedade e discriminação, Cabeça erguida a enfrentar, Nenhum patriarcado ou família te fizeram calar. Não há nada	Indie
475	A conheci e tudo parecia tão certo! Oh não! eu menti Mas resolvi, agora sou um cara correto!sei não eu fugi Mas tudo é tão sério, a gente é tão sério, pra que fingir Que tudo tá certo, agente é tão sério Aquela alí fingib ser do tipo inocente, sei não, só fingi! E eu aqui fingindo ser do tipo decente, oh não, eu fugi Estudo é tão sério,	Indie
476	Eu grito pelo meu país que finge Os absurdos tão normais onde estou Eu desejei o teu lugar Quis agir da mesma forma Aqui todos são iguais! Impunidade usada pra vencer Comprada com seus votos e sua omissão Legislar ou pedir pão Não seja tão honesto ou irá morrer! Se resignar e aceitar, se eles são apenas dez? Não terá o seu quinhão tão sujo quanto o deles Normalidade! Senso comum! (...me lembro como se fosse ontem o meu pai me falando pra eu estudar, pra ser alguém na vida e disse coisas sobre o caso Araceli e Ana Angelica, dizia que não ia dar em nada, me lembro de seus discursos sobre honestidade e como	Indie
477	Por um momento cheguei a pensar que Tudo isso teria um fim Por ingenuidade ou talvez inocência Teria um final feliz O que me assusta é a opressão Que nos obriga a ser frios E a naturalidade Encarar a perda de um irmão Vou deixar de sonhar Pôr os pés no chão Não mais me enganar Parar de chorar Se cair, resistir Levantar e enfrentar Não olhar pra trás Desistir jamais Tarde demais para voltar atrás Vou terminar o que comecei	Indie
478	Eu bem que te avisei Pra não levar isso a sério Eu sempre fui sincero e você sabe muito bem Talvez um pouco egoísta, talvez esteja fechado Talvez não queira mais Porque você quer mudar se está tão bom assim Não me imponha,não me obrigue mais, Seja o que for será Eu não te prometi nada Exigir o que sequer Pensamos pode nos destruir	Indie
479	Regendo regido Vida vital Sangue,suor,trabalho,capital Máquina,consumo,doença normal Loucura,cidade,violência Mais um dia de vida estou de pé Mais um dia de vida pra morrer Sexo,dinheiro,ego,ilusão Moralismo,sexismo,fluído e dor Lágrimas,sorrisos,discriminação Dor!Terra,água e ar! Mais um dia de	Indie
480	Diga hoje: o que fará sorrir? O que vai precisar para ser Mais uma vez? Diga hoje o que suportar Como comportar, vencer Tudo que é brilho ou Demodê? Pra sempre mudar Com a mesma paisagem Pra sempre fingir em um Cenário real O show do dia-a-dia não Completa mais Esta cena não satisfaz, Nem nunca o fez Vendo isso sempre Parece vazio Não parece ser o caminho! Metas demais para entender O porquê Pra sempre mudar Com a mesma paisagem Pra sempre fingir em um Cenário real Pra sempre, Pra sempre tudo! Pra sempre tudo espetacular!	Indie
481	Quem pode continuar vivendo sob a mira da sua pax Essa agenda de prosperidade, só quem perde sou eu A vida é bem diferente do que vejo na Tv Aprendendo a ser escravo dócil com sua informação Traduzir acenos de quem determina Acalma a multidão O sorriso de ódio que se aproxima Pronto pra se espatifar Muros de vergonha, documentos seletivos Mais que uma fronteira de um só lugar É para a segurança de quem pode pagar Quem sobra quer dançar Se todos tem liberdade Se palavras tem valor Por que não posso entrar Mais uma campanha faz	Indie
482	Mãos, em outras mãos poder Onde esconderá O que sempre foi seu E a muito já perdeu Eles dizem sim e não Verdades pra repetir O guia da solução Papéis pra atuar Guiados pela insegurança Sempre acreditando na bola da vez Um homem só virá te salvar Um homem só pra te trair, matar Esquecer que também é só Vá, siga aquela luz Tudo foi decidido Sem sua opinião Medo da diferença Medo de decidir Cantando o velho hino De pé, aplaudir Certo de mais um engano Usando a História como escudo Um homem só virá	Indie
483	Progresso se faz, quatro canais a mais que ontem. Não consigo perceber, estou tentando entender o que quer o quarto poder. Respaldar o que não nos serve de nada Mas sim devo fazer, se a verdade está na tela, matar, chorar, linchar. Me sinto melhor que antes	Indie
484	Nós sabemos, as coisas não foram assim tão fáceis In this brazaland way of life Poucos ficaram pra contar a história Como sabia, não nos odiamos tanto mais Fico imaginando quem roubou nossa inocência Tento descobrir a quem culpar Como nos velhos tempos Dedos apontados Sendo positivo na melhor das intenções Veja, os garotos ainda estão aqui Gritando por mudança Veja, eles ainda acreditam Em se unir, lutar, ganhar poder Tantas divisões pelo caminho Nossa guerra sempre foi a menos pior Se ainda conseguimos rir de tudo Por pior que isso	Indie
485	Sufocar, atrás de paredes que se fecham Numa cidade sem espaço pra crescer Optar entre a guilhotina e a gravata Se moldando ao meio, imaginando ter poder Tudo ao redor Parece encolher Do pó ao pó Nada vai florescer O rolo compressor te atropela Vem te esmagar! Permanecer de pé! (De pé até o fim) Permanecer de pé! (De pé até o fim) Focar, competir, vencer! Prosseguir Por novos caminhos não tão estreitos No labirinto de desejo artificial Ser mais um Pode fazer toda a diferença Não questione Ninguem vai te responder Inquietação Sem poder, sem viver Pronto	Indie
486	deve existir uma nova forma de ver, de olhos fechados poder entender. se todos os livros que eu puder ler não lembrarem nada e eu não conseguir viver! Viver! Viver e ter e ver e crer! Viver! Viver! Viver e ver em.... se posso aprender também posso ensinar aberto ao novo e nunca cristalizar gritar, chorar, doer, pensar em mim. viver	Indie
487	Não sou um bom jogador Não sei dizer frases feitas Nada parece ser como é Posterga-se toda dor Faça-se a razão Deixo tudo em suas mãos Tudo que pensei por ontem Hoje não mais tentar Crer na vida de bons cidadãos Ruas iluminadas roupas limpas Nada parece ser como é Onde há muros há o que esconder Faça-se a razão Embaixo dos olhos da escravidão Não repita o que fez ontem Hoje não mais duvidar Sofrer por você Viver lutar De joelhos hesitar Por não	Indie
488	Um bom computador e um carro veloz pra me manter distante de mim. Um amplo progresso entre zero e um, esconder em você meus erros. Pensar sim, dizer um não. Quanto mais perto mais distante do que sou. Vou mentir, exagerar. Essa verdade já não tem tanto valor. Deletar o que realmente sinto e posso acreditar. Programar uma nova linguagem em que eu possa	Indie
489	Outra noite mal dormida Pança cheia de comida Banho a jato, tapear o cheirinho Nesse corpo moído pode conter traços de mim Emprego, salário, aluguel Só na morte um lote no céu? Quem é teu dono, o que te corrói? Via de regra a dor dos outros não dói A dor dos outros não dói Insônia, angústia, dor de dente A	Indie
490	Cabresto do medo Conduz todo o gado O estalar do chicote Empurra para o abate Sem sequer encostar Inimigo inventado Truque velho, surrado Quem leva vantagem? Em meio à mensagem Dividir e conquistar Todo noticiário é um negócio Estampado na capa, o instrumento de um sócio A verdade é um	Indie
491	Se eu freio Não bato no muro Se acelero Eu atravesso Se eu me seguro Eu não caio Mas se eu salto Eu flutuo Se eu	Indie
492	A cidade, oprime, encurrala, atropela Em compensação por dentro Sigo com o peito florido Para balancear Você e eu Somos o sumo da cidade Espremem nossa liberdade Querem nos fazer sangrar Constelação nos prédios Tapeçaria de asfalto Nós de forca, cadafalsos Prontos pra nos fazer sangrar Cada dia o cerco fecha mais e mais Arregalo bem	Indie
493	Acorda, mas pode ser sem pressa Lá fora o dia começa cedo E nós não temos nada a perder E aqui dentro, o tempo passa lento Nunca me arrependo de perder Esse tempo com você Acorda, e fica mais um pouco Cê sabe que eu sou louco E é aqui que a gente vai se entender Pra que, complicar assim Não tem nada de errado pode confiar em mim Então deixa, eu tentar cuidar de você Que eu deixo, Pra amanhã o que eu tenho pra fazer Então deixa, eu tentar cuidar de você Que eu deixo, Pra amanhã o que eu tenho pra fazer Acorda, e nunca mais se vá Se for de	Indie
494	E eu, que nunca fui exemplo de calma Agora eu to bem melhor Se for, fica na minha memória E assim eu sigo só E a gente se vê por aí, quem sabe? E a gente se vê por aí, quem sabe? Ser solto é bem melhor Ser leve é bem melhor Celebre a vida e só E solto eu não tô só Eu nunca estive	Indie
495	Não vou mentir Em dizer Que sinto falta da minha vida bagunçada Mas com você Eu tô bem melhor Confesso que tô tão tranquilo Até engordei uns quilos De tão confortável que você me deixa Com a luz baixa Ouvindo um Jamie Cullum Meio deitado no seu colo até adormecer Eu tô sossegado Aqui do seu lado Eu tô sossegado Aqui do	Indie
496	"Ei moça, do que será que ""cê"" tá rindo? A gente nunca conversou Mas te ver de longe é bom de mais Ei moça, me diz onde você ta indo Talvez"	Indie
497	Eu admito, tive a intenção de fazer difícil Não rolou não rolou não rolou hhaaii Eu lembro que você ligava Eu fingia que não tava e desligava o celular Eu lembro que minha	Indie
498	O telefone toca e o meu peito vibra Tipo de coisa que só acontece quando cê me liga (x2) E eu lá esperando cê ligar Torcendo pra não ser um telemarketing de venda E eu vou chorar se tentar me vender Algum tipo de plano que não seja o meu com	Indie
499	Olha vê se não é um lindo dia pra ofender alguém Principalmente se esse alguém sou eu Me desculpe se eu não sou você Ou muito mais se o seu problema é meu Ou é comigo é sem motivo E se tiver como é que fica Se resolve com o som que a energia se dissipa Acho que não, não é bem assim	Indie
500	Samba pra espantar a dor Só quem já sambou sabe o que é viver em paz Samba pra espantar a dor Só quem já sambou sabe o que é melhor pra nós Eu te vi chegando Cê me viu te olhando Eu descabelado Cê vestido branco Chamei pra dançar, mas eu nem sei sambar Que bom que cê chegou Precisava de alguém pra me ensinar Eu disse: Olá, você disse: Vamo lá Não entendi	Indie
501	Imagina só, nó dois a sós Tipo um vazio pra dois sóis Como se nada importasse além de nós Você sabe como é mulher Eu não tô nem aí, quando você tá aqui Pois basta eu te ouvir Fica até mais fácil pra Dormir em paz, sem mais confusão Sou mais, momentos reais Aqui deixo minha gratidão Passa o tempo, mas o vento Não parou de soprar Pensamento contra sentimento Só pra contrariar Passa o tempo, mas o vento Não	Indie
502	Mais um dia sem graça Tanta coisa normal Já tô louco pra sair de casa Nada me para nem um sinal Já, peguei meu violão e meu tênis furado Deixei pra trás meu celular Tava tentando achar o caminho de casa Quando caí na estrada pra pôr a cabeça no lugar Meio observador que observava a dor Das pessoas e lugares, mas ninguém me notou Curtia mesmo era o sol das três e meia com um vento forte De noite lua cheia e se tiver sorte Uma gaita pra soprar Uma gata pra abraçar Fazendo um som, um	Indie
503	Pra onde ela vai Todo mundo sabe que ela quer ir Pra onde eu vou Se depois de amanhã ela não vai estar aqui E se ela vai que vai levando um pedaço de mim Leve o mais leve descontraído que seja assim Será que ela vai se lembrar Será que ela não vai se esquecer Será que ela vai se lembrar de mim Será que ela não vai se esquecer Vai de avião vendo o tempo passar Na imensidão vendo o sol se deitar Chega a lua então pra me reconfortar Abre o olho só quando chegar Vai de	Indie
504	"Sempre me imaginei assim Livre pra fazer o que eu tiver afim ""Vamo"" lá, seja o que eu quiser E o futuro só pertence a mim Acorda dessa vida Vem viver Aquele seu sonho Aquele impossível Aquele estranho E vai falar que eu resolvi Do nada foi"	Indie
505	Abre essa janela e deixa o sol entrar Hoje é meu último dia Que eu tirei pra vadiar Tô largando mão de toda confusão Tô saindo fora, mas não sei se volto não Adeus pra quem me conheceu Eu vou atrás porque esse sonho é meu Tô despedindo dos amigos Já tô pronto pra partir Hoje é meu último dia Porque eu vou morrer Eu vou morrer de rir Eu vou morrer de rir Abre essa janela me deixa respirar Hoje é meu último dia Que eu tirei pra relaxar O	Indie
506	Rapaz vou te falar Três semanas sem bodar Não vai dar pra aguentar não Eu tô deitado desde as dez Já comi sete pasteis E é cada coisa que me passa na cabeça Penso em não pensar e daí já pensei Faço planos pra Agosto de 2026 É tanta coisa que nem lembro E gente que conheço Tudo isso em pensamento Se eu não durmo eu enlouqueço	Indie
507	Só acho que, eu não tô pronto Pra essa história de crescer Lazer é meu trabalho e eu trabalho com prazer Não sei, mas existe alguma coisa em mim Que você não resiste Já falei, já gritei, mas você sempre insiste Não é hora de cobrar, não me vem com esse olhar Que eu também não tô ligando Pro que os outros vão pensar Se pá, eu sou meio vagabundo Se pá, não sincronizo com seu mundo Então eu deixo pra depois o que eu posso fazer agora Tô bastante ocupado, cê sabe essas horas Já tô indo embora Tô saindo da cidade com você uma senhora, sem hora Pra compromisso, hoje tem reunião Mas não é no meu serviço É com os amigos, é da zoeira Tá todo mundo solto porque hoje é Sexta-Feira, zoeira Só para na Segunda-Feira Mas eu tô bem Sou daqueles que preferem cem anos a mil Do que mil	Indie
508	Todo esse tempo Que eu fiquei sem te ver Me fez refletir E hoje eu posso dizer É tanta coisa boa Que eu deixei de fazer Mas nada foi em vão Nada foi em vão Não O tempo necessário Me faz amadurecer Mesmo evitando O triste fato de crescer Relacionamento sério Tentar parecer mais velho Até que eu poderia ser Um pouco mais clichê Mas eu	Indie
509	Rapaz vou te falar Três semanas sem bodar Não vai dar pra aguentar não Eu tô deitado desde as dez Já comi sete pasteis E é cada coisa que me passa na cabeça Penso em não pensar e daí já pensei Faço planos pra Agosto de 2026 É tanta coisa que nem lembro E gente que conheço Tudo isso em pensamento Se eu não durmo eu enlouqueço	Indie
510	"Ei moça, do que será que ""cê"" tá rindo? A gente nunca conversou Mas te ver de longe é bom de mais Ei moça, me diz onde você ta indo Talvez"	Indie
511	E eu, que nunca fui exemplo de calma Agora eu to bem melhor Se for, fica na minha memória E assim eu sigo só E a gente se vê por aí, quem sabe? E a gente se vê por aí, quem sabe? Ser solto é bem melhor Ser leve é bem melhor Celebre a vida e só E solto eu não tô só Eu nunca estive	Indie
512	Acorda, mas pode ser sem pressa Lá fora o dia começa cedo E nós não temos nada a perder E aqui dentro, o tempo passa lento Nunca me arrependo de perder Esse tempo com você Acorda, e fica mais um pouco Cê sabe que eu sou louco E é aqui que a gente vai se entender Pra que, complicar assim Não tem nada de errado pode confiar em mim Então deixa, eu tentar cuidar de você Que eu deixo, Pra amanhã o que eu tenho pra fazer Então deixa, eu tentar cuidar de você Que eu deixo, Pra amanhã o que eu tenho pra fazer Acorda, e nunca mais se vá Se for de	Indie
513	Eu admito, tive a intenção de fazer difícil Não rolou não rolou não rolou hhaaii Eu lembro que você ligava Eu fingia que não tava e desligava o celular Eu lembro que minha	Indie
514	Nós dois em um só Eu só não valho nada Eu só penso em nós dois Varando a madrugada Nós dois em um só Eu só não valho nada Eu só penso em nós dois Varando a madrugada E eu não valho nada E eu não valho nada E eu não valho nada Nada Chega mais e vem ficar comigo aqui A gente faz amor e paz sem fim Vem logo pra cá e não demora por favor Sei que faz um tempo mas nada mudou Nós dois em um só Eu só não valho nada Eu só penso em nós dois Varando a madrugada Nós dois em um só Eu só não	Indie
515	Pra onde ela vai Todo mundo sabe que ela quer ir Pra onde eu vou Se depois de amanhã ela não vai estar aqui E se ela vai que vai levando um pedaço de mim Leve o mais leve descontraído que seja assim Será que ela vai se lembrar Será que ela não vai se esquecer Será que ela vai se lembrar de mim Será que ela não vai se esquecer Vai de avião vendo o tempo passar Na imensidão vendo o sol se deitar Chega a lua então pra me reconfortar Abre o olho só quando chegar Vai de	Indie
516	Não vou mentir Em dizer Que sinto falta da minha vida bagunçada Mas com você Eu tô bem melhor Confesso que tô tão tranquilo Até engordei uns quilos De tão confortável que você me deixa Com a luz baixa Ouvindo um Jamie Cullum Meio deitado no seu colo até adormecer Eu tô sossegado Aqui do seu lado Eu tô sossegado Aqui do	Indie
517	Olha vê se não é um lindo dia pra ofender alguém Principalmente se esse alguém sou eu Me desculpe se eu não sou você Ou muito mais se o seu problema é meu Ou é comigo é sem motivo E se tiver como é que fica Se resolve com o som que a energia se dissipa Acho que não, não é bem assim	Indie
518	"Sempre me imaginei assim Livre pra fazer o que eu tiver afim ""Vamo"" lá, seja o que eu quiser E o futuro só pertence a mim Acorda dessa vida Vem viver Aquele seu sonho Aquele impossível Aquele estranho E vai falar que eu resolvi Do nada foi"	Indie
519	Samba pra espantar a dor Só quem já sambou sabe o que é viver em paz Samba pra espantar a dor Só quem já sambou sabe o que é melhor pra nós Eu te vi chegando Cê me viu te olhando Eu descabelado Cê vestido branco Chamei pra dançar, mas eu nem sei sambar Que bom que cê chegou Precisava de alguém pra me ensinar Eu disse: Olá, você disse: Vamo lá Não entendi	Indie
520	Mais um dia sem graça Tanta coisa normal Já tô louco pra sair de casa Nada me para nem um sinal Já, peguei meu violão e meu tênis furado Deixei pra trás meu celular Tava tentando achar o caminho de casa Quando caí na estrada pra pôr a cabeça no lugar Meio observador que observava a dor Das pessoas e lugares, mas ninguém me notou Curtia mesmo era o sol das três e meia com um vento forte De noite lua cheia e se tiver sorte Uma gaita pra soprar Uma gata pra abraçar Fazendo um som, um	Indie
521	Só acho que, eu não tô pronto Pra essa história de crescer Lazer é meu trabalho e eu trabalho com prazer Não sei, mas existe alguma coisa em mim Que você não resiste Já falei, já gritei, mas você sempre insiste Não é hora de cobrar, não me vem com esse olhar Que eu também não tô ligando Pro que os outros vão pensar Se pá, eu sou meio vagabundo Se pá, não sincronizo com seu mundo Então eu deixo pra depois o que eu posso fazer agora Tô bastante ocupado, cê sabe essas horas Já tô indo embora Tô saindo da cidade com você uma senhora, sem hora Pra compromisso, hoje tem reunião Mas não é no meu serviço É com os amigos, é da zoeira Tá todo mundo solto porque hoje é Sexta-Feira, zoeira Só para na Segunda-Feira Mas eu tô bem Sou daqueles que preferem cem anos a mil Do que mil	Indie
522	O telefone toca e o meu peito vibra Tipo de coisa que só acontece quando cê me liga (x2) E eu lá esperando cê ligar Torcendo pra não ser um telemarketing de venda E eu vou chorar se tentar me vender Algum tipo de plano que não seja o meu com	Indie
523	Todo esse tempo Que eu fiquei sem te ver Me fez refletir E hoje eu posso dizer É tanta coisa boa Que eu deixei de fazer Mas nada foi em vão Nada foi em vão Não O tempo necessário Me faz amadurecer Mesmo evitando O triste fato de crescer Relacionamento sério Tentar parecer mais velho Até que eu poderia ser Um pouco mais clichê Mas eu	Indie
524	Imagina só, nó dois a sós Tipo um vazio pra dois sóis Como se nada importasse além de nós Você sabe como é mulher Eu não tô nem aí, quando você tá aqui Pois basta eu te ouvir Fica até mais fácil pra Dormir em paz, sem mais confusão Sou mais, momentos reais Aqui deixo minha gratidão Passa o tempo, mas o vento Não parou de soprar Pensamento contra sentimento Só pra contrariar Passa o tempo, mas o vento Não	Indie
525	Abre essa janela e deixa o sol entrar Hoje é meu último dia Que eu tirei pra vadiar Tô largando mão de toda confusão Tô saindo fora, mas não sei se volto não Adeus pra quem me conheceu Eu vou atrás porque esse sonho é meu Tô despedindo dos amigos Já tô pronto pra partir Hoje é meu último dia Porque eu vou morrer Eu vou morrer de rir Eu vou morrer de rir Abre essa janela me deixa respirar Hoje é meu último dia Que eu tirei pra relaxar O	Indie
526	Atitude Tinga das Gerais Nasci no meio da No meio do canavial Mamãe fugia do açoite E papai pro cafezal Pra enganar o capitão E mamãe me parir Veja só que hipocrisia Não ter o direito de existir Êh liberdade É um sonho Eu procuro por tí Êh liberdade É um sonho Eu procuro por tí Tire-me deste cativeiro Me sinto dentro	Indie
527	Posso até imaginar Você sambando com a saia na mão Solta no próprio gingado Pirueta, pirueta me fez reparar. Tua chinela te deu Levanta poeira no meu coração Deixo descansar a sombra O fogo e o desejo eu vou Esperar Cante, dance, ao ritmo do tamborim Tudo junto A música lhe pede assim Beba o cálice dessa mulher Forte, norte é tudo que o homem quer. ‘me rendo' imaginou!	Indie
528	Iê, beira d'água Tô na carreira do rio Ê, beira d'água Tô na carreira! Eterno Bidiu feito na farofa Galinha D'angola O Chico falou pra por mais limão na sua batida Mas o Roberto nem se tocou quando a morena sorrindo pra ele os olhinhos virou! O-ou! O-ou! Iê, beira d'água Tô na carreira do rio Ê, beira d'água Tô na carreira! Paulinho afinou a sua viola animando a festa E Milton cantou o seu nascimento rimando com graça! E no	Indie
529	Para cantar favela blues Muito é preciso viver Sentir o corte profundo Que fere todo esse mundo E crer que você não está tão só Não, não Trazer o brilho no olhar Quando o sol se esconder E ser uma chama viva Uma chama viva Você é uma chama	Indie
530	Nunca vi país democrata para ter tanto Rei (Tanto Rei, tanto Rei). Rei do Rock, Rei do Samba, Rei da bola. Enquanto o Rei da juventude enrola, cantando coisas para a gente sofrer. Nunca vi país de machista para ter tanto gay (Tanto gay, tanto gay) Rosa Linda, Margarete, Agênir. Enquanto isso ela não se conforma e passa fome sem ninguém pra comer. Falei, silicone, sutiã, paetê. Nunca vi país tão sem história para ter tanta novela (Novela, novela) Que resume a cultura da nação. Tarcisio Meira descobriu o Brasil E Cajarana inventou o avião. Nunca vi país tão difícil pra falar português (Português, português).	Indie
531	Foi lá pelas três da manhã Que tudo começou A orquestra foi logo parando e todo mundo levantou (2x) Era a Orange Lady que chegava então toda descabelada com a faca na mão gritando o nome do Juca que na confusão se mandava de leve lá pelo portão Escuta aí seu moço, não faz isso não Içando meu dinheiro pela conceição Eu sou de Bom Jesus da Lapa e por favor não me faça ir contra as leis do meu Senhor Não me faça pecar, não Não me faça isso,	Indie
532	Pira,pira,pira Pirapora Pirou Pira,pira,pira Pirapora pirou Carancas,Benjamin Me beijou O Marechal pirou O doce das águas Encantou Iemanjá Veio pra Pirapora Abandonando o mar Pirapora pirou Pirapora pirou Pira,pira,pira Pirapora pirou Pira,pira,pira Pirapora pirou Nas enchentes	Indie
533	Anjo querubim Anjo malmequer Quer um bem pra mim Ora se quer No seu andor, no seu altar Lâmpada de Aladim Dá o esplendor Dá uma flor Num castiçal de jasmim Meu anjo querubim Anjo querubim Que nasceu no céu Asas de cetim Lábios de mel Meu bem querer Meu bem estar Minha	Indie
534	ZAMBA BEN, AFEIA MOUNT'TEMP CHIC COM'DIB LEI ZAMBA BEN É ZAMBA DE ANGOLA E AQUI JÁ TEM TAMBÉM (BIS) ZAMBEI DEMAIS QUE DE MANHÃ EU LÁ NA PRAIA ACORDEI ZAMBEI DEMAIS QUE DE MANHÃ EU ME ENCONTREI OH, OH, OH, OH DEITADO A SOMBRA DE UM COQUEIRO	Indie
535	Atitude Tinga das Gerais Nasci no meio da No meio do canavial Mamãe fugia do açoite E papai pro cafezal Pra enganar o capitão E mamãe me parir Veja só que hipocrisia Não ter o direito de existir Êh liberdade É um sonho Eu procuro por tí Êh liberdade É um sonho Eu procuro por tí Tire-me deste cativeiro Me sinto dentro	Indie
536	Posso até imaginar Você sambando com a saia na mão Solta no próprio gingado Pirueta, pirueta me fez reparar. Tua chinela te deu Levanta poeira no meu coração Deixo descansar a sombra O fogo e o desejo eu vou Esperar Cante, dance, ao ritmo do tamborim Tudo junto A música lhe pede assim Beba o cálice dessa mulher Forte, norte é tudo que o homem quer. ‘me rendo' imaginou!	Indie
537	Iê, beira d'água Tô na carreira do rio Ê, beira d'água Tô na carreira! Eterno Bidiu feito na farofa Galinha D'angola O Chico falou pra por mais limão na sua batida Mas o Roberto nem se tocou quando a morena sorrindo pra ele os olhinhos virou! O-ou! O-ou! Iê, beira d'água Tô na carreira do rio Ê, beira d'água Tô na carreira! Paulinho afinou a sua viola animando a festa E Milton cantou o seu nascimento rimando com graça! E no	Indie
538	Para cantar favela blues Muito é preciso viver Sentir o corte profundo Que fere todo esse mundo E crer que você não está tão só Não, não Trazer o brilho no olhar Quando o sol se esconder E ser uma chama viva Uma chama viva Você é uma chama	Indie
539	Nunca vi país democrata para ter tanto Rei (Tanto Rei, tanto Rei). Rei do Rock, Rei do Samba, Rei da bola. Enquanto o Rei da juventude enrola, cantando coisas para a gente sofrer. Nunca vi país de machista para ter tanto gay (Tanto gay, tanto gay) Rosa Linda, Margarete, Agênir. Enquanto isso ela não se conforma e passa fome sem ninguém pra comer. Falei, silicone, sutiã, paetê. Nunca vi país tão sem história para ter tanta novela (Novela, novela) Que resume a cultura da nação. Tarcisio Meira descobriu o Brasil E Cajarana inventou o avião. Nunca vi país tão difícil pra falar português (Português, português).	Indie
540	Foi lá pelas três da manhã Que tudo começou A orquestra foi logo parando e todo mundo levantou (2x) Era a Orange Lady que chegava então toda descabelada com a faca na mão gritando o nome do Juca que na confusão se mandava de leve lá pelo portão Escuta aí seu moço, não faz isso não Içando meu dinheiro pela conceição Eu sou de Bom Jesus da Lapa e por favor não me faça ir contra as leis do meu Senhor Não me faça pecar, não Não me faça isso,	Indie
541	Pira,pira,pira Pirapora Pirou Pira,pira,pira Pirapora pirou Carancas,Benjamin Me beijou O Marechal pirou O doce das águas Encantou Iemanjá Veio pra Pirapora Abandonando o mar Pirapora pirou Pirapora pirou Pira,pira,pira Pirapora pirou Pira,pira,pira Pirapora pirou Nas enchentes	Indie
542	Anjo querubim Anjo malmequer Quer um bem pra mim Ora se quer No seu andor, no seu altar Lâmpada de Aladim Dá o esplendor Dá uma flor Num castiçal de jasmim Meu anjo querubim Anjo querubim Que nasceu no céu Asas de cetim Lábios de mel Meu bem querer Meu bem estar Minha	Indie
543	ZAMBA BEN, AFEIA MOUNT'TEMP CHIC COM'DIB LEI ZAMBA BEN É ZAMBA DE ANGOLA E AQUI JÁ TEM TAMBÉM (BIS) ZAMBEI DEMAIS QUE DE MANHÃ EU LÁ NA PRAIA ACORDEI ZAMBEI DEMAIS QUE DE MANHÃ EU ME ENCONTREI OH, OH, OH, OH DEITADO A SOMBRA DE UM COQUEIRO	Indie
544	Oh, meu amor, não fique triste Saudade existe pra quem sabe ter Minha vida cigana me afastou de você Por algum tempo eu vou ter que viver Por aqui, longe de você Longe do teu carinho E do teu olhar Que me acompanha, já tem muito tempo Penso em você a cada momento Sou água de	Indie
545	Sei que só você me faz sentir assim Tão bem que as vezes nem lembro de mim E me esqueço num canto somente a pensar Em ter o seu sorriso a me iluminar E a nossa história já faz tantos anos Que eu já não consigo mais lembrar De quando eu foi o primeiro friozinho na barriga Que até hoje me faz Arrepiar... Sei que não é preciso Dizer o quanto eu Preciso de você, ahn-ham E a nossa história já faz tantos anos Que eu já não consigo mais lembrar De quando eu foi o primeiro friozinho na barriga Que	Indie
546	Tudo que eu vejo são flores Tristes fatos guardados Na terra do jardim Regados por lágrimas de dores Da mulher que escolheu Viver assim E vez ou outra me pedia ajuda Cravo, rosa ou um alecrim Só não entendo por que era tão triste O que via tanto em mim Olha! Lá vai a bela donzela Tão pequena Tão singela Esperando sua tristeza ter um fim Queria mesmo é tê-la em uma tela Coração, moldura nela Sendo a obra da minha vida toda Enfim E também pintaria Um sorriso e mil motivos para alegrar! E abria o maior abraço do mundo Pra ela chamar de lar Éh! Tudo que eu vejo são flores Tristes fatos guardados Na terra do jardim Regados por lágrimas de dores Da mulher que escolheu Viver assim E	Indie
547	Nas esquinas de Umuarama Sem ter muito o que fazer Eu me sento em qualquer banco E toco meu violão Todo final de semana Eu esqueço o que viver E essa vida em preto e branco Trago aqui nessa canção Um amigo meu da capital Disse-me que já estava cansado Daquela correria infernal E preferia estar aqui parado Que queria pelo menos um dia ver o sol nascer Sem se preocupar em ficar pronto e correr (Paz) Como é bom poder ter um jardim	Indie
548	Consideração Foi o que Faltou amor meu Bem que tentei Contornar O rosto com pó sorriso num nó E a máscara feita se fazer amar. Mas eis que um belo dia choveu e máscara se pôs a desmanchar exposto	Indie
549	Bem que hoje podia não amanhecer Pra eu ficar do seu lado mais um pouco Desligue o celular E deixe mundo perguntar O que estamos fazendo a essa hora Bem que hoje podia não amanhecer Pra eu ficar do seu lado mais um pouco Eu quero te ouvir O que já viveu por	Indie
550	"A vida toda eu esperei você dizer: ""A porta ta aberta, pode entrar! só cuidado pra não se perder no meu lugar!!!"" No belo dia que eu voltei, pra te chamar não pode nem me escutar fiquei la fora lhe chamando, parado, até a chuva"	Indie
551	Não sei mais Por que esperar Se já me disseram que não vais voltar Mas continuo a alimentar tal	Indie
552	Ah, quanto tempo faz que não passa mais por aqui para conversar. Diz o que fiz que te afasta por tanto tempo desse lugar. Não te agrada a idéia de um	Indie
553	Quando de olhos vermelhos e úmidos você veio me dizer não vá mais pra L.A. Confesso que me apertou o coração, ver alguém que tanto gosto	Indie
554	Ele não acreditava em sua aprovação, (ã ã ã ÃO) mas se mostrou ser o grande Carlão (pa pa pa pá, pa PÁ!)	Indie
555	Ele só não queria ver Sua amada chorar, Não era essa a intenção Quando falou em acabar. As vezes, acaba por acontecer E ninguem sabe	Indie
556	Se eu desço, quer que eu suba Se eu subo, me quer no chão Se eu me levanto, me derruba Se eu derrubo, sou o vilão Mas não esquento mais a juba Nem perco a respiração Pois o amor em flauta ou tuba Sopra a vida o coração Sopra a vida o coração Ela sempre foi minha preferida Fez tudo ter sentido em toda ação Do meu jardim a mais bela margarida É a chuva fina e doce em meu sertão E agora tudo tem alguma graça Até se já não temos mais cachaça Pois tudo melhor quando ela me abraça E tudo passa, tudo passa	Indie
557	Pensei que ilusões seriam Pequenos potes de veneno, Sofrimento ameno Como chuva em fevereiro Espero entardecer E as flores que em silencio choram, Decoram o meu sofrer De viver em paz Fiz por	Indie
558	Pode ser que os dias passem passe a chuva, a santa, a vontade te dar tanta atenção assim Pode ser que não Pode ser que as coisas fiquem Pode ser que o mundo gire e de repente tudo esteja pelo chão Pode ser que não A paisagem simples encerra muito mais do que lhe ocorreu em outra maneira de perceber Pode ser que a luz se acenda e as cores que se mostram não te agradem ou comovam	Indie
559	Doce de jabuticaba nunca, nunca, nunca acaba compro naquela espelunca e não vou enjoar nunca. É tão facil me agradar e também é bem barato (é bem barato, é!!!) pois não sou	Indie
560	Passei meu ano inteiro me sentindo tão só Rotina, correria e pouco sono Se pudesse escolher mudaria de vida Pra algo que dela fosse bem mais dono Trabalhar pra valer no que me faz sentido E esgotar minha força de colono Tocar de sol a sol e dó mi no sol fá E viajar de outono a outono Então papai noel me dê uma guitarra E me ajude a aprender a tocar E se fecharmos shows pros lados de Recife Empresta o seu trenó pra eu viajar! (Sente só, Santa Claus) Desde pequeninho comecei a gostar Do tal Titãs e Vermelho Barão	Indie
561	Espero que esteja melhor Agora que a chuva passou E você pode então subir E ver de cima que não foi Só seu jardim que alagou Só seu amor que foi embora Que fora algum então sobrou Choveu em quase todo mundo E só você não percebeu Todos estão recuperando Do azar que achou que era só seu Espero que esteja melhor Agora que a chuva passou E você pode então subir	Indie
562	Hoje eu quis brincar de ter ciúme de você Mas sem porque meu coração me avisou que não Fingi na hora rir Talvez por aqui estar tão longe de você pra te dizer Aquilo que eu temia aconteceu ou foi só ilusão Você manchou nós dois e desbotou a cor de um só coração Ou anda sozinha, me esperando pra dizer coisas de amor Pois eu, eu só penso em você Já não sei mais porque Em ti eu consigo encontrar Um caminho, um motivo, um lugar Pra eu poder repousar meu	Indie
563	Tudo que eu vejo são flores Tristes fatos guardados Na terra do jardim Regados por lágrimas de dores Da mulher que escolheu Viver assim E vez ou outra me pedia ajuda Cravo, rosa ou um alecrim Só não entendo por que era tão triste O que via tanto em mim Olha! Lá vai a bela donzela Tão pequena Tão singela Esperando sua tristeza ter um fim Queria mesmo é tê-la em uma tela Coração, moldura nela Sendo a obra da minha vida toda Enfim E também pintaria Um sorriso e mil motivos para alegrar! E abria o maior abraço do mundo Pra ela chamar de lar Éh! Tudo que eu vejo são flores Tristes fatos guardados Na terra do jardim Regados por lágrimas de dores Da mulher que escolheu Viver assim E	Indie
564	Ô, ô, ô, ô! Bruno era tão bom moço Tinha a consciência em paz E nunca fez qualquer esforço Para viver com alguém mais Ô, ô, ô, ô! Bruno sim, era carente Mas também era durão E entupia sua mente Para esquecer da solidão Ô, ô, ô, ô! Júlia tinha tão bom gosto Mas também era teimosa E ao tapa ela dava o rosto Amor, fortuna perigosa! Ô, ô, ô, ô! E Júlia então	Indie
565	Sei que só você me faz sentir assim Tão bem que as vezes nem lembro de mim E me esqueço num canto somente a pensar Em ter o seu sorriso a me iluminar E a nossa história já faz tantos anos Que eu já não consigo mais lembrar De quando eu foi o primeiro friozinho na barriga Que até hoje me faz Arrepiar... Sei que não é preciso Dizer o quanto eu Preciso de você, ahn-ham E a nossa história já faz tantos anos Que eu já não consigo mais lembrar De quando eu foi o primeiro friozinho na barriga Que	Indie
566	Quer saber? Não faço mais pra poder agradar você Não sabe o que passei para chegar aqui E dá as flores mais saudáveis do jardim Recado a gotas de Coração Que tende não mais crer em tudo que é real (Coração) Prefere então viver nos sonhos Coração Que tende não mais crer em tudo que é real	Indie
567	Ela que vivia sozinha Só queria saber O que devia ter De especial no amor E num dia especial Encontrou o seu sol E sentiu algo anormal Refrão Mas a distância (A distância) Que afasta a	Indie
568	Hey, Morena! Veja só... Só queria atenção: Tô aqui! Todo dia. Toda hora. Todas essas cores em sua janela foram eu na	Indie
569	Não! não é minha culpa Se é isso que queres saber Mas não consigo entender O que te passa Jogando tua sorte ao vento Sabe lá o que vai haver Mas me espere pra te acompanhar Andar sobre brasas Pois pode crer Que teu irmão aqui Não vai te deixar Assim tão só Num mundo cruel Sem ter onde chegar Não! Não	Indie
570	Enquanto meu corpo Dança Entre pingos d’água E os meus olhos Imitam nuvens, Volto a	Indie
571	O Mestre Frank comprou um tanque, pois sua máquina de lavar apresenta um problema banal: lava todas suas anotações guardadas em seu bolso preferido para esquentar idéias. O Mestre Frank é mais palco que palanque até mesmo em ano eleitoral,	Indie
572	Nas esquinas de Umuarama Sem ter muito o que fazer Eu me sento em qualquer banco E toco meu violão Todo final de semana Eu esqueço o que viver E essa vida em preto e branco Trago aqui nessa canção Um amigo meu da capital Disse-me que já estava cansado Daquela correria infernal E preferia estar aqui parado Que queria pelo menos um dia ver o sol nascer Sem se preocupar em ficar pronto e correr (Paz) Como é bom poder ter um jardim	Indie
573	Na hora de acordar Difícil é ficar de pé O mundo inteiro cheira a café E a gente vai trabalhar Em noite alta é tão bom Ficar alto Até cair no sono dos justos Justamente ao seu lado Do outro lado bem desperto Eu crio, corre, cresço, levanto voo Eu faço tudo Mundo não passa de esboço E o tempo passa E eu pulo e nado E o mundo é nosso Até o despertador tocar Na hora de acordar Difícil é ficar de pé O mundo inteiro cheira a café E a gente vai trabalhar Em noite alta é tão bom Ficar alto Até cair no sono dos justos Justamente ao seu lado Do outro lado bem desperto Eu crio, corre, cresço, levanto voo Eu faço tudo Mundo não passa	Indie
574	Eu pensei Que era tão normal Mal calculei E já confrontei Apenas pra sentir pesar Convocado por assombração Sem ter qualquer perdão Tão querido por	Indie
575	Ele só queria ver o sol Mas nunca saía do seu quarto Culpava a incerteza e a distância Só se for fácil e garantido, aí eu faço Nunca joga nada e quer massagem (só massagem) Não quer nem ver o jogo e só quer gol (só quer gol) Não lê o livro, só quer a mensagem (nunca lê) E só chupa a laranja que um outro descascou Rezava, mas esquecia de crer Queria o bem, mas só levava a mal E quando, então, o papo era fazer Preferia voltar só no final Pois sempre foi mais fácil esperar (esperar) E ver as flores no jardim dos outros (no jardim) Esperar para ver no que	Indie
576	Ela queria apenas ser gentil com aquele rapaz tão bossal que não aceitou tal humilde gentileza e disse que queria viver na tristeza da solidão que fustiga o coração de quem tenta viver por si só e que não sabe o quanto é bom viver ao lado de alguém que quer da vida o melhor: Viver em paz, com quem quer que seja ouvindo música e bebendo cerveja. Essa é a vida que eu pedi para Deus, só	Indie
577	Muito pouco tempo após o sol se despertar A obrigação não exitou em lhe chamar no celular E ela então abriu os olhos Não mais que dez minutos e ela já se aprontou Em frente ao espelho, conferia o cabelo, a roupa e o rosto E já estava tão bonita E mesmo com a rotina tão	Indie
578	Sentado na poltrona de número cinco Ao lado da janela olhando a chuva eu sinto Oh, saudade dela que é forte desalento E eu me seguro em tal momento Pra ela não ver eu chorar em uma partida Oh, vida que eu mesmo escolhi Mas pelo menos, sei que vivi Diga-me por que tem que partir Não sei por que você se vai Se todos querem-lhe aqui Diga se não lhe agradou o clima Ou se	Indie
579	Ela sempre soube que seu maior valor nunca coube nem dizer se pressupõe que até o insensato vai perceber. E nunca preocupou-se em fazer crer nem mesmo acreditava poder fazer. Mas um dia percebeu o seu poder E saiu a sorrir ganhando corações	Indie
580	Uh! De tanto viver sozinha Ela já se acostumou Não alimenta esperança Já que o amor nunca lhe visitou E hoje, leva a vida como pode Se a barra pesa, sacode Mas ela nunca vai parar Com a	Indie
581	Eu quero ver as suas pernas cansadas Até o final dessa noite De tanto a gente dançar Eu quero ver a sua sola já gasta Não importa em qual pista de dança (ah rá rá) Eu quero ter que dar satisfação Não importa se vai ser difícil ou não Por te fazer te cansar ou por fazer essa canção E a gente faz uô, uô, e a noite passa num segundo E a gente nem vêêê Um novo dia começar (2x) Eu quero ver as suas pernas cansadas Até o final dessa noite De tanto a gente dançar Eu quero ver	Indie
582	Meu amigo em que tanto me apoiei Hoje eu lhe agradeço E veja que eu reconheço Tudo o que pode fazer E agora lhe dedico esta canção Singela recordação Feita com um	Indie
583	Isso é só pra dizer Que espero você por aqui Pra então a gente poder pensar no que fazer Se um ou dois não querem viver Não é motivo pra eu desistir Preciso apenas recomeçar, fazer acontecer E hoje eu acordei com uma vontade de chorar Recém-nascido (?) aos vinte anos E antes de me diluir Eu vou lhe telefonar Pra quem me acompanha em tantos planos E quando você atender Isso é só pra dizer Que espero você por aqui	Indie
584	Logo após ele acordar De um sonho intenso que acabara de sonhar Percebeu não estar mais lá Onde tudo era tão simples de se amar Bem que tentou regressar Fechando os olhos Não querendo acreditar Difícil não se apegar A uma vida confortável a um sofá Mas nem tudo foi só sonho Do que aconteceu por lá Cicatrizes eu	Indie
585	Oh, meu amor, não fique triste Saudade existe pra quem sabe ter Minha vida cigana me afastou de você Por algum tempo eu vou ter que viver Por aqui, longe de você Longe do teu carinho E do teu olhar Que me acompanha, já tem muito tempo Penso em você a cada momento Sou água de	Indie
586	Ele tem Mania de ser joão ninguém Vivendo a esperar o fim Pensando que tudo vai se acabar Simplesmente assim. Ele vai Sendo negativo, mas não cai E aos poucos ele ganha e cresce Ele sabe que é um vitorioso adormecido, Mas não reconhece. Um cara como você Que nasceu para vencer, Tem que querer viver Intensamente Como a lava quente Que amedronta a gente E que nos faz temer Erupção Como num coração Que explode em emoção A uma paixão nascer. Vitorioso adormecido Não espere o fim Acorde agora, vá embora A vida é assim! Vitorioso adormecido Não espere o fim Acorde agora, vá embora A vida é assim!	Indie
587	Eu que até ia esperar Para ver você voltar Oh meu grande amor Mas algo disse ao meu coração Que eu já não tinha razão Pra te querer Pois foi você Que sempre me fez chorar Até cansei de sofrer	Indie
588	Eu respiro tentando encher os pulmões de vida, mas ainda é difícil, deixar qualquer luz entrar. Ainda sinto por dentro toda dor dessa ferida, mas o pior é pensar, que isso um dia vai cicatrizar Eu queria manter cada corte em carne viva, a minha dor em eterna exposição, e sair nos jornais e na televisão só pra te enlouquecer, até você me pedir perdão Eu já ouvi 50 receitas pra te esquecer e só me lembram que nada vai resolver, porquê tudo, tudo me traz você e eu já não tenho mais, nem pra onde correr O que me dá raiva, não é o que você fez de errado, nem seus muitos defeitos, nem você ter me deixado nem seu jeito	Indie
589	Alô menina, eu tô morrendo de saudade Te liguei só pra falar, que bateu essa vontade de te ver Andei pensando em você, só em você Olha menina, não importa a distância Se você ficar sozinha, se você ficou na minha, diz pra mim Se você quiser, posso voar, e te encontrar Eu só penso em você Diz se você pensa em mim Eu só penso em você Diz se você pensa em mim Diz que pensa em mim Eu sei menina, é difícil acreditar, O beijo que você me deu, ainda faz meu coração acelerar Queria tanto te ligar, pra te falar Sei lá menina, o que você vai achar Se eu te disser que eu me apaixonei e entrei no labirinto da paixão Sem você eu posso me perder, me dê a mão Eu só penso em você Diz se você pensa em mim Eu só penso em você Diz	Indie
590	Hoje eu acordei tão rápido Nem deu tempo de te dar bom dia Tinha tanto a fazer, eu dei um pulo da cama Não ganhei, teu beijo A casa limpa, os lençóis trocados Um filminho, a TV, do jeito que a gente gosta A roupa lá fora, o barulho na rua Os ruídos da gente, o silencio depois Uhuuu, deu saudade Uhuu, saudade Uhuuu,	Indie
591	Aí está você, parada, estagnada. Como uma estatua, segue em seu lugar Com minhas fantasias quebro as correntes Penetro tua mente, invado seu olhar Farpas e espinhos do seu labirinto Me fazem sangrar na hora de voltar Vou chutando as pedras que entram no caminho Faço teu castelo, com o que sobrar Até que meus dedos quebrados toquem canções Que me façam respirar, o ar gelado da escuridão Teus lábios me levam, aonde os meus monstros não possam me alcançar Antes da glória a redenção Ahh, Ahh, Amor sublime amor	Indie
592	Ninguém me ouve, ninguém me vê Eu sou da sombra, o sussurro, a lágrima a correr Frio na espinha, beijo roubado Por um momento, alguém ao seu lado.. Alguém... Eu sou a gota que cai no mar O sopro do vento que tenta te alcançar Sou do silencio o pensamento Viajo no tempo, corro o passado, sou o perdão, sou sua culpa, o doce e o amargo Veneno... Como um fantasma Te sigo sem você me ver Me exorcizo em sua casa Depois volto a me esconder Como um fantasma Ressuscito lembranças em você Materializo suas taras e permaneço em você Como um veneno...	Indie
593	Eu tô perdendo pra você Mas ainda temos um round inteiro O que eu espero de você É bem mais que um beijo No infinito de nós dois Onde perdemos nossa voz Passou a chuva, a noite, o vento, o medo O que ficou restou de nós Entre velas, discos, livros, na parede O nosso amor pintado em sangue e vinho tinto Eu não resisto a você e não consigo entender O que se passa em seu mundo, Quando você não vê Que eu não resisto a você, e mesmo sem saber porque Se quando estou em seu mundo, Você	Indie
594	Eu respiro tentando encher os pulmões de vida, mas ainda é difícil, deixar qualquer luz entrar. Ainda sinto por dentro toda dor dessa ferida, mas o pior é pensar, que isso um dia vai cicatrizar Eu queria manter cada corte em carne viva, a minha dor em eterna exposição, e sair nos jornais e na televisão só pra te enlouquecer, até você me pedir perdão Eu já ouvi 50 receitas pra te esquecer e só me lembram que nada vai resolver, porquê tudo, tudo me traz você e eu já não tenho mais, nem pra onde correr O que me dá raiva, não é o que você fez de errado, nem seus muitos defeitos, nem você ter me deixado nem seu jeito	Indie
595	Alô menina, eu tô morrendo de saudade Te liguei só pra falar, que bateu essa vontade de te ver Andei pensando em você, só em você Olha menina, não importa a distância Se você ficar sozinha, se você ficou na minha, diz pra mim Se você quiser, posso voar, e te encontrar Eu só penso em você Diz se você pensa em mim Eu só penso em você Diz se você pensa em mim Diz que pensa em mim Eu sei menina, é difícil acreditar, O beijo que você me deu, ainda faz meu coração acelerar Queria tanto te ligar, pra te falar Sei lá menina, o que você vai achar Se eu te disser que eu me apaixonei e entrei no labirinto da paixão Sem você eu posso me perder, me dê a mão Eu só penso em você Diz se você pensa em mim Eu só penso em você Diz	Indie
596	Hoje eu acordei tão rápido Nem deu tempo de te dar bom dia Tinha tanto a fazer, eu dei um pulo da cama Não ganhei, teu beijo A casa limpa, os lençóis trocados Um filminho, a TV, do jeito que a gente gosta A roupa lá fora, o barulho na rua Os ruídos da gente, o silencio depois Uhuuu, deu saudade Uhuu, saudade Uhuuu,	Indie
597	Aí está você, parada, estagnada. Como uma estatua, segue em seu lugar Com minhas fantasias quebro as correntes Penetro tua mente, invado seu olhar Farpas e espinhos do seu labirinto Me fazem sangrar na hora de voltar Vou chutando as pedras que entram no caminho Faço teu castelo, com o que sobrar Até que meus dedos quebrados toquem canções Que me façam respirar, o ar gelado da escuridão Teus lábios me levam, aonde os meus monstros não possam me alcançar Antes da glória a redenção Ahh, Ahh, Amor sublime amor	Indie
598	Ninguém me ouve, ninguém me vê Eu sou da sombra, o sussurro, a lágrima a correr Frio na espinha, beijo roubado Por um momento, alguém ao seu lado.. Alguém... Eu sou a gota que cai no mar O sopro do vento que tenta te alcançar Sou do silencio o pensamento Viajo no tempo, corro o passado, sou o perdão, sou sua culpa, o doce e o amargo Veneno... Como um fantasma Te sigo sem você me ver Me exorcizo em sua casa Depois volto a me esconder Como um fantasma Ressuscito lembranças em você Materializo suas taras e permaneço em você Como um veneno...	Indie
599	Eu tô perdendo pra você Mas ainda temos um round inteiro O que eu espero de você É bem mais que um beijo No infinito de nós dois Onde perdemos nossa voz Passou a chuva, a noite, o vento, o medo O que ficou restou de nós Entre velas, discos, livros, na parede O nosso amor pintado em sangue e vinho tinto Eu não resisto a você e não consigo entender O que se passa em seu mundo, Quando você não vê Que eu não resisto a você, e mesmo sem saber porque Se quando estou em seu mundo, Você	Indie
600	Eu não sei mais O que é sentir Veja, entendo Quem ama Quem sente na pele O peso que o dedo Tingiu É no inferno que tudo se vê Mundo colide, atropela você Anjos descrentes do bem e do mal Não se aproxime Desperte É real Estou de	Indie
601	As luzes passam por aqui Não trazem recados de lá Dias estranhos que vivi Tentando não me embriagar Mais um gole do meu amor Coragem pra mostrar quem sou Desejos a me confundir Lembranças fúteis descartei Um triste lugar	Indie
602	Tantas vezes que eu te falei Quantas coisas que eu deixei levar Numa sucessão de contos vis Eu espero não te perturbar E depois de desaparecer Ando um pouco e	Indie
603	Tudo se transforma no escuro Vem cair no meu mundo De fantasmas escusos De tanto esperar Sinto o mundo girando meus pés Carros seguem num túnel sem fim Atravesso, pego a contramão Sempre dizem que sou	Indie
604	Cachorros vigiam Mendigos confusos Só no submundo Estamos seguros Vem cambaleante Mas vem A fome comove Consegue uns trocados Um pão com pingado Em meio aos carros Na brecha do vidro Se	Indie
605	Ainda não esqueço desse gosto de ouvir Os ínfimos ruídos antes de acontecer A ponta do iceberg só me fez relembrar Que nada é tão grande quando pode esconder E eu e você Pensando em mudar O jeito de agir Modo de pensar Onde quer estar Quando acontecer Difícil entender Sem intuição Aqueles velhos tempos são como um baú E esse copo úmido parece fazer Parte de um	Indie
606	Sei que, às vezes, parece Que o destino se esconde De nós Queria voltar Do sentido desvia No escuro não tropeça mais Queria voltar e salvar seu Coração No vazio tateia Procurando um lugar seguro Da ponte não se atirou Talvez porque	Indie
607	Tão distante Tão disperso A fome de quê? O frio de não ter O homem é um lobo Querendo aos poucos Atacar você Tente perceber	Indie
608	Agora aqui estou (vou) Tendo que me esconder Tua mãe quer me matar e teu pai me prender Eu tenho aquele estilo que te deixa preocupada, à-toa Desleixado na bike invocada Mas não venha me dizer o que é melhor pra mim A vida vai mostrando e sempre foi assim Da escola fugi, na rua formei Pronto pra te fazer com a malícia que eu herdei O que ela quer, que eu deixe tua filha em paz E o que ela quer, que você não me procure mais Eu não tenho classe, eu não sou ninguém Eu não tenho herança que te convém Mas eu sou quem te faz tão bem Diz que eu vou te perverter e já mandou me deter Ela sonha que você é uma ingênua criança Mas eu te deixei esperta, atirada e mente aberta Junta tua mesada e vem pagar minha fiança Porque eu não sou o modelinho que você sonhou Nem sei dirigir, eu nunca fui doutor Diploma nem vi, status nem tem Na febre de vencer e provar quem é quem O que ela quer, que eu deixe tua filha em paz E o que ela quer, que você não me procure mais Eu não tenho classe, eu não sou ninguém Eu não tenho herança que te convém Mas eu sou quem te faz tão bem Sou quem te faz tão bem E o teu erro foi ter proibido, De	Indie
609	Se a vida andar tão louca Eu não vou me apegar a pequenas coisas Sei que o destino tende a surpreender as pessoas O mundo lá fora está em guerra sem por quê Nos resta o agora, viva tudo que há pra viver Só peço que eu não perca a fé no amor Pro novo sol de paz se abrir E no que a escuridão tentar te dominar Sempre uma luz irá surgir Que prevaleça a fé até na dor Pro novo sol de paz se abrir E no que a escuridão tentar Eu hei de resistir Vou adiante Pouco tempo é o bastante Pra eternizar momentos que nem são pra sempre A vida é curta, vou aproveitar Somos tão jovens, mas nem sempre inconsequentes E ninguém sabe quando um simples tchau pode ser o adeus E nunca é tarde, já que o futuro só pertence a Deus Só peço que eu não perca a fé no amor Pro novo sol de paz se abrir E no	Indie
610	Não te ver é me encontrar imerso nesse mar de fel Vou te levar pro céu, já que os opostos se atraem. E quando o fluxo é perfeito e vai girando feito carrossel Se eu te levar pro céu, a noite não acaba mais. O que nos difere nos aproxima Quando ela exerce teu poder é minha sina Te contemplar até morrer Ela aprecia um filme em boa companhia Ser interessante é a arte que ela domina Mantém a classe, o equilíbrio, é fiel onde for. Sou um mero largado, que nunca endireitou. Discreta pra beber, mas sabe se portar. E eu só dou vexame, saio sem pagar. E ela me faz tão bem, quando cai à noite eu sou refém. Ela me faz tão bem, sem você não sou ninguém. Hoje eu vou me entregar trilhar com você, pra onde você for. Pra que lógica quando se vê que é o amor E ela é toda clima zen O meu estresse é um vício Ela propaga bons modos, eu maus princípios. Se ela vai de iate, eu vou de bike ver o	Indie
611	E eu sigo em frente E Hoje nada vai me abalar Sem olhar pra trás eu vou na fé e não Vi que tudo ao meu redor ia desmoronar Como um sonho eu acordei em outro lugar E eu senti que estrela brilhou, e nada faz parar Seis horas da manhã e o sol me toca Com a paz que renova tudo em minha volta O som a noite inteira com a lua refletindo No fim do túnel a luz que cerca o meu caminho Já ta tudo pronto pra trip decolar E na bagagem traz sorte pra somar Pela sensação de liberdade é conduzido Limita o seu pudor e libera seu libido E o jogo virou E a casa caiu Causando a mil por hora e nada abala E o jogo virou A mente se abriu, eu vou voar O mundo gira e bota sempre tudo no lugar Sem me arrepender, vou continuar Manter o equilíbrio é estar na brisa, levitar Com minha bela na paz de Deus O que sobe pra mente	Indie
612	Ela não é do tipo fácil como as outras são Se todas eram problema, ela é solução Pra minha loucura ela é a cura Pro meu caos é paz É a onda certa que abre os canais É um raro diamante, é perfeição Sem vocação pra ser amante Só que respeito e atenção Ela é sincera, fora do padrão Dama na rua mas na cama ela é perdição É a classe da Sade com a Erykah Badu Flow da Lauryn Hill no ragga da Selah Sue É Alicia Keys naquele hit da Mapei Conhece Beatles mas prefere Bob Marley Não tem stress, é tipo a Mary J E a opinião dela tem mais peso que um rap do Nwa A melhor festa black, rolando Anderson Paak Inspiração do meu freestyle nessa track Rodei o mundo pra encontrar você Contando as horas só pra te ter E tendo outras que eu fui perceber Que é teu o meu amor Contei com a sorte pra não te perder Já não me importa o que me acontecer Hoje eu tô certo que eu vou com você Pra onde for Daquelas que sabe ganhar na classe Eleva tua vibe Plena rouba a cena até de jeans e vans Diva na simplicidade, é mulher de verdade Não essas de universo fictício de instagram Não tenta ser figura pública Não importa com like Dispensa usar photoshop, rolê de	Indie
613	Se tudo faz lembrar você Vou te encontrar, tentar me aproximar Algo ficou para trás, meu vício é querer te ganhar Mas eu não vou deixar tudo se perder, E ter você é o que me importa mais. Tudo acontece entre nós, Na chance que eu puder te levar.. Foi você! Que fez meu mundo desandar E me perder ao te encontrar Se conto as horas pra te convencer Que é você! E não me importa mais ninguém Pra te ter vou mais além E nada vai tirar você de mim Mas se hoje insiste em não me atender Nem vou ligar Deixar tudo como está Manter a distância entre nós Fugir é querer se enganar Quer alegar que teus pais não querem entender Que pra você eu não presto e não te deixo em paz Mas	Indie
614	"Se já não sei quem eu sou e vivo sempre a esperar, a tendência, a tendência Mudei o look e aumentou minha audiência sem eu precisar de essência, de essência Posso ser triste ou emotivo, alegre ou deprimido, mudo até você me aceitar Posso ser um nerd assumido ou um fashion colorido o que importa é alguém comprar Se quer saber, cansei, o mundo me ignora e elas não ligam pra mim, Voltei, sou rockstar agora, vazio por dentro mas por fora perfeitin"" Se eu bombar, meu site na internet você vai me amar, Vou tocar no teu rádio até você cansar, e na tv vou estar, Serei teu vício, E eu já choro até, E se não tiver letra é só cantar yeah yeah, Se falta conteúdo vai sobrar mulher, Sou inútil mais não sou um qualquer, você vai querer estar comigo Eu hoje aperto a calça pro volume ser maior, Se esquento a franja pra alto estima é melhor De nike e gola V pra causar no shopping e conquistar você Se quer saber, cansei,"	Indie
615	Só você me deu o que eu pude sentir E é louco o efeito que ela tem ao se apoderar de mim E a cada momento que a nossa história chega ao fim É onde tudo recomeça e assim eu te espero aqui Te ter é me sentir como o céu completo E te perder é nunca ver o sol se abrir Pois o vento que te leva um dia pode te trazer pra perto e Não vou viver sem te ver sorrir E a cada passo teu irei seguir A cada vez que me despeço, vejo o meu chão ruir E é tão intenso o que essa abstinência causa em mim Eu só encontro a paz se você está aqui porque Te ter é me sentir como o céu completo E te perder é nunca ver o sol se abrir Pois o vento que te leva um	Indie
616	Ela adora me odiar, não me dá trela não Se desespera e depois come na minha mão Se faz de santa mas, é só pra me afrontar Mulher insana, quer causar meu fim Se chego, ela derrete, se perde pra mim Entre quatro paredes nosso caos exala perdição E perde a linha e a compostura, só falta o juízo, me usa e abusa Se tua respiração te acusa, a química fluiu, é hora de se entregar E se aventurar... Já que me provocou, agora aguenta até o fim, só pra me descontrolar E ela me enfeitiçou, eu posso te roubar pra mim, não vai querer se enganar E no veneno eu quero te encontrar Vou entrar na tua mente, até te provar que já não vai viver sem mim Pois com você, eu vou até o fim Finge ser discreta mas depois já vai se abrir Se quer sair de órbita, é só me abduzir Em universo paralelo, em qualquer outra dimensão Convite tentador Sei que meu passado condena, eu sou o erro que solucionou o teu problema Aprende o kamasutra que eu alivio a sua tensão E perde a linha e a compostura, só falta o juízo, me usa e abusa Se tua respiração te acusa, a química fluiu, é hora de se entregar	Indie
617	O teu olhar no meu olhar estremece e faz efeito E tudo acontece se for daquele jeito Eu sou o descarado, come-quieto, ordinário, predileto que usou e abusou Politicamente, o cara incorreto, descolado esperto que te dominou E ela se cansou daquela tua vida fútil Cercada de glamour, dinheiro, luxo E eu sempre atento pra tentar me aproximar E quando a noite cai sou quem se torna seu refugio Pra que ter tudo se o que te completa sou eu Sempre o motivo certo pra arriscar se aventurar E quando tudo girou ao meu redor No momento em que eu te fiz entender que seu mundo vai ser melhor No que se render pra mim Já foi sei que não me esqueceu Que o fluxo é intenso entre você e eu Hoje eu não quero olhar pra trás Quando eu te tenho aqui meu mundo fica em paz E só de te encontrar Já me leva pro mal caminho Seguiu o instinto por impulso até se perder Se pra quebrar o gelo agora é só deixar se levar E nunca se importou já que eu não pertenço ao seu mundo Sei que o teu jeito culto nunca me convenceu E em um segundo eu provo que ao meu lado é o teu lugar E quando	Indie
618	No ciúme fica em choque joga nossa história fora E já decreta o fim Só que eu nunca sei onde eu errei Se eu desapego ela volta implora Não consegue mais se ver sem mim No impulso eu me rendo outra vez Ela é sonho de consumo, California dream Meu alvo de sequestro, ela é quem resgata O que há melhor em mim Impossível resolver, o que ela complicar No nosso caso bipolar Se vem morar na minha mente vai ser em vão Quer me ganhar pra causar quer me ter na mão Mas eu não vou deixar Porque ela ama me odiar, odeia me amar Porque eu sou aquele que faz do jeito que ela quer Faz do jeito que ela quer Ama me odiar, odeia me amar, agora não te deixo ir Porque ela é bipolar e com todos os defeitos Quando quer, ela é perfeita pra ser minha mulher Na insegurança descontrola se perde a razão Aflora seu lado ruim Sofrendo porque eu não me entreguei Na crise existencial, duelo	Indie
619	"Já tá noite aqui e o pico tá bombando Geral tá aí aumenta o grau do som pra mim Tô sem dormir, sei nem desde quando Mas só volto amanhã que hoje eu tô chapando Tô nem aí, sensor incessante Nem tenta roubar minha brisa, eu já tô distante Tô bem assim portando, brindando a cada conquista aqui Só vou voltar amanhã Acionaram a crew tá na área ficou punk Bem calmo tipo onda de purple drunk Me tirar a noite é me limitar Nela eu me sinto bem local estilo black trunk Ela é o portal, é o must Ela me cata tipo rockstar e fala: ""Vem cá meu crush"" Te pego, te levo de volta pra casa Quando acaba a hora do rush Chapa coco, bang segue loco, é um ecstasy de paz Ela não nega fogo, sei que vai dar jogo se for sagaz Vem cá beijar minha boca, já pra ficar sem roupa Reinar na pista, ser meu par, viajar nessa vida louca E o melhor plano é não ter plano Sente a pupila, no que bater vai dilatando, esse é o clima Taça pro ar tem na dose é o veneno Não quero a rotina e os lenda viva Na cena do louco tão vivendo, yeah Já tá noite aqui e o pico tá bombando Geral tá aí aumenta o grau do som pra mim"	Indie
620	Ainda me lembro bem nós dois rindo a noite inteira, sem rumo e direção Perde o juízo e vem, quero que você me queira, se nada for em vão Felicidade quando se torna estável, é desejar sem prever o fim Decifrei teus sinais e o destino te reservou pra mim e sempre O amanhecer é completo se estou lado a lado Voar com você até o final E eu sou quem te faz esquecer o tempo Deixa acontecer, apague a luz se entregue agora Me leva onde for, se quiser fugir pra qualquer lugar O que há entre nós vai além do céu e do mar Por onde andei, andei, eu esperava encontrar você Por onde andei, andei e eu sei que fiz o que era certo Ainda me lembro bem de apreciar tua beleza, esquecer da razão E teu sorriso vem pra aliviar a incerteza, que nada foi em vão Felicidade quando se torna estável, é desejar sem prever o fim Decifrei teus sinais e	Indie
621	Teu jeito até disfarça, mas o que te denuncia são seus olhos Que já preferem não se envolver, e se entregam ao me ver partir Te busco em outros corpos só pra afastar essa solidão Sem me convencer que a historia tem início e meio, mas nunca teve um fim Então fique onde está, já tracei nosso plano Se a noite você vier, te carrego pra bem longe daqui [refrão] E quanto mais eu tento me desprender, o pensamento é fixo em você Fugir é se entregar Vou relutar até o fim Se aproximar, melhor se render, é certo que meu vício é te envolver Pra que correr o risco de se ver infeliz Pois quando me quiser eu não estarei aqui A tua boca prova que nem sempre os que se atraem são opostos Tudo acontece quando estou com você, Seu instinto é se perder pra mim Se já não mede esforços pra controlar essa tentação Melhor esquecer o que os outros vão	Indie
622	Entrando na zona de impacto! A banca tá na área, amassando falante Há anos luz na frente E o grave tá avançado, no punch bateu pesado Clipando, fritando a mente Te liguei, te liguei E você não viu Meu clã tem peso raro e se isqueirar pode acender o pavio Te liguei e você não viu Só não tenta que a minha fé não é pra testar Não entra no meu caminho que eu tô a milhão Voltei um trem desgovernado na contramão Bala perdida, choque de alta tensão Bomba relógio em rota de colisão Insanidade na veia, pra tirar tua paz Na luz que clareia danos colaterais Brisa que incendeia, missão com meus leais e nada me freia E no que instaura o caos eu quero é mais Vivo no modo acelerado e prezo pelo extraordinário Me arrisco Dou a vida pelos meus e Deus comanda o meu itinerário A banca tá na área, amassando falante Há anos luz na frente E o grave tá avançado, no punch bateu pesado Clipando, fritando a mente Que o mundo é dos louco eu sei Que eles fazem diferença Ao enxergar além Com intensidade mas Eu sei que eu pago o preço Pra ser do jeito que eu sou Quem	Indie
623	Eu já cruzei o fim da linha em desvantagem Botei a mão no fogo por quem fez trairagem Irradiei luz, nunca a escuridão me cegou O céu é o limite e ao infinito eu vou Sem desacreditar, pra onda não me engolir Quase perdi a fé, na demanda eu venci Enfrentei o mar no que a embarcação naufragou O céu é o limite e ao infinito eu vou Se sentir livre é encontrar a paz Se sentir livre é encontrar a paz Nossa felicidade sempre incomodou E hoje o mundo gira ao nosso favor Os sonhos não morrem Enquanto houver a sede que me conduz Os sonhos não morrem Que a fé renove como um raio de luz Sei que não foi em vão Não temos tempo a perder Os sonhos não morrem Venha ao meu lado e deixa estar Vamos viver Da vida sempre espero o que é melhor pra mim A história está aberta então vou construir o fim Pra chegar até o amor que me disse quem eu sou O céu é o limite e ao infinito eu vou A brisa que soprou (oh não) O meu medo levou (oh não) Hora de celebrar a nova aurora chegou O céu é o limite e ao infinito eu vou Se sentir livre é encontrar a paz Se sentir livre é encontrar a paz Nossa felicidade sempre incomodou E hoje o mundo gira ao nosso favor Os sonhos não morrem Enquanto houver a sede	Indie
624	Com ela é que não pago pra sonhar Não vivo de ilusão O que existe entre nós é raro, é um em um milhão O tempo vai provar Que ela não veio em vão Meu universo paralelo Eu devo à vida gratidão Eu sei que a Felicidade plena sempre vai incomodar E a aura que nos cerca é luz e há de iluminar Ao lado dela eu me sinto um rei E o que completa é o sorriso dela Puro diamante Uma luz irradiante Hipnotizante Vou viajar com ela Brisa alucinante Que fez por um instante me deixar levar Pro paraíso dela Onda viciante É muito mais que um lance Eu quero sempre mais Viver ao lado dela Se na tua vibe eu me sinto bem Te ter é um vício que me traz paz As luzes da cidade refletores de uma vida Seu corpo é um labirinto De um mundo sem saída Um caminho Uma chave Portal da intensidade Que eleva a nossa alma à imensidade Ela é minha cara Sintonia rara Brisa que não para A luz da chama que jamais se apagará Ao lado dela eu me sinto um rei	Indie
625	Hoje ela se irritou e disse que eu não presto e que... Jogou minhas coisas fora e me expulsou daqui Caiu a ficha que eu apronto todas e quer me esquecer E ao me ligar ela explanou dizendo que não volta atrás Que eu revirei tua vida e consumi tua paz Que odeia a insegurança e ao meu encanto não vai se render Porque eu invento planos só pra te entreter, Sei que nunca fui perfeito e nem vou ser Pode dizer o que for, mas vou te surpreender No meu quarto as horas correm se eu me perder por você Nada mais restou sei que o erro aconteceu E o que passou, passou E o meu juízo se perdeu Eu não vou mais te enganar nem tentar te convencer Que eu não presto e nunca vou te merecer Mas eu mudo, é só você querer Só de ver as perversas aqui me baqueou a estigma do eterno infiel Pró-expert em acordar em motel Em matéria de adultério no perigo era um vício envolver Mas se qualquer outra vem me provocar Com assédio, eu não sou santo, mas eu vou tentar Conter esse desvio de conduta pra não te perder Porque eu invento planos só pra te entreter, Sei que nunca fui	Indie
626	De onde que vem essa luz, vem de cima De onde que vem essa luz, vem de cima Autoestima me valoriza, Jah Jah me guia Me banha com tua harmonia que a melodia Dentro da minha alma É somente o Senhor que cria Lá de cima me ensina a conquistar Graças a Jah Jah meu sonho é continuar Cantando louvores vivo lugar por lugar Sem a benção do pai não sei onde posso chegar Climatiza e deixa a força da luz entrar Sintoniza o amor eterno que vem de Jah Sem amor não dá, sem a luz não posso enxergar Agradeço ao rei e boto o trem pra andar Não vai adiantar tentar me intimidar O meu pai já disse, filho vem como está Eu confio no pai, meu segredo é confiar Recebo a mensagem, repasso pra melhorar Do lado do rei é onde eu quero ficar Por isso dou graças, aqui é o meu lugar Ilumina meus passos, deixa meu pai me guiar Pra que eu esteja pronto pro dia que ele voltar De onde que vem essa luz, vem de cima Autoestima me valoriza, Jah Jah me guia Me banha com tua harmonia que a melodia Dentro da minha alma É somente o Senhor que cria De onde que vem essa luz, vem de cima Autoestima me valoriza, Jah Jah me guia Me banha com tua harmonia que a melodia Dentro da minha alma É somente o Senhor que cria Não importa se o que te eleva é Jah Jah Jesus, Alá, Buda ou Oxalá É só andar com fé que ela não vai falhar Não cairá por terra que nem torre em babel Sem alma e sem crença não verás o céu Iluminou, pro que der e vier eu to de pé Iluminou, já nasceu morto quem não tem fé Eu	Indie
627	Na hora em que me aproximei Em frente ao mar, você estava ali Naquela noite foi a primeira vez que te vi Veio a intenção já nem quero resistir Reduziu a pó meu passado Na hora em que o destino te entregou pra mim Eu te quis do principio, meio e fim. Tudo foi completo com você por perto E me perco quando não estas aqui Se te vejo ao meu lado é inevitavel um final feliz Em você encontrei tudo que eu sempre quis Vem depressa se entregar Melhor deixar se permitir Eu não vou mais suportar Tanta falta que me fez sentir E nossa história nunca tem fim. Ainda tenho a mensagem que você me mandou Eu li a noite inteira E o beijo que você me roubou Naquela praia ali na areia Agora é tarde Mas se você quiser fugir Te carrego pra qualquer	Indie
628	Nova cidade ou mesmo lugar Você no meu olhar Na rua, no sol, na terra, no mar Dança no meu olhar O que tem na tua essência É o que eu mais venero A tua alma leve É luz que não tem fim, tem fim Um mundo inteiro pra nós dois Uma trilha pra seguir Ela é minha terapia E com malícia ela faz fluir Tua brisa me completou Te ter sob domínio é tentador Me envolver, ser teu condutor Estranho seria se eu não quisesse o teu amor Emana teu calor Já me rendo, é só me chamar que eu vou Devorar você sem pudor Estranho seria se eu não quisesse teu amor Nova cidade ou mesmo lugar Você no meu olhar Na rua, no sol, na terra, no mar Dança no meu olhar Linda beleza de jardim No	Indie
629	Nunca vi ninguém chegar a lugar nenhum sozinho Pior que perder amigo é ver que eles se perderam no caminho Foram pra nunca mais voltar Pois quem se esquece de onde vem Nunca sabe onde se quer chegar Custou caro pro barco não naufragar Vi tripulante se atirando ao mar Mesmo sem saber nadar Só não cobice o meu sangue Cuidado, mau olhar sempre tem efeito bumerangue O que a mente libertou Não vão aprisionar Ganância que te curvou Não vai me acorrentar Minha honra não tem preço Pobreza de espírito vem de berço Vendem alma por qualquer esmola O mar levou pra longe o mal E o tempo mostrou quem é quem E o mar levou pra longe todo o mal E a sorte diz amém Pra quem não deve nada a ninguém Honestidade eu sei que é algo caro Pra alma que não vale um tostão E mente fraca, oportunidade Faz o ladrão Tenta a sorte se quer brindar minha morte Sei renascer e o que não me mata Só me deixa mais forte Então querem me pegar Querem me pegar, querem me pegar mas é em vão Homem sem palavra é alvo da solidão	Indie
630	"Se cai a noite tudo vai fluir e me levar pra onde o vento for Tive a lua pra me conduzir, só voltei quando a luz do sol raiou Bem ""loco"" não tanto quanto Hannibal, mas louco sim Que faz um muito com pouco din Enfim de louco todo mundo tem, 1% ou 2, eu tenho quase 100 Sem me entorpecer, nasci entorpecido e apressado, com 7 meses chega o indivíduo Mais um comum desse povo e essa noite tá tão louca que eu quero nascer de novo Do sereno eu sou, o que é que a noite tem pra dar? Mulheres, histórias, ressacas Do sereno eu sou, o que é que a noite tem pra me dar? Perigos, loucuras, vergonhas, sei lá Se jogar é viver, celebrar, só lazer Meu caminho só a noite pode guiar É nóiz outra vez no ar A noite não acabou o efeito vai surtir Se a madruga obtém o que é melhor de mim Eu tô sempre na fé que me ilumina e eu sei que tenho o tempo a favor Só saio daqui quando o sol se abrir, só saio se o DJ quiser fugir E desce mais uma que é hora do som brilhar Hoje eu tô tipo Charlie Sheen pra causar Do"	Indie
631	Pode pensar e não olhar talvez não sinta nada mais do que falei pra te conquistar você parece tão vulgar quero encontrar uma razão mais forte do que a solidão que não vai embora e faz sofrer demais não sei se o que tomei vai acalmar a dor se é forte o suficiente pra me entorpecer talvez uma garota estranha faça você morrer por uma noite ou de uma vez porque voltou pra	Metal
632	Deixa eu ver como será enfim uma vida inteira sem você Deixa eu me acostumar assim a não ter nada do que era meu Sei que será difícil pra nós dois e que o tempo pode nos afastar E assim eu vou deixando pra depois tudo o que um dia veio pra me salvar Sem querer eu fui gostar de ti e ainda não sei explicar O porquê que tanto eu senti quando você mostrou não se importar Dizer adeus	Metal
633	Tranqüilas avenidas Portas entreabertas Frestas em quartos sem ar Sincopados passos lentos No cimento a chuva cinza Talvez não ter você poder sonhar O tempo vai dizer Quem sabe um dia ainda A gente pode se encontrar... Tudo fica melhor Depois da chuva O asfalto reflete neons e faróis É melhor... O rosto ao vento Lembrado Você entre os lençóis... O vento traz seu	Metal
634	Um dia eu também vou desaparecer Acontece comigo acontece com você Você não se da conta e não esta nem ai Mas tudo que começa um dia chega ao fim Você pode ser linda loira sensual Um dia você também vai se dar mal Se você quer me dizer alguma coisa Diga agora não deixe pra depois Tudo que eu sinto pode ir embora Diga agora não deixe pra depois Tive pensando em muitas coisas Pra te fazer entender Que esse nosso universo Não gira	Metal
635	O que te faz ficar assim? Quando as palavras não conseguem explicar E com alguém é bem melhor O equilíbrio é tão difícil de alcançar Dentro de nós nasceu a força de vontade Para vencer Eu acredito na igualdade Onde estiver escrevo o que não foi escrito Quando não conseguir dormir Pense em algo que te faça relaxar Pense que estou por aí Ansioso pra pode me derramar Sobre	Metal
636	Mudam os tempos E você parece nem ligar O mundo gira Não saimos do lugar Você sugere que as coisas mudem do seu jeito E não entende Que tudo tem seu preço Quanto tempo faz Nem me lembro mais E não espero que você se lembre O que a gente faz não se volta atrás Não se arrepende Os seus livros não te trazem nada de melhor Não sou	Metal
637	Os dias passam e as noites ficam sem por que Estou sozinho E sem medo de me perder Meus olhos chamam os seus Como o frio desperta o calor Inofensivo mas capaz de trazer a dor Todo o encanto se acaba Por que o sol tem que morrer Não quero, mas enxergo tarde O que sinto por você Mesmo tão diferente do que possa parecer Mesmo que o inferno seja o preço pra te ter Tudo começa como um dia chega ao fim Sonhos que apagam o que você	Metal
638	quem não sonhou como um dia o universo conspira a nosso favor deixa pra traz toda a negatividade que há no ar, escolher ser feliz. você é como eu, a sua trilha já te escolheu a nossa fila correu hoje não tem nada que me faça olhar pra traz hoje é pra sempre a minha história vc faz hoje eu só tenho tudo o que vc perdeu hoje é dia de buscar o que a vida prometeu olhar pro chão e	Metal
639	Fiquei acordado ao teu lado Pra ver as horas passarem Não faz sentido a vida Se os dois lados Não se encontrarem Não vejo um céu estrelado Somente um temporal em você O que os olhos não vêem E o coração não sente E é tão difícil perceber Que ela dança Quando escuta a música tocar Se	Metal
640	Falam da nossa geração Quem é você?Quem são seus pais? Querem dizer quem devo ser Sabem o que me satisfaz Eu não quero mais viver assim Aqui não é mais o meu lugar Se eu não fizer quem vai fazer por mim Você não precisa me	Metal
641	Vamos todos escutar o que eles têm pra nos dizer Somos fáceis de manipular por quanto tempo ainda vamos crer? Que um dia isso tudo vai mudar que o que eles dizem vai acontecer Num mar de lama vão nos afogar e a gente ainda finge que não vê Quais são os seus ideais? O que é preciso fazer? Quando ninguém se importa mais... Outro ano se passou e uma resposta	Metal
642	Tentei mudar, não consegui Me afastar, dizer adeus... Posso esperar, não prosseguir Vejo através dos olhos teus... Eu olho pro nada, não vejo graça... suas palavras foram sempre iguais O dia perfeito, eu teria feito... todas as coisas que eu não fui capaz Eu quis lutar, não desistir Imaginar, tentar viver... Vou consertar, não destruír Não quero mais do que posso ter... Eu olho pro nada, não vejo graça... suas palavras foram sempre iguais O dia perfeito, eu teria feito... todas as coisas que eu não fui capaz Eu olho pro nada, não vejo graça... suas palavras foram sempre iguais O dia perfeito, eu teria feito... todas as coisas que eu não fui capaz Tentei	Metal
643	Ela chegou a me dizer tudo o que eu queria ouvir Pra tentar me segurar Falava coisas sobre alguém que invadiu seu coração Fingindo não se importar Meias verdades não vão mais me convencer Porque eu não quero mais você Menina, menina! Eu não quero mais você Menina, menina! Eu vim aqui pra te dizer Todas as juras de amor que um dia eu fiz pra ti Acabam de se apagar Promessas falsas sem valor Ilusões de uma paixão Isso nunca	Metal
644	Não vou mentir Nossos segredos não importam mais Eu me entrego aqui Na sua luz vou recomeçar Quero estar longe dessa dor, dessa falta de amor Quero ser capaz de confiar em alguém Posso ouvir a sua voz, está tão perto de nós Pronto pra voar, quero ir mais além Refrão Meu Sol é tua voz me chamando Sem	Metal
645	Olhe em meus olhos, Pra perceber, Estou distante, Não pode ver, Meu próprio sangue, É caro demais, Estou sozinho, me deixe em paz, Meu caso é raro, é incomum, Desconhecido, sem mal algum, Meus olhos choram por você, Não me dizem o que fazer, Não deite perto, Já é tarde pra mim, Por que que tudo, tem que ser assim, Estou blefando, meus pensamentos, Talvez guardando,	Metal
646	Noites em claro ou dias de alegria, você estava lá Tanto pra dizer e eu não sabia por onde começar Se hoje e só hoje, você pudesse me ouvir, eu agradeceria Agora trilho minha vida, não tenho medo da vida E só eu sei o quanto você Refrão Me fez crescer, me fez lutar Não me sentir tão fora do lugar Me fez gostar de quem eu sou Me fez crescer, me fez lutar Me deu motivos pra acreditar Me fez gostar	Metal
647	Eu morreria por você Mesmo que isso te deixasse mais feliz Só mais um dia, só mais alguém pra se lembrar Eu sei que isso vai passar O que eu diria pra você Se eu tivesse um pouco mais sua atenção Já não te vejo mais faz tanto tempo Não sei pedir perdão Nem mesmo se eu pudesse Ler teus pensamentos Nem mesmo se eu quisesse Deixar o tempo apagar meus sentimentos O	Metal
648	Hora certa pra chegar A incerteza vai me deixar falhar Tão poucos passos Minhas pernas não conseguem dar Acho melhor esperar Mais uma dose e a minha chance vai passar Outro segundo Não posso mais esperar Eu quero te dizer Que às vezes penso em você Não posso mais pensar No que eu tenho pra falar Já não importa Se você me quer ou não Chegou a hora de sair dessa solidão Sei que tento não lembrar Daquilo tudo que eu te fiz acreditar Às vezes penso se não vai ser bem	Metal
649	Só agora eu percebi o quanto custa acreditar num sonho que não pôde vingar você foi como a luz do sol que veio pra iluminar a noite que parecia não ter fim E só nós mesmos poderiamos mudar isso tudo O segredo e a promessa se quebrou E só nós mesmos poderiamos	Metal
650	às vezes eu penso que eu não saio dessa sem desistir de ter você aqui gosto de falar poucas palavras sem pensar no que vai ser entre eu e você deixe o sol ficar aqui bem perto de mim, como você deixo o sol ficar aqui meu mundo é melhor, com você às	Metal
651	Perco tempo E faço coisas que você parece nem notar Tantos planos e outra vez eu vou embora sem saber o que falar Talvez eu seja só um novo amigo talvez eu queira te levar comigo Pra bem longe daqui Onde nem o céu seja o limite Esperei o tempo Falar por mim Coisas que eu não sei dizer Olhando pra você Sei que vejo Você de um jeito que	Metal
652	Promete que nos veremos logo. Promete que isso não vai ficar assim. Não consigo suportar a falta do teu olhar... Promete que vamos ficar de novo. Promete que comigo será feliz. E mesmo essa distância, não vai roubar você de mim... Quanto tempo mais vou agüentar ficar sem te abraçar? Sinto a falta do calor que encontro no nosso amor... Promete que nos veremos logo. Promete que isso não	Metal
653	Mudam os tempos e você parece nem ligar O mundo gira e não saímos do lugar Você sugere que as coisas mudem do seu jeito E não entende que tudo tem seu preço Quanto tempo faz nem me lembro mais Não espero que você se lembre O que a gente faz não se volta atrás E não se arrepende Os seus vícios não te fazem se sentir melhor	Metal
654	Por que não fui capaz? Quando aprendemos a mentir? O que você deseja mais? Por que escolhemos ser assim? No fim somos todos iguais. Quanto tempo se passou? Quem vai cuidar dos nossos pais? Será que existe mesmo um Deus? Porque você ficou pra trás? Sem mais eu não consigo entender... Se vamos todos terminar num mesmo céu Tantas batalhas pra ganhar nenhum troféu. Será que no fim das contas eu não soube dar	Metal
655	Outra vez o sol insiste em me cegar Eu já nem sei como acordei nesse lugar A noite parecia me levar Pessoas tão vazias a me rodear Mas a festa estava mesmo boa Que eu quase não podia ouvir A solidão que em mim ecoa Um beijo pra me distrair Cantando pra comemorar De novo tudo que eu já vi E o teu sorriso como antes Me diz pra onde ir E a música te faz dançar De um jeito que faz sentir Que o tempo para nesse instante E eu volto a me trair Quer saber? Não ligo pra o que vão falar Se eu já ganhei a fama de não me importar Eu digo tudo que você quer escutar Mas quando acordo só quero que você se vá Pra o mais distante da minha vida Que você possa caminhar Assim	Metal
656	"Ela sempre me pergunta ""Você está bem?"" Penso e digo ""Devo estar bem pois meu coracão ainda bate?!"" Quando na verdade sinto a solidão congelar meu coração por não ter você do meu lado. Passo momentos de alegria com você mesmo estando longe, pois tudo o que é bom dura o tempo necessário para ser inesquecível. Cadê você meu baby? Pois cada noite que cai só penso em você. Só penso em você meu baby! Não quero ti perder, porque não existe outra igual a você. Estou procurando por você meu baby? Faça meus sonhos se realizarem, a solidão não quer parar de machucar. Acordo tentando achar dias felizes para minha vida E quando encontro minha segunda parte de meu coração, percebo que ele esta longe de mim. Estou vivendo esperando o dia que seremos para sempre...(vivendo esperando). Cadê você meu baby? Pois cada noite que cai só penso em você. Só penso em você meu baby! Não quero ti"	Metal
657	Quando bate a solidão Nos obriga sempre a encarar Coisas que se escondem no porão Esmagando o nosso peito Por que há uma sombra que me persegue Em todo lugar que eu vou Desfigurando e destruindo Tudo o que eu fui e o que eu sou Eu daria	Metal
658	Pensa em mim como um amigo Algo assim Afinal meu atrevimento é natural Deixa eu ser o escravo dessa maldição Pra compreender que as meninas tem maior intuição Olho pro céu e vou Pintando o céu de azul Esse é meu sonho azul Eu quero ver o seu paladar ansioso pra experimentar Brisa vem me trazendo o frescor	Metal
659	Esquece essa mágoa no seu rosto Tudo passa, eu aprendi, pode acreditar Corações e mentes se completam pra enfrentar A rejeição e a condição imposta pra viver Basta não duvidar de mim Refrão Você não sabe quem eu sou Então vem tentar me responder Somos ódio e amor E	Metal
660	Eu não quero te agradar nem pedir que se ponha em meu lugar Posso até não mais sentir mas vou fingir e sorrindo te abraçar . Se fazer a coisa certa não dá mais Eu devo mentir? eu posso falhar ? Pra mostrar pra todo mundo quem eu sou . Eu quero te enganar e te fazer sofrer Dizer que te amo pra te convencer Vou usar seu corpo e te trazer a dor E dizer que tudo é por amor . Faço o que é melhor pra mim pra você pode parecer o fim Somos todos	Metal
661	Te levar Drive Composição: Pack Quero te trazer pra perto e conseguir Te mostrar que não sou mais um que te quer Vou provar que posso te fazer feliz Colocar o mundo inteiro aos teus pés Fiz essa canção pra te mostrar que eu fui sincero ao dizer Que eu vou te levar, pra voar comigo pelo azul do céu Ver o brilho dos teus olhos cor de mel Te mostrar que ainda é tempo pra sonhar Te trazer de volta pro verde do mar Tenho medo que você não vá sentir O que eu	Metal
662	É tão dificil perceber Que esse medo só te leva Pra longe de mim Eu quero e tem que ser assim ?? O que você chama de amor Não pode me satisfazer é preciso Ir até o fim Tem coisas que não se pode fugir Tem coisas que não	Metal
663	Olhos abertos digo um bom dia a solidão, levanto e vou sem direção. Tantas pessoas tantos caminhos pra seguir, não vejo nada ao meu redor Tento esquecer mais sei de cor, tenho uma história pra contar Se o meu lugar não é aqui pra onde devo ir então E o que me faz não desistir?não quero mais viver em vão Um pouco de	Metal
664	Tão difícil de explicar Eu já pensei em desistir Não consegue demonstrar Então não posso prosseguir Sei que uma escolha errada pode nos levar Por uma outra estrada pra um outro lugar E assim eu vou tentando melhorar Vou me perdendo aos poucos sem notar Que eu já não tenho mais pra onde ir Que o meu destino é te fazer sorrir E eu só preciso te falar Vou embora antes do fim (Talvez por medo) E assim desisto de tentar (Um outro jeito) Melhor que tudo acabe assim (E no silêncio) O tempo possa te apagar Sei que uma escolha errada pode nos levar Por uma outra estrada pra um outro	Metal
665	Não peço desculpas Por não poder te dar algo melhor Meus olhos perseguem Sinais que possam me levar De volta pra você Eu quero a chance de tentar trazer você pra mim Eu já passei do tempo de brincar de ser feliz De quê adiantaria de tudo eu ter Se aqui do meu lado Não esta você Não tem sentido E além das lembranças te encontrar E a cada manhã te reconquistar Tudo que eu sempre quis	Metal
666	Prometo que nunca mais vou jurar Por coisas que não vou cumprir Respostas não quero mais encontrar Preciso só me distrair Não pense que o tempo foi jogado fora Quem sabe foi você que não soube aproveitar Fica difícil quando todos vão embora Mas quem sou eu pra te julgar Por que sei que é tão fácil desistir Que somos fracos e não vamos conseguir Queria estar errado, (queria estar errado) Queria estar errado, (queria estar errado) Desculpe se não foi como esperava Eu nunca quis	Metal
667	Muita coisa foi dita Em pouco tem sem se falar Muita coisa foi feita Você não entende porque fui embora Eu quero coisas que não posso tocar Desse lugar Eu sei que fiz tudo errado Agora volto pra	Metal
668	"""A new Age Dawns"" Prologue Numquam remotiores ab"	Metal
669	Quaestio nostra est aeterna Ultima requies	Metal
670	Dominus Sum Rerum Gestarum Mearum Heresque Sum Rerum Omnium A Me Gestarum Ortus Ex Natus Ex Meis	Metal
671	Nos sumus conjuncti Fontem nostram quaerentes Originem sciendi Nos pleni vigoris Quo	Metal
672	Solve Mentem A molestis Mentem ad	Metal
673	Solve mentem A molestis Mentem ad concretum dirige	Metal
674	Lutar pelo que é seu O que restava da justiça morreu Tua guitarra velha, câmera de merda Filmando tudo o que esqueceu Tente somar o que restou Tudo o que o tempo ainda não apagou Tua gola cansada, a tatuagem apagada Do som que sempre gostou Sempre que tento me lembrar Onde estou e onde eles foram parar Ainda cabe mais um copo pra brindar Lembrar de tudo no mesmo lugar Saber que o nosso sangue ainda corre em você Lembrar de tudo no mesmo lugar Saber que o nosso sangue ainda corre em você Lutar pelo que é seu O que restava da justiça morreu Tua guitarra velha, câmera de merda Filmando tudo o que esqueceu	Metal
675	Enquanto o sol não cair Depois que a chuva passar O outono será... Enquanto o sol não cair Depois que a chuva passar O outono será (frio intenso) Olhar pra trás faz desanimar Mesmo que você ainda esteja lá (eu queria enxergar) Bem mais do que as estrelas podem me mostrar	Metal
676	A única razão Que os sentimentos vão 3 Anos após o fim Bem mais que o tempo Bem mais que as horas, vão deixar Os sentimentos, para tentar se recordar Que os segundos que eu sonhei junto de ti Só te trouxeram o fim pra perto de nós dois Eu sei que o tempo não parou Que as horas	Metal
677	Não olhe nos meus olhos Não olhe nos meus olhos Não olhe nos meus olhos Quando eu te disser que acabou Não olhe nos meus olhos Pra tentar recomeçar Ainda tento encontrar a saída certa Para os olhos de quem nunca quis enxergar E você não imagina um sentido e um caminho Que te leva pro final A venda dos teus olhos	Metal
678	Tento encontrar, não vai adiantar Por que Stella nunca mais voltou Nada mais tem cura Eu estou de volta a sua rua O teto não caiu O chão não se abriu O efeito não passou E quem sacrificou Você não sente que o passado Esteve tão presente Nunca esteve tão presente Você não sente que o passado Esteve tão presente	Metal
679	Não tente corrigir os erros Chegou a hora de pagar O teu defeito é obra do desejo E quem negou deve aceitar Deve aceitar discórdias Tais discursos não vão me prender Te prendem à memórias Tuas mãos	Metal
680	A tua máscara cedeu Vale de sombras floresceu No teu jardim rega mentiras A tua máscara cedeu Vale de sombras floresceu No teu jardim rega mentiras Plante um pouco de verdade Só pra ver se na metade Cresce algo em sua vida	Metal
681	Agora a porra ficou séria Eu tô olhando na tua cara Quero ver se tua farsa Resiste ao tapa da desgraça Tua vergonha é só um pretexto A humilhação é só um terço De tudo o que está por vir E o que restar verás cair Aqui não, aqui não Não vem, porque aqui não Aqui não, aqui não	Metal
682	Deixe que carregue o teu corpo Desloquem tua alma E renasça um novo espírito Não deixe que carreguem o teu corpo Desloquem a tua alma E renasça um novo espiríto Pensa que é mais esperto Enganar a morte e o resto O teu caminho tá traçado (e é você que irá pagar!) Implorou pela sua vida E rezou por mil perdões Agora espera que a morte (seja pura ilusão!) Tentou fugir tentou correr Pensou em até se esconder Mas o que você não sabia Que já marcaram a tua vida! Vai implorar pra viver, implorar pra	Metal
683	Enquanto o sol não cair Depois que a chuva passar O outono será... Enquanto o sol não cair Depois que a chuva passar O outono será (frio intenso) Olhar pra trás faz desanimar Mesmo que você ainda esteja lá (eu queria enxergar) Bem mais do que as estrelas podem me mostrar	Metal
684	Não sou tão fraco O quanto transpareço Não sou completo Diante dos meus erros (fracas vontades) Foi forte o bastante Pra esquecer o que passou E mesmo assim Não vou deixar nos abalar Os erros que se foram Memorias que eu já esqueci Tá tudo ao contrario Nada cura a dor de	Metal
685	Lutar pelo que é seu O que restava da justiça morreu Tua guitarra velha, câmera de merda Filmando tudo o que esqueceu Tente somar o que restou Tudo o que o tempo ainda não apagou Tua gola cansada, a tatuagem apagada Do som que sempre gostou Sempre que tento me lembrar Onde estou e onde eles foram parar Ainda cabe mais um copo pra brindar Lembrar de tudo no mesmo lugar Saber que o nosso sangue ainda corre em você Lembrar de tudo no mesmo lugar Saber que o nosso sangue ainda corre em você Lutar pelo que é seu O que restava da justiça morreu Tua guitarra velha, câmera de merda Filmando tudo o que esqueceu	Metal
686	Vai lembrar que a sorte está do lado de lá Sem perceber que as cartas foram dadas pra você Pra você que não quer enxergar Que esse jogo ainda dá pra vencer Nem um blefe vai adiantar Mas agora é só vendo pra crer A vida é um jogo, nem sempre vai ganhar! Então faça a sua aposta, aqui é sorte ou azar! A vida é um jogo, nem sempre vai ganhar! Então faça a sua aposta,	Metal
687	Parece que eu não vi Tem que pagar pra ver Agora que eu cresci Vejo acontecer Vejo acontecer coisas piores Cada dia que se vai A luz no fim do túnel Não acenderá para ninguém! Eu espero pessoas melhores Pra cuidar do que eu não vejo Concedi o meu poder Para o mais forte merecer Caído em sua volta Deserto de dor sem glórias Terra marcada de sequelas	Metal
688	Enquanto suas lembranças Não recair angústias Eu estarei feliz Eu estarei feliz assim Preciso superar todas as perdas E acreditar que vai (ser melhor assim) O por quê da separação Da saudade das suas mãos Não solte minha mão agora O teu olhar apenas me salvou De tentar achar motivos Pra querer (se	Metal
689	Eu deveria ter me importado menos, bem menos Eu deveria ter me importado mais, bem mais Todas as verdades que eu deveria ter contado Todas as mentiras, eu deveria ter contado Vou te falar que eu cansei Eu	Metal
690	Os meus sonhos não vão Me mostrar a dor... E as vontades se vão junto de você E prevalece sempre a dor no meu coração E é assim que vai ser Eu só queria que os meus sonhos fizessem efeito Incontrolável vontade de viver com os meus medos Por	Metal
691	(é o barulho do vento lá fora que incomoda) (o rastro de luz da porta que te ofusca) (sentimentos alheios) Então volta pra ficar Perdoar mais uma vez Incapaz de ser feliz Comigo outra vez De longe vejo que errei Não da mais pra consertar As falhas	Metal
692	Um passado seco e o futuro manchado, Meus coração em um leilão, Ele sai à oferta mais alta. Vivo rápido, e sei que a perderei, Mas há uma opção, morrer é viver cabeça dela. Portanto me suspenderei, nunca abandonarei. Cavei esta dor no meu peito. [Refrão]: Em vez disso, Uma última chance de reverter esta maldição, Você roubou o meu coração mas o tive primeiro. E agora vejo que você tem algo à provar, E nada para perder, então me deixe te dizer a verdade. Um desejo mortal, mas isso deveria vir mais cedo, Um cadáver em um funeral que eu nunca atenderia. Há uma luz nos fundos desta casa, Mas você não está perto, morrer é viver na cabeça dela. Portanto me suspenderei, nunca abandonarei. Cavei esta dor no meu peito. [Refrão]: Em vez disso,	Metal
693	"¿Usted puede perdonarme de nuevo? Voce pode perdoar-me denovo Yo no sé lo que yo dije Eu não sei oque eu disse Pero yo no quise herirlo Mas eu não quis feri-lo Yo oí que las palabras salen Eu sei que as palavras saem Yo me sentía que yo me moriría Eu sentia que iria morrer Hirió tanto para herirlo Fiz tanto para feri-lo Entonces usted me mira Então voce me olha Usted ya no es gritando Voce ja não está gritando Usted está silenciosamente roto Voce esta silencioso,queto Yo daría algo ahora Eu daria qualquer coisa agora para matar esas palabras para usted Para destruir essas palavras que falei a voce Cada tiempo que yo digo a algo que yo siento yo lloro ""yo no quiero al loseyou."" Cada minuto que eu digo alguma coisa , eu chorro “Eu não quero perder-te. Pero de algún modo yo sé que usted nunca me dejará,"	Metal
694	Nesse mundo pecar é besteira Nós escolhemos morte à inocência E nesse mundo não é o nosso dinheiro que é mal São as pessoas que preferem isso à vida E meu coração não pode acreditar nesse assassinato E eu não serei alimentado pelas mentiras Ou pela vida que só foi criada para ser morta, é assassinato Não importa tão duro eles tentem E não importa quão alto eles chorem Eles não podem comprar seus lugares no céu Não importa quão duro eles tentem Não importa quão alto eles subam a escada Eles não vão alcançar o céu E eles não conseguem ver as vidas inocentes O sofrimento inútil E meu coração quer desfazer todo esse assassinato	Metal
695	Nós somos jovens Mas temos coração Nascer nesse mundo enquanto ele se acaba Nós somos fortes E não pertencemos Nascer nesse mundo enquanto ele se acaba Eu vejo as crianças na chuva igual ao desfile antes da dor Eu vejo o amor, Eu vejo Ódio, Eu vejo esse mundo que podemos fazer Eu vejo a vida, Eu vejo céu, Daria tudo para te ver voar Sim, nós balançamos essa bandeira de ódio, mas foram vocês que a fizeram vendo a beleza de nossas mentiras passando em frente aos meus olhos Eu escuto o Ódio em todas as suas palavras Todas as guerras que nos machucam Ficamos fartos oh tão fartos, Nunca quisemos tudo isso medicações para crianças que já não tem motivos para viver Então nós marchamos para os tambores dos amaldiçoados enquanto chegamos Vendo queimar no sol - Somos muitos! Nós somos jovens Mas temos coração Nascer nesse mundo enquanto ele se acaba Nós somos fortes E não pertencemos Nascer nesse mundo enquanto ele se acaba Enquanto andamos entre essas sombras, nessas ruas, nesses campos de batalha Pegando, Usando a medalha, levante suas mãos com velas acesas Nos escute susurrar no escuro, na chuva você vê a	Metal
696	Eu me sinto distante de você, eu sinto sua falta Onde você está, não consigo dormir e nem consigo sonhar (Só consigo te imaginar) Eu te quero toda pra mim, (você não sabe o quanto) O quanto que você faz falta pra mim (Só consigo te imaginar) Porque você não vem pra mim e fala que me ama do jeito que eu sempre te amei Porque você não vem pra mim e fala que me ama	Metal
697	Não dá mais, já não posso, não consigo esconder Impossível controlar minha vontade de você É maior que tudo e tudo bem Acredita em mim... Já mudei e provei que não sou mais, nem sei quem sou Eu duvido que isso tudo não seja amor... Meu amor... Eu quero saber se você não quer me beijar Olha pra mim, duvido você negar Que agora eu sou quem você sempre quis Te ver assim, linda, tão linda pra mim Linda, tão linda pra mim É tudo que eu sempre quis... Não	Metal
698	Sem você eu cheguei a pensar Em não mais viver Vou sangrar até morrer Se você não ficar Eu só quero ser Eterno pra você Só depende de nós Me beija e não para Dessa vez será pra sempre Vá em frente Seu cheiro me enlouquece Fico louco só de te ver Não consigo mais me conter Se partir eu não vou mais existir Minha vida chega ao fim Eu só quero ser Eterno	Metal
699	Demorei muito pra te encontrar Agora quero só você Teu jeito todo especial de ser Eu fico louco com você Te abraço e sinto coisas que eu não sei dizer só sinto com você meu pensamento voa de encontro ao teu será que é sonho meu Tava cansado de me preocupar quantas vezes eu dancei E tantas vezes que eu só fiquei chorei, chorei Agora eu quero ir fundo lá na emoção Mexer teu coração salta comigo alto e todo mundo vê que	Metal
700	Agora eu sei por que tudo acabou Eu sei fui eu que errei de nada adiantou fugir Fugir pra longe de mim. Agora eu sei que nada vai fazer voltar O tempo que nós dois sorrimos sem pensar E eu que pensei Nunca ter um fim. Você pode até tentar fugir, Mas pra sempre vai estar aqui, No meu coração Você pode até tentar fugir, Mas pra sempre vai estar aqui, No meu coração Eu sei você mostrou o que eu não pude ver E agora é tão difícil tentar te esquecer E eu Eu tento entender	Metal
701	Hoje eu parei pra escutar meu coração Que só fala de você Desde quando eu te vi Hoje as lembranças já fazem parte desta canção que eu escrevi só pra você REFRÃO: Nós vamos estar Juntos mesmo quando não estamos perto Já não importa mais o que ficou pra trás Agora é só eu e você! Venha e me mostre como tudo deve ser Marcou minha história mesmo sem querer Como tudo deve ser Eu nunca achei alguém pra ser feliz Mas em você tem algo que me diz Que tudo vai ser bem melhor pra mim E você vem em câmera lenta Agora sua imagem	Metal
702	Não quero mais saber o que eles vão dizer Sobre o que eu vou fazer ou sobre o que eu não vou ser O caminho é longo, eu sei E eu vou fazer valer Cada segundo que eu passo sem dizer porque Vou mergulhar mais fundo, Sair do quarto escuro Vou descobrir o que é melhor pra mim Que profissão eu quero Futuro que eu espero Vou encontrar o que me faz feliz Sem saber o que vai ser (vai ser) Sem saber o que vai ser Se é pra eu tentar ser alguém bem melhor Deixa eu tentar ser quem eu sou Ganhar ou perder, tanto faz, não importa Eu quero é mais ser quem eu sou Agora eu te quero, depois eu já não sei Mas quando estamos juntos nada mais importa aqui Será que eu tenho sorte? Será que é ilusão? De ver que a minha história foge dessa confusão Eu vou pular mais	Metal
703	Ela não vai mais te esperar Outra vez Se tudo que vai, um dia tem que voltar É sua vez Então vá atrás, corra mais Pra aquilo que sempre quis Não vá deixar o tempo acabar Sem querer eu me entreguei As horas passam sem você Eu já não sei o que fazer Outra vez só você pode trazer tudo de volta Tô esperando aqui na porta Ela não vai mais te esperar Outra vez Quero acreditar que tudo vai se acertar No final Então vá atrás, corra mais Para aquilo que sempre quis Não vá deixar o tempo acabar Sem querer eu me entreguei	Metal
704	Hoje estou bem triste, pois sei que tudo está decidido. Te quero tanto Mas não adianta só eu te querer Temos que tentar resistir e seguir, sem esmurecer Já não há nada a fazer Temos que parar de sofrer por sofrer, sem saber porque Pois a vida começa outra vez Eu que não suporto perder você Mas é inevitável nossa separação; todos os momentos vão se perder, temos que aceitar O amor acabou para nós Daquele amor só temos pra salvar as lembranças Te quero tanto	Metal
705	Não diga nada, Deixe que o tempo mostre Que o destino só depende das escolhas de hoje E de nossas promessas. Não vou embora, Até que você diga Quem esteve do seu lado Quando mais queria Apenas olhe pra mim. Mas se tem que ser assim, Então seja o que for. Tô com saudades de você E essa dor é tão ruim, Promete pra mim Que isso vai passar Quando você voltar. Quero te ver bem Melhor se for comigo, Porque ficar sem você É meu pior castigo Apenas olhe pra mim. Mas se tem que ser assim, Então seja o que for. Tô com	Metal
706	Tudo que eu faço é por ti Nunca duvide de mim Quando eu te digo Eu amo você Sou o que sou e não vou esconder Nem vou mudar por ninguém A não ser por você Que me faz viver Vou melhorar cada vez, Mas eu vou ficar com você... Eu sou seu pra vida inteira! Diga que me quer, diga que me quer! Diga o que sente quando me vê Não sofro mais não volto atrás Diga que me quer, diga que me quer, diga! Diga outra vez	Metal
707	Eu sou feito de você Quero bem de quem não quer o mal Presta atenção, me diz Na real, qual é A verdade entre a sua e a minha Onde está a verdade? Verdade Pra que tanta hipocrisia? Somos um ou somos nada Fomos feitos para amar E não para matar Pra que tanta hipocrisia? Se igualdade é uma mentira Eu sou feito de você Não sei por que não há perdão Se essa é a nossa evolução Presta atenção, me diz Na real, qual	Metal
708	Não era pra ser assim Eu não queria acabar Mas se o destino quis assim Me resta agora aceitar Eu sei que isso é tão ruim Te querer e não poder Mas se este é o melhor pra mim Me resta agora entender Mas basta apenas eu pensar No tempo que passamos juntos Talvez o dia ainda passe sem você Outra vez, eu vejo que a saída é entender Esquecer que um dia você fez parte de mim E vou seguir assim Não era	Metal
709	Os seus olhos me mostram o caminho onde eu sempre quis chegar [ 2 x ] Tentei fazer o possível Pra você sentir e enxergar. Tudo é fácil, Mas a vida é um castigo pra você que não quer acordar. Tentei ser o que eu não fui Amei você sem ver e pensar. Tentei sonhar sem ter você. Mas eu tive que acordar, pra te ver. Lembra das 12 rosas que eu te dei? eu pensei em te ligar com o seu olhar, e uma lua cheia lembra quando eu	Metal
710	Eu não vou ser quem vai te mostrar Aquelas coisas que você não quer Vou te falar o que eu sinto por você Ouça com o seu coração Quero te ter e não mais te deixar O amor chegou sem eu saber porque A vida passa e nos leva a crescer Coisas que só vi com você Se	Metal
711	Eu não vou mais esperar você voltar Vou desistir pra sempre. Eu vou buscar um caminho a seguir Não vou olhar pra trás. Não dá mais pra ser assim E fingir	Metal
712	Quando olho pro futuro Vejo coisas que não podem ser reais As pessoas, esse disturbio Eu me pergunto onde está você minha paz? (Quero saber, preciso saber) Eu quero uma resposta Faz tanto tempo que você não está aqui... tô sentindo tanto sua falta Esqueça os problemas Quero que tudo dê certo que tudo fique bem Só assim que eu encontro a minha paz, encontro a minha paz. Quando olho pro futuro, Não vejo nada a não ser você chegar Não importa a distância Eu me pergunto onde está você minha paz... (Quero	Metal
713	Pai, pode ser que daqui a algum tempo Haja tempo pra gente ser mais Muito mais que dois grandes amigos, pai e filho talvez Pai, pode ser que daí você sinta, qualquer coisa entre esses vinte ou trinta Longos anos em busca de paz.... Pai, pode crer, eu tô bem eu vou indo, tô tentando vivendo e pedindo Com loucura pra você renascer... Pai, eu não faço questão de ser tudo, só não quero e não vou ficar mudo Pra falar de amor pra você Pai, senta aqui que o jantar tá na mesa, fala um pouco tua voz tá tão presa Nos ensine esse jogo da	Metal
714	Eu sei que tudo passa, Mas o tempo é a graça da vida Viver não é parar e pensar só em problemas E hoje eu sei que eu não vou explicar mais Hoje estou feliz e com você Vou buscar e viver... Felicidade, paz e harmonia Uma mulher, uma familia O resto, bem, isso não me importa É assim meu estilo de vida Acredito sempre nessa fé que me ilumina Viver não é parar e pensar só em problemas E hoje é quase impossivel	Metal
715	Pra que mentir Pra você mesma Dizer que nunca vai Chegar onde quer O impossível pode se tornar real pra você Não tenha medo, sonhe, tudo pode acontecer É só acreditar, só acreditar Pra tudo ser real Não adianta viver sem motivo Está decidido Só você pode mudar Você é linda, exagerada Sabe o que quer Quer ser feliz a vida inteira Não tenha medo, O impossível pode se tornar	Metal
716	Olhando no espelho Sei que posso esperar Nos seus olhos vejo a luz De quem sabe aonde quer chegar O teu coração, teu corpo, sua mente A tua mão, olhando lá na frente Nosso sol já apareceu Nossa festa já começou Uo Ou... Quero para sempre mais Cantar, Pular, Gritar Uo	Metal
717	Mais um dia se passou Mil lembranças tive aqui Tempos bons, tempos ruins Levo a vida sempre assim Pessoas vem pessoas vão Algumas marcam e outras não Tudo tem sua hora e o seu lugar E as vezes vale a pena esperar Penso em dias bem melhores Vivo o agora e o amanhã Abandono essas lembranças ruins Eu vou tirar tudo que não Me deixa confiar em mim Espero sonhar E acreditar que	Metal
718	Eu joguei fora a chance de voltar Mas o motivo eu não quis contar Você era muito eu e eu pouco você Mas no final das contas eu também era... Você me faz acreditar no tempo Você faz o meu mundo parar Não quero olhar pra outra direção a não ser pra onde eu sei que você estará Isso não é desculpa Você sabe eu não volto atrás Só quero que lembre do quanto nós dois éramos mais Que saudades de... Você me faz acreditar no tempo Você faz o meu	Metal
719	Bem que eu te avisei mais você não quis me escutar Sei, tava tudo bem mais o amor é lei, é compartilhar Quem ama desse jeito traz tanto amor no peito, tanta solidão Bem que eu te avisei eu me entreguei e você não Mas o amor é mais,	Metal
720	Dias e noites te esperando e você triste por mim. Você era legal bem radical igual nosso amor. Depois disso fiquei chorando , pois você não sabe o que é amor. Oque eu quero é você de volta , de volta pra mim , sei que nosso amor ,sei que nosso amor não tem fim. Eu sonhando e pensando em você aqui. Antes você me ajudava , não atrapalhava	Metal
721	Hoje eu parei pra escutar meu coração Que só fala de você Desde quando eu te vi Hoje as lembranças já fazem parte desta canção que eu escrevi só pra você REFRÃO: Nós vamos estar Juntos mesmo quando não estamos perto Já não importa mais o que ficou pra trás Agora é só eu e você! Venha e me mostre como tudo deve ser Marcou minha história mesmo sem querer Como tudo deve ser Eu nunca achei alguém pra ser feliz Mas em você tem algo que me diz Que tudo vai ser bem melhor pra mim E você vem em câmera lenta Agora sua imagem	Metal
722	Quando olho pro futuro Vejo coisas que não podem ser reais As pessoas, esse disturbio Eu me pergunto onde está você minha paz? (Quero saber, preciso saber) Eu quero uma resposta Faz tanto tempo que você não está aqui... tô sentindo tanto sua falta Esqueça os problemas Quero que tudo dê certo que tudo fique bem Só assim que eu encontro a minha paz, encontro a minha paz. Quando olho pro futuro, Não vejo nada a não ser você chegar Não importa a distância Eu me pergunto onde está você minha paz... (Quero	Metal
723	Aquela vez eu te vi chorar e não sabia o que era mas sempre quando eu estou aqui perto pode contar Sempre quero o seu bem quando você está mal nunca perca o seu ser que eu fico mal Aquela vez você não soube me entender se eu te falei, foi para o seu bem Esquece de tudo e bola pra frente Como eu vou te ajudar sem você pra colaborar me diz se	Metal
724	No início eu pensei que ia ser fácil conquistar (Conquistar) Ela me prendeu no lugar onde eu sempre quis estar (Quero estar) Sem querer eu me entreguei Agora não tem mais como fugir Não importa o que aconteça Eu não vou parar Eu vou até o fim No ínicio	Metal
725	Eu não vou ser quem vai te mostrar Aquelas coisas que você não quer Vou te falar o que eu sinto por você Ouça com o seu coração Quero te ter e não mais te deixar O amor chegou sem eu saber porque A vida passa e nos leva a crescer Coisas que só vi com você Se	Metal
726	Tudo que eu faço é por ti Nunca duvide de mim Quando eu te digo Eu amo você Sou o que sou e não vou esconder Nem vou mudar por ninguém A não ser por você Que me faz viver Vou melhorar cada vez, Mas eu vou ficar com você... Eu sou seu pra vida inteira! Diga que me quer, diga que me quer! Diga o que sente quando me vê Não sofro mais não volto atrás Diga que me quer, diga que me quer, diga! Diga outra vez	Metal
727	Ela não vai mais te esperar Outra vez Se tudo que vai, um dia tem que voltar É sua vez Então vá atrás, corra mais Pra aquilo que sempre quis Não vá deixar o tempo acabar Sem querer eu me entreguei As horas passam sem você Eu já não sei o que fazer Outra vez só você pode trazer tudo de volta Tô esperando aqui na porta Ela não vai mais te esperar Outra vez Quero acreditar que tudo vai se acertar No final Então vá atrás, corra mais Para aquilo que sempre quis Não vá deixar o tempo acabar Sem querer eu me entreguei	Metal
728	Sem você eu cheguei a pensar Em não mais viver Vou sangrar até morrer Se você não ficar Eu só quero ser Eterno pra você Só depende de nós Me beija e não para Dessa vez será pra sempre Vá em frente Seu cheiro me enlouquece Fico louco só de te ver Não consigo mais me conter Se partir eu não vou mais existir Minha vida chega ao fim Eu só quero ser Eterno	Metal
729	Os seus olhos me mostram o caminho onde eu sempre quis chegar [ 2 x ] Tentei fazer o possível Pra você sentir e enxergar. Tudo é fácil, Mas a vida é um castigo pra você que não quer acordar. Tentei ser o que eu não fui Amei você sem ver e pensar. Tentei sonhar sem ter você. Mas eu tive que acordar, pra te ver. Lembra das 12 rosas que eu te dei? eu pensei em te ligar com o seu olhar, e uma lua cheia lembra quando eu	Metal
730	Eu sei que tudo passa, Mas o tempo é a graça da vida Viver não é parar e pensar só em problemas E hoje eu sei que eu não vou explicar mais Hoje estou feliz e com você Vou buscar e viver... Felicidade, paz e harmonia Uma mulher, uma familia O resto, bem, isso não me importa É assim meu estilo de vida Acredito sempre nessa fé que me ilumina Viver não é parar e pensar só em problemas E hoje é quase impossivel	Metal
731	Você ligou dizendo coisas e me fez pensar Que era bom com você Mas eu não vou voltar Pra uma história que eu talvez já saiba o final Foi duro pra você é ! Mas tente entender Eu não estava tão bem Vivendo ao seu lado eu sei que não iria encontrar O que tanto procurei Mas eu sei que foi, sei que foi Foi melhor, foi melhor Tudo vai melhorar, espera o tempo passar Eu sei Foi melhor, foi melhor É melhor esquecer, que fique entre eu e você E assim nossa história chega ao fim Eu não estava tão bem Vivendo ao	Metal
732	Não dá mais, já não posso, não consigo esconder Impossível controlar minha vontade de você É maior que tudo e tudo bem Acredita em mim... Já mudei e provei que não sou mais, nem sei quem sou Eu duvido que isso tudo não seja amor... Meu amor... Eu quero saber se você não quer me beijar Olha pra mim, duvido você negar Que agora eu sou quem você sempre quis Te ver assim, linda, tão linda pra mim Linda, tão linda pra mim É tudo que eu sempre quis... Não	Metal
733	Onde estou? Quem sou eu? Agora é tarde pra pensar no que passou Meus vícios E ao meu redor, o seu rancor E a minha dor E o medo só me deu coragem pra viver E encarar essa luta Sem pensar em parar Vou vencer, por você E o que é meu, ninguém tira E nesse tempo todo eu pude ver E me afastar	Metal
734	Mais um dia se passou Mil lembranças tive aqui Tempos bons, tempos ruins Levo a vida sempre assim Pessoas vem pessoas vão Algumas marcam e outras não Tudo tem sua hora e o seu lugar E as vezes vale a pena esperar Penso em dias bem melhores Vivo o agora e o amanhã Abandono essas lembranças ruins Eu vou tirar tudo que não Me deixa confiar em mim Espero sonhar E acreditar que	Metal
735	Hoje estou bem triste, pois sei que tudo está decidido. Te quero tanto Mas não adianta só eu te querer Temos que tentar resistir e seguir, sem esmurecer Já não há nada a fazer Temos que parar de sofrer por sofrer, sem saber porque Pois a vida começa outra vez Eu que não suporto perder você Mas é inevitável nossa separação; todos os momentos vão se perder, temos que aceitar O amor acabou para nós Daquele amor só temos pra salvar as lembranças Te quero tanto	Metal
736	Bem que eu te avisei mais você não quis me escutar Sei, tava tudo bem mais o amor é lei, é compartilhar Quem ama desse jeito traz tanto amor no peito, tanta solidão Bem que eu te avisei eu me entreguei e você não Mas o amor é mais,	Metal
737	Você mexeu no que eu sonhava E foi embora E agora, o que antes me acordava Hoje me deixou dormindo sozinho E o medo me prende, Te impede de entender Que nada vai passar Enquanto você não crescer Eu vou ficar bem melhor Se você partir Se você me deixar só Eu vou ficar melhor aqui Antes de te ver partir Você me fez ver como é	Metal
738	Eu não vou mais esperar você voltar Vou desistir pra sempre. Eu vou buscar um caminho a seguir Não vou olhar pra trás. Não dá mais pra ser assim E fingir	Metal
739	Pai, pode ser que daqui a algum tempo Haja tempo pra gente ser mais Muito mais que dois grandes amigos, pai e filho talvez Pai, pode ser que daí você sinta, qualquer coisa entre esses vinte ou trinta Longos anos em busca de paz.... Pai, pode crer, eu tô bem eu vou indo, tô tentando vivendo e pedindo Com loucura pra você renascer... Pai, eu não faço questão de ser tudo, só não quero e não vou ficar mudo Pra falar de amor pra você Pai, senta aqui que o jantar tá na mesa, fala um pouco tua voz tá tão presa Nos ensine esse jogo da	Metal
740	Olhando no espelho Sei que posso esperar Nos seus olhos vejo a luz De quem sabe aonde quer chegar O teu coração, teu corpo, sua mente A tua mão, olhando lá na frente Nosso sol já apareceu Nossa festa já começou Uo Ou... Quero para sempre mais Cantar, Pular, Gritar Uo	Metal
741	Vou deixar a vida mostrar se vou vencer ou vou ficar Irei lutar, será que vou ganhar? A luz me mostra sempre o caminho estou indo passo a passo eu vou chegar estou mais forte Pronto pra atacar Não sei por que sinto medo de ficar aqui Corri e gritei o tempo passa e não volta atrás Errar, vencer te corroi sem saber por que Vai acontecer Ouvi fracassos caminhos e atalhos que não deram certo eu entendi vou batalhar e	Metal
742	Não diga nada, Deixe que o tempo mostre Que o destino só depende das escolhas de hoje E de nossas promessas. Não vou embora, Até que você diga Quem esteve do seu lado Quando mais queria Apenas olhe pra mim. Mas se tem que ser assim, Então seja o que for. Tô com saudades de você E essa dor é tão ruim, Promete pra mim Que isso vai passar Quando você voltar. Quero te ver bem Melhor se for comigo, Porque ficar sem você É meu pior castigo Apenas olhe pra mim. Mas se tem que ser assim, Então seja o que for. Tô com	Metal
743	Não quero mais saber o que eles vão dizer Sobre o que eu vou fazer ou sobre o que eu não vou ser O caminho é longo, eu sei E eu vou fazer valer Cada segundo que eu passo sem dizer porque Vou mergulhar mais fundo, Sair do quarto escuro Vou descobrir o que é melhor pra mim Que profissão eu quero Futuro que eu espero Vou encontrar o que me faz feliz Sem saber o que vai ser (vai ser) Sem saber o que vai ser Se é pra eu tentar ser alguém bem melhor Deixa eu tentar ser quem eu sou Ganhar ou perder, tanto faz, não importa Eu quero é mais ser quem eu sou Agora eu te quero, depois eu já não sei Mas quando estamos juntos nada mais importa aqui Será que eu tenho sorte? Será que é ilusão? De ver que a minha história foge dessa confusão Eu vou pular mais	Metal
744	Eu joguei fora a chance de voltar Mas o motivo eu não quis contar Você era muito eu e eu pouco você Mas no final das contas eu também era... Você me faz acreditar no tempo Você faz o meu mundo parar Não quero olhar pra outra direção a não ser pra onde eu sei que você estará Isso não é desculpa Você sabe eu não volto atrás Só quero que lembre do quanto nós dois éramos mais Que saudades de... Você me faz acreditar no tempo Você faz o meu	Metal
745	Agora eu sei por que tudo acabou Eu sei fui eu que errei de nada adiantou fugir Fugir pra longe de mim. Agora eu sei que nada vai fazer voltar O tempo que nós dois sorrimos sem pensar E eu que pensei Nunca ter um fim. Você pode até tentar fugir, Mas pra sempre vai estar aqui, No meu coração Você pode até tentar fugir, Mas pra sempre vai estar aqui, No meu coração Eu sei você mostrou o que eu não pude ver E agora é tão difícil tentar te esquecer E eu Eu tento entender	Metal
746	Eu me sinto distante de você, eu sinto sua falta Onde você está, não consigo dormir e nem consigo sonhar (Só consigo te imaginar) Eu te quero toda pra mim, (você não sabe o quanto) O quanto que você faz falta pra mim (Só consigo te imaginar) Porque você não vem pra mim e fala que me ama do jeito que eu sempre te amei Porque você não vem pra mim e fala que me ama	Metal
747	Demorei muito pra te encontrar Agora quero só você Teu jeito todo especial de ser Eu fico louco com você Te abraço e sinto coisas que eu não sei dizer só sinto com você meu pensamento voa de encontro ao teu será que é sonho meu Tava cansado de me preocupar quantas vezes eu dancei E tantas vezes que eu só fiquei chorei, chorei Agora eu quero ir fundo lá na emoção Mexer teu coração salta comigo alto e todo mundo vê que	Metal
748	Não era pra ser assim Eu não queria acabar Mas se o destino quis assim Me resta agora aceitar Eu sei que isso é tão ruim Te querer e não poder Mas se este é o melhor pra mim Me resta agora entender Mas basta apenas eu pensar No tempo que passamos juntos Talvez o dia ainda passe sem você Outra vez, eu vejo que a saída é entender Esquecer que um dia você fez parte de mim E vou seguir assim Não era	Metal
749	Pra que mentir Pra você mesma Dizer que nunca vai Chegar onde quer O impossível pode se tornar real pra você Não tenha medo, sonhe, tudo pode acontecer É só acreditar, só acreditar Pra tudo ser real Não adianta viver sem motivo Está decidido Só você pode mudar Você é linda, exagerada Sabe o que quer Quer ser feliz a vida inteira Não tenha medo, O impossível pode se tornar	Metal
750	Eu sou feito de você Quero bem de quem não quer o mal Presta atenção, me diz Na real, qual é A verdade entre a sua e a minha Onde está a verdade? Verdade Pra que tanta hipocrisia? Somos um ou somos nada Fomos feitos para amar E não para matar Pra que tanta hipocrisia? Se igualdade é uma mentira Eu sou feito de você Não sei por que não há perdão Se essa é a nossa evolução Presta atenção, me diz Na real, qual	Metal
751	Dias e noites te esperando e você triste por mim. Você era legal bem radical igual nosso amor. Depois disso fiquei chorando , pois você não sabe o que é amor. Oque eu quero é você de volta , de volta pra mim , sei que nosso amor ,sei que nosso amor não tem fim. Eu sonhando e pensando em você aqui. Antes você me ajudava , não atrapalhava	Metal
752	Eu me sinto distante de você, eu sinto sua falta Onde você está, não consigo dormir e nem consigo sonhar (Só consigo te imaginar) Eu te quero toda pra mim, (você não sabe o quanto) O quanto que você faz falta pra mim (Só consigo te imaginar) Porque você não vem pra mim e fala que me ama do jeito que eu sempre te amei Porque você não vem pra mim e fala que me ama	Metal
753	Não dá mais, já não posso, não consigo esconder Impossível controlar minha vontade de você É maior que tudo e tudo bem Acredita em mim... Já mudei e provei que não sou mais, nem sei quem sou Eu duvido que isso tudo não seja amor... Meu amor... Eu quero saber se você não quer me beijar Olha pra mim, duvido você negar Que agora eu sou quem você sempre quis Te ver assim, linda, tão linda pra mim Linda, tão linda pra mim É tudo que eu sempre quis... Não	Metal
754	Sem você eu cheguei a pensar Em não mais viver Vou sangrar até morrer Se você não ficar Eu só quero ser Eterno pra você Só depende de nós Me beija e não para Dessa vez será pra sempre Vá em frente Seu cheiro me enlouquece Fico louco só de te ver Não consigo mais me conter Se partir eu não vou mais existir Minha vida chega ao fim Eu só quero ser Eterno	Metal
755	Demorei muito pra te encontrar Agora quero só você Teu jeito todo especial de ser Eu fico louco com você Te abraço e sinto coisas que eu não sei dizer só sinto com você meu pensamento voa de encontro ao teu será que é sonho meu Tava cansado de me preocupar quantas vezes eu dancei E tantas vezes que eu só fiquei chorei, chorei Agora eu quero ir fundo lá na emoção Mexer teu coração salta comigo alto e todo mundo vê que	Metal
756	Agora eu sei por que tudo acabou Eu sei fui eu que errei de nada adiantou fugir Fugir pra longe de mim. Agora eu sei que nada vai fazer voltar O tempo que nós dois sorrimos sem pensar E eu que pensei Nunca ter um fim. Você pode até tentar fugir, Mas pra sempre vai estar aqui, No meu coração Você pode até tentar fugir, Mas pra sempre vai estar aqui, No meu coração Eu sei você mostrou o que eu não pude ver E agora é tão difícil tentar te esquecer E eu Eu tento entender	Metal
757	Hoje eu parei pra escutar meu coração Que só fala de você Desde quando eu te vi Hoje as lembranças já fazem parte desta canção que eu escrevi só pra você REFRÃO: Nós vamos estar Juntos mesmo quando não estamos perto Já não importa mais o que ficou pra trás Agora é só eu e você! Venha e me mostre como tudo deve ser Marcou minha história mesmo sem querer Como tudo deve ser Eu nunca achei alguém pra ser feliz Mas em você tem algo que me diz Que tudo vai ser bem melhor pra mim E você vem em câmera lenta Agora sua imagem	Metal
758	Não quero mais saber o que eles vão dizer Sobre o que eu vou fazer ou sobre o que eu não vou ser O caminho é longo, eu sei E eu vou fazer valer Cada segundo que eu passo sem dizer porque Vou mergulhar mais fundo, Sair do quarto escuro Vou descobrir o que é melhor pra mim Que profissão eu quero Futuro que eu espero Vou encontrar o que me faz feliz Sem saber o que vai ser (vai ser) Sem saber o que vai ser Se é pra eu tentar ser alguém bem melhor Deixa eu tentar ser quem eu sou Ganhar ou perder, tanto faz, não importa Eu quero é mais ser quem eu sou Agora eu te quero, depois eu já não sei Mas quando estamos juntos nada mais importa aqui Será que eu tenho sorte? Será que é ilusão? De ver que a minha história foge dessa confusão Eu vou pular mais	Metal
759	Ela não vai mais te esperar Outra vez Se tudo que vai, um dia tem que voltar É sua vez Então vá atrás, corra mais Pra aquilo que sempre quis Não vá deixar o tempo acabar Sem querer eu me entreguei As horas passam sem você Eu já não sei o que fazer Outra vez só você pode trazer tudo de volta Tô esperando aqui na porta Ela não vai mais te esperar Outra vez Quero acreditar que tudo vai se acertar No final Então vá atrás, corra mais Para aquilo que sempre quis Não vá deixar o tempo acabar Sem querer eu me entreguei	Metal
760	Hoje estou bem triste, pois sei que tudo está decidido. Te quero tanto Mas não adianta só eu te querer Temos que tentar resistir e seguir, sem esmurecer Já não há nada a fazer Temos que parar de sofrer por sofrer, sem saber porque Pois a vida começa outra vez Eu que não suporto perder você Mas é inevitável nossa separação; todos os momentos vão se perder, temos que aceitar O amor acabou para nós Daquele amor só temos pra salvar as lembranças Te quero tanto	Metal
761	Não diga nada, Deixe que o tempo mostre Que o destino só depende das escolhas de hoje E de nossas promessas. Não vou embora, Até que você diga Quem esteve do seu lado Quando mais queria Apenas olhe pra mim. Mas se tem que ser assim, Então seja o que for. Tô com saudades de você E essa dor é tão ruim, Promete pra mim Que isso vai passar Quando você voltar. Quero te ver bem Melhor se for comigo, Porque ficar sem você É meu pior castigo Apenas olhe pra mim. Mas se tem que ser assim, Então seja o que for. Tô com	Metal
762	Tudo que eu faço é por ti Nunca duvide de mim Quando eu te digo Eu amo você Sou o que sou e não vou esconder Nem vou mudar por ninguém A não ser por você Que me faz viver Vou melhorar cada vez, Mas eu vou ficar com você... Eu sou seu pra vida inteira! Diga que me quer, diga que me quer! Diga o que sente quando me vê Não sofro mais não volto atrás Diga que me quer, diga que me quer, diga! Diga outra vez	Metal
763	Eu sou feito de você Quero bem de quem não quer o mal Presta atenção, me diz Na real, qual é A verdade entre a sua e a minha Onde está a verdade? Verdade Pra que tanta hipocrisia? Somos um ou somos nada Fomos feitos para amar E não para matar Pra que tanta hipocrisia? Se igualdade é uma mentira Eu sou feito de você Não sei por que não há perdão Se essa é a nossa evolução Presta atenção, me diz Na real, qual	Metal
764	Não era pra ser assim Eu não queria acabar Mas se o destino quis assim Me resta agora aceitar Eu sei que isso é tão ruim Te querer e não poder Mas se este é o melhor pra mim Me resta agora entender Mas basta apenas eu pensar No tempo que passamos juntos Talvez o dia ainda passe sem você Outra vez, eu vejo que a saída é entender Esquecer que um dia você fez parte de mim E vou seguir assim Não era	Metal
765	Os seus olhos me mostram o caminho onde eu sempre quis chegar [ 2 x ] Tentei fazer o possível Pra você sentir e enxergar. Tudo é fácil, Mas a vida é um castigo pra você que não quer acordar. Tentei ser o que eu não fui Amei você sem ver e pensar. Tentei sonhar sem ter você. Mas eu tive que acordar, pra te ver. Lembra das 12 rosas que eu te dei? eu pensei em te ligar com o seu olhar, e uma lua cheia lembra quando eu	Metal
766	Eu não vou ser quem vai te mostrar Aquelas coisas que você não quer Vou te falar o que eu sinto por você Ouça com o seu coração Quero te ter e não mais te deixar O amor chegou sem eu saber porque A vida passa e nos leva a crescer Coisas que só vi com você Se	Metal
767	Eu não vou mais esperar você voltar Vou desistir pra sempre. Eu vou buscar um caminho a seguir Não vou olhar pra trás. Não dá mais pra ser assim E fingir	Metal
768	Quando olho pro futuro Vejo coisas que não podem ser reais As pessoas, esse disturbio Eu me pergunto onde está você minha paz? (Quero saber, preciso saber) Eu quero uma resposta Faz tanto tempo que você não está aqui... tô sentindo tanto sua falta Esqueça os problemas Quero que tudo dê certo que tudo fique bem Só assim que eu encontro a minha paz, encontro a minha paz. Quando olho pro futuro, Não vejo nada a não ser você chegar Não importa a distância Eu me pergunto onde está você minha paz... (Quero	Metal
769	Pai, pode ser que daqui a algum tempo Haja tempo pra gente ser mais Muito mais que dois grandes amigos, pai e filho talvez Pai, pode ser que daí você sinta, qualquer coisa entre esses vinte ou trinta Longos anos em busca de paz.... Pai, pode crer, eu tô bem eu vou indo, tô tentando vivendo e pedindo Com loucura pra você renascer... Pai, eu não faço questão de ser tudo, só não quero e não vou ficar mudo Pra falar de amor pra você Pai, senta aqui que o jantar tá na mesa, fala um pouco tua voz tá tão presa Nos ensine esse jogo da	Metal
770	Eu sei que tudo passa, Mas o tempo é a graça da vida Viver não é parar e pensar só em problemas E hoje eu sei que eu não vou explicar mais Hoje estou feliz e com você Vou buscar e viver... Felicidade, paz e harmonia Uma mulher, uma familia O resto, bem, isso não me importa É assim meu estilo de vida Acredito sempre nessa fé que me ilumina Viver não é parar e pensar só em problemas E hoje é quase impossivel	Metal
771	Pra que mentir Pra você mesma Dizer que nunca vai Chegar onde quer O impossível pode se tornar real pra você Não tenha medo, sonhe, tudo pode acontecer É só acreditar, só acreditar Pra tudo ser real Não adianta viver sem motivo Está decidido Só você pode mudar Você é linda, exagerada Sabe o que quer Quer ser feliz a vida inteira Não tenha medo, O impossível pode se tornar	Metal
772	Olhando no espelho Sei que posso esperar Nos seus olhos vejo a luz De quem sabe aonde quer chegar O teu coração, teu corpo, sua mente A tua mão, olhando lá na frente Nosso sol já apareceu Nossa festa já começou Uo Ou... Quero para sempre mais Cantar, Pular, Gritar Uo	Metal
773	Mais um dia se passou Mil lembranças tive aqui Tempos bons, tempos ruins Levo a vida sempre assim Pessoas vem pessoas vão Algumas marcam e outras não Tudo tem sua hora e o seu lugar E as vezes vale a pena esperar Penso em dias bem melhores Vivo o agora e o amanhã Abandono essas lembranças ruins Eu vou tirar tudo que não Me deixa confiar em mim Espero sonhar E acreditar que	Metal
774	Eu joguei fora a chance de voltar Mas o motivo eu não quis contar Você era muito eu e eu pouco você Mas no final das contas eu também era... Você me faz acreditar no tempo Você faz o meu mundo parar Não quero olhar pra outra direção a não ser pra onde eu sei que você estará Isso não é desculpa Você sabe eu não volto atrás Só quero que lembre do quanto nós dois éramos mais Que saudades de... Você me faz acreditar no tempo Você faz o meu	Metal
775	Bem que eu te avisei mais você não quis me escutar Sei, tava tudo bem mais o amor é lei, é compartilhar Quem ama desse jeito traz tanto amor no peito, tanta solidão Bem que eu te avisei eu me entreguei e você não Mas o amor é mais,	Metal
776	Dias e noites te esperando e você triste por mim. Você era legal bem radical igual nosso amor. Depois disso fiquei chorando , pois você não sabe o que é amor. Oque eu quero é você de volta , de volta pra mim , sei que nosso amor ,sei que nosso amor não tem fim. Eu sonhando e pensando em você aqui. Antes você me ajudava , não atrapalhava	Metal
777	Hoje eu parei pra escutar meu coração Que só fala de você Desde quando eu te vi Hoje as lembranças já fazem parte desta canção que eu escrevi só pra você REFRÃO: Nós vamos estar Juntos mesmo quando não estamos perto Já não importa mais o que ficou pra trás Agora é só eu e você! Venha e me mostre como tudo deve ser Marcou minha história mesmo sem querer Como tudo deve ser Eu nunca achei alguém pra ser feliz Mas em você tem algo que me diz Que tudo vai ser bem melhor pra mim E você vem em câmera lenta Agora sua imagem	Metal
778	Quando olho pro futuro Vejo coisas que não podem ser reais As pessoas, esse disturbio Eu me pergunto onde está você minha paz? (Quero saber, preciso saber) Eu quero uma resposta Faz tanto tempo que você não está aqui... tô sentindo tanto sua falta Esqueça os problemas Quero que tudo dê certo que tudo fique bem Só assim que eu encontro a minha paz, encontro a minha paz. Quando olho pro futuro, Não vejo nada a não ser você chegar Não importa a distância Eu me pergunto onde está você minha paz... (Quero	Metal
779	Aquela vez eu te vi chorar e não sabia o que era mas sempre quando eu estou aqui perto pode contar Sempre quero o seu bem quando você está mal nunca perca o seu ser que eu fico mal Aquela vez você não soube me entender se eu te falei, foi para o seu bem Esquece de tudo e bola pra frente Como eu vou te ajudar sem você pra colaborar me diz se	Metal
780	No início eu pensei que ia ser fácil conquistar (Conquistar) Ela me prendeu no lugar onde eu sempre quis estar (Quero estar) Sem querer eu me entreguei Agora não tem mais como fugir Não importa o que aconteça Eu não vou parar Eu vou até o fim No ínicio	Metal
781	Eu não vou ser quem vai te mostrar Aquelas coisas que você não quer Vou te falar o que eu sinto por você Ouça com o seu coração Quero te ter e não mais te deixar O amor chegou sem eu saber porque A vida passa e nos leva a crescer Coisas que só vi com você Se	Metal
782	Tudo que eu faço é por ti Nunca duvide de mim Quando eu te digo Eu amo você Sou o que sou e não vou esconder Nem vou mudar por ninguém A não ser por você Que me faz viver Vou melhorar cada vez, Mas eu vou ficar com você... Eu sou seu pra vida inteira! Diga que me quer, diga que me quer! Diga o que sente quando me vê Não sofro mais não volto atrás Diga que me quer, diga que me quer, diga! Diga outra vez	Metal
783	Ela não vai mais te esperar Outra vez Se tudo que vai, um dia tem que voltar É sua vez Então vá atrás, corra mais Pra aquilo que sempre quis Não vá deixar o tempo acabar Sem querer eu me entreguei As horas passam sem você Eu já não sei o que fazer Outra vez só você pode trazer tudo de volta Tô esperando aqui na porta Ela não vai mais te esperar Outra vez Quero acreditar que tudo vai se acertar No final Então vá atrás, corra mais Para aquilo que sempre quis Não vá deixar o tempo acabar Sem querer eu me entreguei	Metal
784	Sem você eu cheguei a pensar Em não mais viver Vou sangrar até morrer Se você não ficar Eu só quero ser Eterno pra você Só depende de nós Me beija e não para Dessa vez será pra sempre Vá em frente Seu cheiro me enlouquece Fico louco só de te ver Não consigo mais me conter Se partir eu não vou mais existir Minha vida chega ao fim Eu só quero ser Eterno	Metal
785	Os seus olhos me mostram o caminho onde eu sempre quis chegar [ 2 x ] Tentei fazer o possível Pra você sentir e enxergar. Tudo é fácil, Mas a vida é um castigo pra você que não quer acordar. Tentei ser o que eu não fui Amei você sem ver e pensar. Tentei sonhar sem ter você. Mas eu tive que acordar, pra te ver. Lembra das 12 rosas que eu te dei? eu pensei em te ligar com o seu olhar, e uma lua cheia lembra quando eu	Metal
786	Eu sei que tudo passa, Mas o tempo é a graça da vida Viver não é parar e pensar só em problemas E hoje eu sei que eu não vou explicar mais Hoje estou feliz e com você Vou buscar e viver... Felicidade, paz e harmonia Uma mulher, uma familia O resto, bem, isso não me importa É assim meu estilo de vida Acredito sempre nessa fé que me ilumina Viver não é parar e pensar só em problemas E hoje é quase impossivel	Metal
787	Você ligou dizendo coisas e me fez pensar Que era bom com você Mas eu não vou voltar Pra uma história que eu talvez já saiba o final Foi duro pra você é ! Mas tente entender Eu não estava tão bem Vivendo ao seu lado eu sei que não iria encontrar O que tanto procurei Mas eu sei que foi, sei que foi Foi melhor, foi melhor Tudo vai melhorar, espera o tempo passar Eu sei Foi melhor, foi melhor É melhor esquecer, que fique entre eu e você E assim nossa história chega ao fim Eu não estava tão bem Vivendo ao	Metal
788	Não dá mais, já não posso, não consigo esconder Impossível controlar minha vontade de você É maior que tudo e tudo bem Acredita em mim... Já mudei e provei que não sou mais, nem sei quem sou Eu duvido que isso tudo não seja amor... Meu amor... Eu quero saber se você não quer me beijar Olha pra mim, duvido você negar Que agora eu sou quem você sempre quis Te ver assim, linda, tão linda pra mim Linda, tão linda pra mim É tudo que eu sempre quis... Não	Metal
789	Onde estou? Quem sou eu? Agora é tarde pra pensar no que passou Meus vícios E ao meu redor, o seu rancor E a minha dor E o medo só me deu coragem pra viver E encarar essa luta Sem pensar em parar Vou vencer, por você E o que é meu, ninguém tira E nesse tempo todo eu pude ver E me afastar	Metal
790	Mais um dia se passou Mil lembranças tive aqui Tempos bons, tempos ruins Levo a vida sempre assim Pessoas vem pessoas vão Algumas marcam e outras não Tudo tem sua hora e o seu lugar E as vezes vale a pena esperar Penso em dias bem melhores Vivo o agora e o amanhã Abandono essas lembranças ruins Eu vou tirar tudo que não Me deixa confiar em mim Espero sonhar E acreditar que	Metal
791	Hoje estou bem triste, pois sei que tudo está decidido. Te quero tanto Mas não adianta só eu te querer Temos que tentar resistir e seguir, sem esmurecer Já não há nada a fazer Temos que parar de sofrer por sofrer, sem saber porque Pois a vida começa outra vez Eu que não suporto perder você Mas é inevitável nossa separação; todos os momentos vão se perder, temos que aceitar O amor acabou para nós Daquele amor só temos pra salvar as lembranças Te quero tanto	Metal
792	Bem que eu te avisei mais você não quis me escutar Sei, tava tudo bem mais o amor é lei, é compartilhar Quem ama desse jeito traz tanto amor no peito, tanta solidão Bem que eu te avisei eu me entreguei e você não Mas o amor é mais,	Metal
793	Você mexeu no que eu sonhava E foi embora E agora, o que antes me acordava Hoje me deixou dormindo sozinho E o medo me prende, Te impede de entender Que nada vai passar Enquanto você não crescer Eu vou ficar bem melhor Se você partir Se você me deixar só Eu vou ficar melhor aqui Antes de te ver partir Você me fez ver como é	Metal
794	Eu não vou mais esperar você voltar Vou desistir pra sempre. Eu vou buscar um caminho a seguir Não vou olhar pra trás. Não dá mais pra ser assim E fingir	Metal
795	Pai, pode ser que daqui a algum tempo Haja tempo pra gente ser mais Muito mais que dois grandes amigos, pai e filho talvez Pai, pode ser que daí você sinta, qualquer coisa entre esses vinte ou trinta Longos anos em busca de paz.... Pai, pode crer, eu tô bem eu vou indo, tô tentando vivendo e pedindo Com loucura pra você renascer... Pai, eu não faço questão de ser tudo, só não quero e não vou ficar mudo Pra falar de amor pra você Pai, senta aqui que o jantar tá na mesa, fala um pouco tua voz tá tão presa Nos ensine esse jogo da	Metal
796	Olhando no espelho Sei que posso esperar Nos seus olhos vejo a luz De quem sabe aonde quer chegar O teu coração, teu corpo, sua mente A tua mão, olhando lá na frente Nosso sol já apareceu Nossa festa já começou Uo Ou... Quero para sempre mais Cantar, Pular, Gritar Uo	Metal
797	Vou deixar a vida mostrar se vou vencer ou vou ficar Irei lutar, será que vou ganhar? A luz me mostra sempre o caminho estou indo passo a passo eu vou chegar estou mais forte Pronto pra atacar Não sei por que sinto medo de ficar aqui Corri e gritei o tempo passa e não volta atrás Errar, vencer te corroi sem saber por que Vai acontecer Ouvi fracassos caminhos e atalhos que não deram certo eu entendi vou batalhar e	Metal
798	Não diga nada, Deixe que o tempo mostre Que o destino só depende das escolhas de hoje E de nossas promessas. Não vou embora, Até que você diga Quem esteve do seu lado Quando mais queria Apenas olhe pra mim. Mas se tem que ser assim, Então seja o que for. Tô com saudades de você E essa dor é tão ruim, Promete pra mim Que isso vai passar Quando você voltar. Quero te ver bem Melhor se for comigo, Porque ficar sem você É meu pior castigo Apenas olhe pra mim. Mas se tem que ser assim, Então seja o que for. Tô com	Metal
799	Não quero mais saber o que eles vão dizer Sobre o que eu vou fazer ou sobre o que eu não vou ser O caminho é longo, eu sei E eu vou fazer valer Cada segundo que eu passo sem dizer porque Vou mergulhar mais fundo, Sair do quarto escuro Vou descobrir o que é melhor pra mim Que profissão eu quero Futuro que eu espero Vou encontrar o que me faz feliz Sem saber o que vai ser (vai ser) Sem saber o que vai ser Se é pra eu tentar ser alguém bem melhor Deixa eu tentar ser quem eu sou Ganhar ou perder, tanto faz, não importa Eu quero é mais ser quem eu sou Agora eu te quero, depois eu já não sei Mas quando estamos juntos nada mais importa aqui Será que eu tenho sorte? Será que é ilusão? De ver que a minha história foge dessa confusão Eu vou pular mais	Metal
800	Eu joguei fora a chance de voltar Mas o motivo eu não quis contar Você era muito eu e eu pouco você Mas no final das contas eu também era... Você me faz acreditar no tempo Você faz o meu mundo parar Não quero olhar pra outra direção a não ser pra onde eu sei que você estará Isso não é desculpa Você sabe eu não volto atrás Só quero que lembre do quanto nós dois éramos mais Que saudades de... Você me faz acreditar no tempo Você faz o meu	Metal
801	Agora eu sei por que tudo acabou Eu sei fui eu que errei de nada adiantou fugir Fugir pra longe de mim. Agora eu sei que nada vai fazer voltar O tempo que nós dois sorrimos sem pensar E eu que pensei Nunca ter um fim. Você pode até tentar fugir, Mas pra sempre vai estar aqui, No meu coração Você pode até tentar fugir, Mas pra sempre vai estar aqui, No meu coração Eu sei você mostrou o que eu não pude ver E agora é tão difícil tentar te esquecer E eu Eu tento entender	Metal
802	Eu me sinto distante de você, eu sinto sua falta Onde você está, não consigo dormir e nem consigo sonhar (Só consigo te imaginar) Eu te quero toda pra mim, (você não sabe o quanto) O quanto que você faz falta pra mim (Só consigo te imaginar) Porque você não vem pra mim e fala que me ama do jeito que eu sempre te amei Porque você não vem pra mim e fala que me ama	Metal
803	Demorei muito pra te encontrar Agora quero só você Teu jeito todo especial de ser Eu fico louco com você Te abraço e sinto coisas que eu não sei dizer só sinto com você meu pensamento voa de encontro ao teu será que é sonho meu Tava cansado de me preocupar quantas vezes eu dancei E tantas vezes que eu só fiquei chorei, chorei Agora eu quero ir fundo lá na emoção Mexer teu coração salta comigo alto e todo mundo vê que	Metal
804	Não era pra ser assim Eu não queria acabar Mas se o destino quis assim Me resta agora aceitar Eu sei que isso é tão ruim Te querer e não poder Mas se este é o melhor pra mim Me resta agora entender Mas basta apenas eu pensar No tempo que passamos juntos Talvez o dia ainda passe sem você Outra vez, eu vejo que a saída é entender Esquecer que um dia você fez parte de mim E vou seguir assim Não era	Metal
805	Pra que mentir Pra você mesma Dizer que nunca vai Chegar onde quer O impossível pode se tornar real pra você Não tenha medo, sonhe, tudo pode acontecer É só acreditar, só acreditar Pra tudo ser real Não adianta viver sem motivo Está decidido Só você pode mudar Você é linda, exagerada Sabe o que quer Quer ser feliz a vida inteira Não tenha medo, O impossível pode se tornar	Metal
806	Eu sou feito de você Quero bem de quem não quer o mal Presta atenção, me diz Na real, qual é A verdade entre a sua e a minha Onde está a verdade? Verdade Pra que tanta hipocrisia? Somos um ou somos nada Fomos feitos para amar E não para matar Pra que tanta hipocrisia? Se igualdade é uma mentira Eu sou feito de você Não sei por que não há perdão Se essa é a nossa evolução Presta atenção, me diz Na real, qual	Metal
807	Dias e noites te esperando e você triste por mim. Você era legal bem radical igual nosso amor. Depois disso fiquei chorando , pois você não sabe o que é amor. Oque eu quero é você de volta , de volta pra mim , sei que nosso amor ,sei que nosso amor não tem fim. Eu sonhando e pensando em você aqui. Antes você me ajudava , não atrapalhava	Metal
808	Afinação : Drop D - D,A,D,G,B,e [Escute a música enquanto toca...é melhor!] _ |----------------------------------------------------------| | |----------------------------------------------------------| | |----------------------------------------------------------| | |--8-7-----8-7-----8-7-----8-7-----8-7-----8-7-----8-7-----| | |--8-7-----8-7-----8-7-----8-7-----8-7-----8-7-----8-7-----| | |--8-7-----8-7-----8-7-----8-7-----8-7-----8-7-----8-7-----| | | |----------------------------------------------------------| | |----------------------------------------------------------| | |----------------------------------------------------------| | |--8-7-88/10-10-88-7-8--------8-7-88/10-10-88-7-8----------| |----->INTRODUÇÃO |--8-7-88/10-10-88-7-8--------8-7-88/10-10-88-7-8----------| | |--8-7-88/10-10-88-7-8--------8-7-88/10-10-88-7-8----------|X4 | | |----------------------------------------------------------| | |----------------------------------------------------------| | |----------------------------------------------------------| | |--7-7-7-768--7-7-7-768--7-7-7-768--7-7-7-768--------------| | |--7-7-7-768--7-7-7-768--7-7-7-768--7-7-7-768--------------| | |--7-7-7-768--7-7-7-768--7-7-7-768--7-7-7-768--------------| | / - PRÉ-VERSO |-----------------------------------------------------| |-----------------------------------------------------| |------5--910--910-12---------------------------------| |--7--85--910--910-12---------------------------------| |--7--83--78---78--10---------------------------------| |--7--8-----------------------------------------------| VERSO |----------------------------------------------------------------------------| |----------------------------------------------------------------------------| |-------------------------------------------------------4/5-5-5-5-55---------| |--7-7-7-768--7-7-7-768--7-7-7-768--7-7-7-768--0-0-0-00-4/5-5-5-5-55---------| |--7-7-7-768--7-7-7-768--7-7-7-768--7-7-7-768--0-0-0-00-2/3-3-3-3-33---------| |--7-7-7-768--7-7-7-768--7-7-7-768--7-7-7-768--0-0-0-00----------------------| |----------------------------------------------------------------------------| |----------------------------------------------------------------------------| |---------------------------------4/5-5-5-5-55-------------------------------| |--7-7-7-768--7-7-7-768--0-0-0-00-4/5-5-5-5-55-------------------------------| |--7-7-7-768--7-7-7-768--0-0-0-00-2/3-3-3-3-33-------------------------------| |--7-7-7-768--7-7-7-768--0-0-0-00--------------------------------------------| REFRÃO |----------------------------------------------------------| |----------------------------------------------------------| |----------------------------------------------------------| |--8-7-88/10-10-88-7-8--------8-7-88/10-10-88-7-8----------| |--8-7-88/10-10-88-7-8--------8-7-88/10-10-88-7-8----------| |--8-7-88/10-10-88-7-8--------8-7-88/10-10-88-7-8----------|X4 PRÉ-VERSO |-----------------------------------------------------| |-----------------------------------------------------| |------5--910--910-12---------------------------------| |--7--85--910--910-12---------------------------------|	Metal
809	(Instrumental - LPU -	Metal
810	Instrumental - Álbum: (2010)	Metal
811	Instrumental - Álbum: (2010)	Metal
812	Instrumental - Álbum: (2010)	Metal
813	Instrumental - Álbum: (2010)	Metal
814	Evidence Composição: Marilyn Manson Você tem olhos que me conduzem E um corpo que me mostra a morte Seus lábios parecem que foram feitos pra algo mais Mas eles apenas sugam minha respiração Eu quero sua dor para saborear o porquê de você estar envergonhada E eu sei que você não é apenas o que me diz E eu não sou o único momento do qual você é feita (refrão) Você é tão súbita e doce Todas as pernas, juntas, joelhos Cabeça fundida limpa, sua boca é paga Me foda até sabermos que é inseguro E nós pintaremos por cima da evidência Eu quero você me querendo Eu quero o que eu vejo nos	Metal
815	[Isso É O Halloween] Garotos e garotas de todas as idades Vocês não gostariam de ver algo estranho? Venham conosco e vocês verão... Essa nossa cidade de Halloween! Isso é o Halloween! Isso é o Halloween! Abóboras gritam na calada da noite! Isto é o Halloween! Todos fazem uma cena Gostosuras ou travessuras até os vizinhos morrerem de medo! Esta é nossa cidade, todos gritam Nossa cidade do Halloween... Sou aquele que se esconde debaixo da sua cama Dentes afiados e brilhantes olhos vermelhos Sou aquele que se esconde debaixo da sua escada Dedos como cobras e aranhas no meu cabelo Isto é o Halloween! Isto é o Halloween! Halloween... Nessa cidade, que chamamos de lar Todos aclamam a canção da abóbora! Nessa cidade, nós não a amamos agora? Todos estão esperando pela próxima surpresa Na esquina, cara, Se escondendo numa lata de lixo Algo está esperando para dar o bote e você vai Gritar! Isto é o Halloween! Vermelho e preto, verde viscoso Você não está com medo? Bem, está bem! Diga uma vez, diga duas vezes, Arrisque-se e jogue	Metal
816	Comprei um quilo de farinha Pra fazer farofa Pra Fazer farofa Pra faze faro fafa Comprei um quilo de farinha Pra fazer farofa Pra fazer farofa Pra fazer faro fafa Farinha de mandioca (farofafa) Pimenta malagueta (farofafa) Eu gosto	Metal
817	O pintinho vinha correndo O pintinho vinha correndo E o galo atrás E o pintinho correndo e o galo atrás O pintinho correndo e o galo atrás E o pintinho na frente e o galo atrás Passou pelo papagaio e o papagaio: -Psiu, encosta o cu na parede! -Não adianta, ele quer que eu chupe!! ... O português disse assim: -Eu vou pro Brasil ganhar dinheiro ahn, hahahaha!! Os brasileiros são uns troxas olhe, os brasileiros acreditam em tudo! Tudo que se lhe diz ele acredita, olhe! O brasileiro é um	Metal
818	Amém irmãos do Metal Vou ensinar a vocês agora um segredo muito profundo e que é guardado a sete chaves no universo sagrado do heavy metal Que é a Oração ao Deus Metal Prepare seu copo com cachaça (Se não tiver cachaça pode ser um copo de cerveja também) Aprenda comigo essas palavras sagradas, e propaguem ao mundo a vinda do nosso salvador Óh, Deus Metal Tua fúria, tua garra e teu peso invoquei Ó pai bondoso, latente	Metal
819	Comprei um quilo de farinha Pra fazer farofa Pra Fazer farofa Pra faze faro fafa Comprei um quilo de farinha Pra fazer farofa Pra fazer farofa Pra fazer faro fafa Farinha de mandioca (farofafa) Pimenta malagueta (farofafa) Eu gosto	Metal
820	Pegue uma vasilha Penere a farinha de trigo O fubá e o fermento para não empelotar Bata as claras em neve E adicione as gemas, uma a uma Acrescente o leite, o óleo e a mistura	Metal
821	Amém irmãos do Metal Vou ensinar a vocês agora um segredo muito profundo e que é guardado a sete chaves no universo sagrado do heavy metal Que é a Oração ao Deus Metal Prepare seu copo com cachaça (Se não tiver cachaça pode ser um copo de cerveja também) Aprenda comigo essas palavras sagradas, e propaguem ao mundo a vinda do nosso salvador Óh, Deus Metal Tua fúria, tua garra e teu peso invoquei Ó pai bondoso, latente	Metal
822	O pintinho vinha correndo O pintinho vinha correndo E o galo atrás E o pintinho correndo e o galo atrás O pintinho correndo e o galo atrás E o pintinho na frente e o galo atrás Passou pelo papagaio e o papagaio: -Psiu, encosta o cu na parede! -Não adianta, ele quer que eu chupe!! ... O português disse assim: -Eu vou pro Brasil ganhar dinheiro ahn, hahahaha!! Os brasileiros são uns troxas olhe, os brasileiros acreditam em tudo! Tudo que se lhe diz ele acredita, olhe! O brasileiro é um	Metal
823	(Dez terminal um) (...para Chicago...portão seis, terminal um) (vôo 3366 para	Metal
824	Que sejas meu universo Não quero dar-te só um pouco do meu tempo Não quero dar-te um dia apenas da semana Que sejas meu universo Não quero dar-te as palavras como gotas Quero que saia um dilúvio de bençãos da minha boca Refrão Que sejas meu universo Que sejas tudo o que sinto e o que penso Que de manhã seja o primeiro pensamento, e a luz em minha janela Que sejas meu universo Que enchas cada um dos meus pensamentos Que a tua presença e o teu poder seja o alimento Jesus este é o meu desejo Que sejas	Metal
825	O vento toca o meu rosto, me lembrando que o tempo vai com ele Levando em suas asas os meus dias, desta vida passageira Minhas certezas, meus conceitos, minhas virtudes, meus defeitos Nada pode detê-lo O tempo se vai Mas algo sempre guardarei O teu amor, que um dia eu encontrei [Refrão]: Os meus sonhos, o vento nao pode levar, a esperança, encontrei no	Metal
826	O que vou dizer sem ter a quem dizer? O que posso ter sem nada oferecer? Te vendo ao meu lado entendo... O que vou dizer sem ter a quem dizer? O que posso ter sem nada oferecer? Te vendo ao meu lado entendo... Que neste encontro não existe mais o eu Passa a existir o nós Dividindo o que não é mais meu Como posso ser, se não sou sem você O Pai, o Filho e o Espírito mostrou Que juntos somos um em uma direção Essa união nos dá sentido E neste encontro não existe mais o eu Passa a existir o nós Dividindo o que não é mais E se você partir, leve um pouco de mim E plante em seu jardim Pois o que me deixou Me transformou	Metal
827	Abro os meus olhos já é de manhã À noite é menor cada dia Os dias às vezes parecem iguais A guerra é minha rotina Peço forças Pra continuar Peço forças Pra poder lutar Luto pra sobreviver Com os olhos voltados pro céu Espinhos me fazem sofrer Resisto na luta com a graça de quem já venceu Fecho os meus olhos a noite já cai Começo a tratar minhas feridas Olho pros céus com os joelhos no chão Abro os braços pra graça divina Peço forças Pra continuar Peço	Metal
828	Meu Jesus maravilhoso és Minha inspiração a prosseguir E mesmo quando tudo não vai bem Eu continuo olhando para Ti. Pois sei que Tu tens o melhor pra mim Há um segredo no Teu coração Oh! Dá-me forças pra continuar Guardando a promessa em oração. Firme, oh! Deus está o meu coração Firme nas promessas do Senhor Eu continuo olhando para Ti E assim eu sei que posso prosseguir. E mesmo quando eu chorar As	Metal
829	Humanos! Humanos que se amam, humanos que se matam Humanos que ajuntam, humanos que espalham Humanos que vendem, humanos que compram Humanos que pedem, humanos que roubam Humanos que em amor gostam muito de falar Mas nunca fazem nada pra o demonstrar Humanos que pedem a paz em toda a terra E buscam por armas e tanques de guerra Quando vamos viver a vontade do Deus Pai De viver seu amor de vivermos em paz? Humanos que só falam e fazem muito pouco Humanos que só julgam e se enxergam pouco Humanos que em Deus gostam muito de falar Mas não o conhecem nem	Metal
830	Em direção ao rio Cumprindo sua missão da Galiléia veio em minha direção Como posso eu, um mero pecador batizar nas águas o meu Senhor? Eu não sou merecedor de com minhas mãos te mergulhar Se digno eu não sou de suas sandálias desatar Deixa assim acontecer Mesmo sem você entender São os planos do meu Pai Pra justiça se cumprir O começo é aqui O Pai quem me enviou O céu se	Metal
831	Se todos vivessem o amor Como Deus o criou O amor que não guarda rancor Tudo espera e suporta a dor Se não houver amor Não vale	Metal
832	Somos como naves imperiais A serviço do nosso Rei vasos de guerra, onde só há ida E não há tempo para olhar Voltar para trás Somos	Metal
833	Estou quase a desfalecer Dores vem, me fazem enfraquecer Mas posso Te encontrar em meu espírito Estar imerso em Tua paz Continuo assim a caminhar Falhas que revelam o que sou Apenas mais um mero pecador Mas posso Te encontrar em meu espírito Estar imerso em Teu amor Continuo assim a lutar Posso descansar em Ti Você me ensinou meu Mestre Que se o fardo estiver pesado Posso colocar sobre Ti E leve estarei Abro mão de tudo o que sou Só assim Tu poderás crescer Grato sou ó	Metal
834	Troquei as cores, ao redor pra te mostrar Criei formas, pra fazer você ver e entender Eu tentei falar, dando sons a minha voz Você não me ouviu, mas continuo a te esperar Eu acredito em você Ouça a minha voz Te estendo minhas mãos Meu amor é incondicional Quero fazer, nascer o sol de um novo dia pra você Trazer a minha luz, pra te mostrar os meus	Metal
835	Viver buscando, aventuras perigosas, se esquecer até mesmo de você. Saiba que a vida, é muito mais valorosa, e não a ponha a perder. Viver buscando, aventuras perigosas, se esquecer até mesmo de você. Pense, mas nunca pare de buscar, quem te quer mostrar a verdade O nome	Metal
836	Vejo ruínas de uma guerra Mais uma guerra por nossas mãos As armas foram as palavras A vaidade, a motivação Feridas que sangraram a alma A fé de muitos se perdeu Um dia irmãos, hoje inimigos Matou-se o amor que um dia nos fez um Quem vencerá? Uma guerra entre irmãos Uma guerra perdida Quem perdera? O povo	Metal
837	O vento toca o meu rosto Me lembrando que o tempo vai com ele Levando em suas asas os meus dias Desta vida passageira Minhas certezas, meus conceitos Minhas virtudes, meus defeitos Nada pode detê-lo O tempo se vai, mas algo eu sempre guardarei O teu amor, que um dia eu encontrei Os meus sonhos, o	Metal
838	Terra tão linda tão cheia de vida com suas florestas riquezas tão finas é a nossa terra pra gente viver pra gente lutar pra gente vencer terra tão bela mas cheia de dores da desigualdade e a falta de amor Brasil, se volte pra Deus Brasil, abra os olhos para Deus terra de homens sem coração que traz a miséria e a corrupção	Metal
839	Ó Deus tú és o meu Deus forte e a minha fortaleza a minh'alma tem sede de ti Senhor Com júbilo nos lábios te louvo ó meu rei Debaixo de tuas asas encontro	Metal
840	Humanos que se amam Humanos que se matam Humanos que ajuntam Humanos que espalham Humanos que vendem Humanos que compram Humanos que pedem Humanos que roubam Humanos que em amor gostam muito de falar Mas nunca fazem nada para o demonstrar Humanos que pedem a paz em toda a Terra E a buscam com armas e tanques de guerra Quando vamos viver a vontade do Deus Pai De viver seu	Metal
841	Tu me chama sobre as águas Onde os meus pés podem falhar E ali Te encontro em meio as ondas Em meio ao mar, confiarei Ao Teu nome clamarei E além das ondas olharei Se o mar crescer Somente em Ti descansarei Pois eu sou Teu e Tu és meu No mar,Tua	Metal
842	Você já me procurou Por muitas vezes tentou Como cego na multidão Que procura o seu caminho Mas sozinho nada encontra Quantas vezes eu te chamei E você não me entendeu Se você parasse um pouco e ouvisse a minha voz Te escolhi, te busquei Sempre ao seu lado eu caminhei Eu sofri por você Eu	Metal
843	Tantas coisas pra pensar Tantas coisas pra lembrar Algumas coisas prá sorrir Muitas outras pra chorar. Quem vai ouvir, a minha voz? Quem	Metal
844	Não me culpe, eu não sou daqui Quero encontrar meu lugar Onde vou Te ver, onde quero estar Vou deixar, tudo o que vivi Tudo que conquistei Não há nada que eu queira mais Andar nas ruas com Você Sentar e ouvir a Tua voz Não há mais nada a temer Só quero ir Te ver Voar além Voar além Além do que os meus olhos hoje podem ver Na certeza de poder chegar, junto a Você Num instante,	Metal
845	Me vejo pensando nos dias que eu perdi Trilhando caminhos que eu não deveria prosseguir Vivendo momentos que não trouxeram para mim A paz e a vida que um dia eu conheci Preciso voltar aos braços de quem quer cuidar	Metal
846	E Novos céus e uma nova terra C#m Alegria eterna A Onde não haverá mais lágrimas G D/F# G D/F# Nem choro se ouvirá E Onde juntos todos viveremos C#m Face a face O veremos A E exaltaremos Sua Glória e Majestade	Metal
847	Muitos querem me encontrar Mas não sabem aonde ir Outros querem me escutar Mas não param pra me ouvir Eu sou o principio e o fim Não há outro igual a mim Todo poder está em minhas mãos Muitos dizem me conhecer Mas me conhecem só de ouvir Outros tentam me explicar Negar tudo o que eu fiz Eu sou o principio e o fim Não há outro igual a mim Todo poder está em	Metal
848	Sentado, cansado Fecho os olhos Pra poder ver Além do que eu Posso entender Sei que a razão Não responde Aos meus anseios O que eu posso esperar? Enquanto caminhando aqui (não é o meu lugar) Do tempo que me resta Levo a fé no caminhar Vou confiar E me entregar Vou desfrutar Matar minha sede Desfazer o nó Que me sufoca Sei o que esperar Um lugar onde o fruto Não precisa esperar A próxima estação	Metal
849	Em passos largos mudo minha direção Será mesmo o tempo de voltar? Procuro uma saída, uma solução Mais fácil é dizer adeus Adeus... Adeus... Adeus... Adeus... Por amor a ti Eu me entreguei, foi por amor, Meu sangue eu derramei Me humilharam, Me surraram, desprezaram, Me pregaram numa cruz. Foi o preço pra poder te libertar e uma nova historia escrever. Eu morri	Metal
850	Se eu pudesse explicar ao mundo O que é andar contigo oh Deus Minhas palavras não poderiam expressar O Teu poder, O Teu imutável amor Falar de quem foi que é e sempre será Deus Cantem os povos ao Senhor A Ele o louvor A majestade ao Rei dos Reis O verdadeiro Deus o Eu Sou Como poderia me calar depois de O conhecer meu Deus Será que alguém poderá	Metal
851	Você nos ensinou sobre o amor, Nos mostrou como sermos irmãos, Mas as histórias continuam as mesmas, Parece que não aprendemos a lição. É sempre um beijo que antecede a traição E, no final, sempre todos lavam as mãos. Refrão: Deus, temos que aprender o que é o amor A cada dia, Não deixar morrer em nós a tua poesia.	Metal
852	Meu Jesus, salvador Outro igual não há Todos os dias quero louvar As maravilhas de teu amor Consolo, abrigo Força e refúgio é o Senhor Com todo o meu ser Com tudo o que sou Sempre te ado - ra - rei Aclame ao Senhor toda a Terra e cantemos Poder, majestade e louvores ao Rei Montanhas se prostrem e rujam os mares Ao som	Metal
853	Madrugada adentro, fuga do dia Deserto do Qatar Procuro matar minha sede Um Homem chega e paira Seu olhar Vejo em Seu rosto uma luz E o convido a ficar Sua voz me constrange Anseio escutar Água viva, minha sede vem matar Vem comigo não deixe a vida me devorar Pare um pouco, me abrace um pouco Me faz descansar Toca o meu rosto Me lembra como é bom amar Não compreendo esse tempo Se o dia clama, não posso parar Na esteira dos dias Meus pés cansados, mal podem acompanhar Porém insistente Ele vem e tira-me o chão Anestesiado, decido me entregar Água viva, minha sede vem matar Vem comigo	Metal
854	Não me culpe, eu não sou daqui Quero encontrar meu lugar Onde vou Te ver, onde quero estar Vou deixar, tudo o que vivi Tudo que conquistei Não há nada que eu queira mais Andar nas ruas com Você Sentar e ouvir a Tua voz Não há mais nada a temer Só quero ir Te ver Voar além Voar além Além do que os meus olhos hoje podem ver Na certeza de poder chegar, junto a Você Num instante,	Metal
855	Quem pode falar, quem pode dizer O que o amanhã vai trazer Quem pode falar, Quem pode afirmar Se vamos sorrir ou chorar amanhã Fazemos tantos planos Mas a Deus pertence... O amanhã, meu amanhã É Seu	Metal
856	"Foi bom esperar Foi bom resistir temporais Nosso amor O autor nos fez um Somos um Sempre vou viver por você Sempre vou lutar por você Nunca vou deixar de dizer ""amo você"" Ouvir sua voz,"	Metal
857	Os anos passaram tão rápido Mas lembramos muito bem Muitos lugares, pessoas A quem falamos de você. Guardamos na mente e no coração Pessoas em lágrimas alcançando perdão Não nos deixe Viver nossos dias sem viver A Tua história, Senhor	Metal
858	Meu Jesus maravilhoso és Minha inspiração a prosseguir E mesmo quando tudo não vai bem Eu continuo olhando para Ti. Pois sei que Tu tens o melhor pra mim Há um segredo no Teu coração Oh! Dá-me forças pra continuar Guardando a promessa em oração. Firme, oh! Deus está o meu coração Firme nas promessas do Senhor Eu continuo olhando para Ti E assim eu sei que posso prosseguir. E mesmo quando eu chorar As	Metal
859	Tantas coisas vejo Tantas coisas observo Mas será apostasia, cauterização Nem a mente, nem o coração Não consigo falar Vergonha? Pode ser Muitos morrem ao meu lado E você? Fica pra depois Eu não tinha nada a dizer É apenas mais um que se vai E eu não dei atencão Pare de pedir, faça! Jesus esta a porta	Metal
860	Humanos que se amam Humanos que se matam Humanos que ajuntam Humanos que espalham Humanos que vendem Humanos que compram Humanos que pedem Humanos que roubam Humanos que em amor gostam muito de falar Mas nunca fazem nada para o demonstrar Humanos que pedem a paz em toda a Terra E a buscam com armas e tanques de guerra Quando vamos viver a vontade do Deus Pai De viver seu	Metal
861	Caminhos escuros vida em preto e branco sem saber onde chegar Pois está tudo fora do lugar A busca da certeza que você não encontrou	Metal
862	Me siga através daquela porta Caminhe comigo sobre as pedras Vamos cruzar o horizonte E deixar tudo pra trás Um homem e sua cruz me mostraram o caminho A porta é estreita mas eu não vou sozinho Mudar, vou mudar Mudar esse mundo	Metal
863	Viver buscando, aventuras perigosas, se esquecer até mesmo de você. Saiba que a vida, é muito mais valorosa, e não a ponha a perder. Viver buscando, aventuras perigosas, se esquecer até mesmo de você. Pense, mas nunca pare de buscar, quem te quer mostrar a verdade O nome	Metal
864	Preciso ouvir Tua voz Preciso seguir Teus passos Preciso carregar a cruz E jamais sair desse caminho Em todo o tempo preciso da Tua ajuda E segurar na	Metal
865	Bom é louvar ao Senhor Por aquilo que Ele tem feito Em nossas vidas. Que tremenda maravilha, Que grande amor,	Metal
866	Terra tão linda tão cheia de vida com suas florestas riquezas tão finas é a nossa terra pra gente viver pra gente lutar pra gente vencer terra tão bela mas cheia de dores da desigualdade e a falta de amor Brasil, se volte pra Deus Brasil, abra os olhos para Deus terra de homens sem coração que traz a miséria e a corrupção	Metal
867	Cante, ó minh'alma Que nasceu pra cantar e louvar Esse Deus que me deu A razão de cantar, de louvar De sorrir e de ser Cante, ó minh'alma Que nasceu pra cantar e louvar	Metal
868	Enquanto a mesa é servida e farta Lá fora a vida é impiedosa Fecho as cortinas pra não enxergar tentar calar minha consciência Meus pés sobre estes solo tão firmes estão Enquanto há pés descalços, incerto amanhã Compartilhar, partilhar do choro e a alegria Compadecer, padecer da dor que se fez minha No quinto andar é	Metal
869	Intro: [ B G#m F#/A# | B C# D#/G | G#9 C#9 | G#9 C#9 ] G#9 C#9 DETER A SUA MÃO, NÃO DAR O TATO INERTE G#9 C#9 B9 O SUOR NO CORAÇÃO, VIVER O SENTIMENTO VIZINHO G#m F#/A# B9 F#/A# D#m7 SOLITÁRIA LOCAÇÃO DE NEM MESMO TER OS PÉS NA CONCLUSÃO F#/A# G#/C DE INTIMAMENTE SER O AMIGO SOBRENATURAL A#/D F#/A# B9 C#9 G#9 C#9	Metal
870	Sentado, cansado Fecho os olhos Pra poder ver Além do que eu Posso entender Sei que a razão Não responde Aos meus anseios O que eu posso esperar? Enquanto caminhando aqui (não é o meu lugar) Do tempo que me resta Levo a fé no caminhar Vou confiar E me entregar Vou desfrutar Matar minha sede Desfazer o nó Que me sufoca Sei o que esperar Um lugar onde o fruto Não precisa esperar A próxima estação	Metal
871	Vejo tanta gente na sala de espera disfarçando sua tensão São prisioneiros de guerras mesmo em tempos de paz esperando a execução Ando sobre os muros de olhos vendados será que isso não tem fim, Mas alguém lá do alto trouxe a solução Ainda tem tempo pra min. Quero te dizer o segredo do sonho e ver o que	Metal
872	Abro os meus olhos já é de manhã À noite é menor cada dia Os dias às vezes parecem iguais A guerra é minha rotina Peço forças Pra continuar Peço forças Pra poder lutar Luto pra sobreviver Com os olhos voltados pro céu Espinhos me fazem sofrer Resisto na luta com a graça de quem já venceu Fecho os meus olhos a noite já cai Começo a tratar minhas feridas Olho pros céus com os joelhos no chão Abro os braços pra graça divina Peço forças Pra continuar Peço	Metal
873	o mundo nao consegue entender o motivo que nos faz viver olhando sempre para frente ter algo mais tão diferente dos homens e de suas	Metal
874	O mundo não consegue entender O motivo que nos faz viver Olhando sempre para frente Ter algo mais, ser tão diferente Dos homens e de suas más ações Grande	Metal
875	Me lembro o dia em que acordei Ouvindo o som dos pássaros E a luz do sol entrando pela janela do quarto Como é bom poder saber Que são obras de Suas mãos E sentir o prazer em te dizer Obrigado Senhor Refrão: Minha gratidão te dou Senhor Pois em tudo vejo o teu amor Com meu coracão quero te dizer Te amo, Senhor Me lembro o dia em	Metal
876	Não posso esconder a dor que ninguém ver Dos Olhos de quem me conhece a alma Feridas que me doem, lembranças que corroem É a minha chama que se apaga Cura-me Senhor Me leva a um novo caminho Cura-me Senhor Os olhos que me vêem, julgam sem saber A dor que o coração não pôde entender Perguntas sem resposta O porquê	Metal
877	Os gigantes se levantam a cada dia A todo momento, nos tentando destruir Nos gestos e no olhar, buscando nos tragar Ou tão somente, acovardar Sem espada ou canhão Porque do Senhor é a guerra O inimigo vem ao chão Na força do braço de Deus Como	Metal
878	De joelhos travo mais uma batalha De olhos fechados vejo o impossível acontecer Piso nos restos de uma grande muralha Destruída pelo poder de quem luta por mim De joelhos eu cruzo desertos De olhos fechados vejo o mar se abrir A Fé é que me faz tocar o impossível Vem da certeza de quem	Metal
879	A hora se foi O tempo não volta, não traz O que se esqueceu O vento tratou de levar Vi em seus olhos a dor De quem já não sabe amar Coração que ficou Marcado por não perdoar Como me esquecer de quem Se entregou por amor? Sofrendo por nós O crime que não cometeu Vejo tão longe você Vencido, sem poder	Metal
880	Vejo ruínas de uma guerra Mais uma guerra por nossas mãos As armas foram as palavras A vaidade, a motivação Feridas que sangraram a alma A fé de muitos se perdeu Um dia irmãos, hoje inimigos Matou-se o amor que um dia nos fez um Quem vencerá? Uma guerra entre irmãos Uma guerra perdida Quem perdera? O povo	Metal
881	Estou quase a desfalecer Dores vem, me fazem enfraquecer Mas posso Te encontrar em meu espírito Estar imerso em Tua paz Continuo assim a caminhar Falhas que revelam o que sou Apenas mais um mero pecador Mas posso Te encontrar em meu espírito Estar imerso em Teu amor Continuo assim a lutar Posso descansar em Ti Você me ensinou meu Mestre Que se o fardo estiver pesado Posso colocar sobre Ti E leve estarei Abro mão de tudo o que sou Só assim Tu poderás crescer Grato sou ó	Metal
882	"Diz o que você quer me dizer Explique o seu modo de ver O seu problema Sei, não e fácil reconhecer Assumir, sem nada a dizer Que você errou Quando o ""mas"" vira uma desculpa Já e tempo de ver O erro de não"	Metal
883	Levo em meus olhos Razões pra chorar Marcas que o tempo Não pôde apagar Lembranças de um tempo que se foi Se as estrelas podes contar O que posso esperar? Mesmo sem ver Estavas ao meu lado Me levando em teus braços Levanta-se	Metal
884	Ó Deus tú és o meu Deus forte e a minha fortaleza a minh'alma tem sede de ti Senhor Com júbilo nos lábios te louvo ó meu rei Debaixo de tuas asas encontro	Metal
885	Palavras são lançadas e algum lugar repousarão Levam em si a vida ou vida em morte tornarão Belas palavras podem até esconder a intenção e o coração impuro será sondado e cobrado O fruto da palavra que lançou, colherá Palavras, uma vez lançadas, nunca voltarão Diz o que você tem pra dizer Diz qual é a sua intenção, fale Diz se há algo de bom	Metal
886	"Eu nunca vou me afastar de Ti Já faz muito tempo que eu falei Me lembro dos momentos junto a Ti Dos sonhos que nunca realizei. Na falsa ""liberdade"", No tudo eu posso sem me envolver, Me perdi entre ""amigos"", Sozinho já não sei como voltar. (refrão) Please, don't give up now. It's not easy, but I believe in you I trust in you, forever. Hoje posso ver o seu amor, Como pude um dia"	Metal
887	Ele se foi Foi tão difícil Se ver cumprir o que ele havia dito Meus olhos dizem que a cruz nos separou Mas sinto seu amor cada vez mais forte O seu amor nos conquistou O seu amor nos reconciliou O seu amor nos tornou irmãos, irmãos no	Metal
888	Eu acredito em Deus e que Seu Filho Jesus Ele nos deu Pra morrer naquela cruz sem glória e luz Mas acredito que ao terceiro dia aquela tumba estava vazia Porque a cruz não O segurou Porque a morte não O segurou E nem o inferno	Metal
889	O que vou dizer sem ter a quem dizer? O que posso ter sem nada oferecer? Te vendo ao meu lado entendo... O que vou dizer sem ter a quem dizer? O que posso ter sem nada oferecer? Te vendo ao meu lado entendo... Que neste encontro não existe mais o eu Passa a existir o nós Dividindo o que não é mais meu Como posso ser, se não sou sem você O Pai, o Filho e o Espírito mostrou Que juntos somos um em uma direção Essa união nos dá sentido E neste encontro não existe mais o eu Passa a existir o nós Dividindo o que não é mais E se você partir, leve um pouco de mim E plante em seu jardim Pois o que me deixou Me transformou	Metal
890	Mesmo quando eu nego Você está lá Buscando uma maneira de me aconselhar Sempre perto Nunca se afastou de mim Provou isso mandando seu filho Jesus Que pelos meus erros morreu numa cruz Eu sei, Você sempre acreditou	Metal
891	Muitos querem me encontrar Mas não sabem aonde ir Outros querem me escutar Mas não param pra me ouvir Eu sou o principio e o fim Não há outro igual a mim Todo poder está em minhas mãos Muitos dizem me conhecer Mas me conhecem só de ouvir Outros tentam me explicar Negar tudo o que eu fiz Eu sou o principio e o fim Não há outro igual a mim Todo poder está em	Metal
892	UMA PEDRA TERMINA A HISTÓRIA ONDE A VIDA SEM VIDA SE ENCERRA TENTEI ESPERAR... TENTEI LUTAR MAS NÃO PUDE VENCER OH! SEI QUE VIRÁ PRA ME BUSCAR OS MEUS SONHOS NÃO VÃO MORRER VOU OUVIR TUA VOZ VOU OUVIR O MEU NOME VOU OUVIR TUA VOZ ME CHAMANDO O AMOR DERRAMADO EM LÁGRIMAS A PALAVRA QUE ME TRAZ A VIDA ECOA O	Metal
893	NAQUELES MOMENTOS DE TRISTEZAS E NAS MÁS NOTÍCIAS NAQUELES MOMENTOS QUE VOCÊ SUPLICARIA PARA O SOL PARAR TUDO PARECE TÃO DISTANTE E O FIM NUNCA CHEGA TUDO SE TRANSFORMARIA	Metal
894	Chuva, quero chuva, Tua chuva, sobre mim. Chuva, quero chuva, de unção, sobre mim. Faz chover, faz chover. Abra as comportas do céu E faz chover Faz chover Abra as comportas do céu E faz chover Faz chover Abra as comportas do céu E faz chover Faz chover Abra	Metal
895	A história nos conta sobre homens diferentes Que de uma semente, grandes coisas fizeram brotar Chamaram a existir e do nada fizeram surgir, Aquilo que Deus um dia prometeu cumprir Fé, certeza do que não se vê	Metal
896	Mais uma vez ele saiu de casa Correendo as pressas não disse nada Pegou seu carro velho, caiu na estrada E eu fiquei olhando aqui da escada (Ponte) Ninguém sabe (ninguém viu) Pra onde ele foi e a que horas saiu Mas isso tudo não me importa Sei que uma hora ele volta Isso é coisa de momento Tudo vai passar Ninguém vai se lembrar (Chorus) Eu gosto é de ação E de diversão E todos querem o mesmo Encarar sua vida sem medo Eu gosto é de ação E de	Metal
897	Glória, glória, aleluia, glória, glória, aleluia, glória, glória aleluia Vencendo vem Jesus Já refulge a glória eterna De Jesus o Rei dos Reis Breve os reinos desse mundo Seguirão as suas leis Os sinais da sua vinda	Metal
898	Hey, você! Nunca me viu chorar Aparência é o que importa pra mim O sorriso esconde a solidão E a dor que está dentro de mim (refrão) E o meu socorro, o braço amigo Não está escondido ou longe de mim Abro os olhos, vejo o caminho	Metal
899	Humanos! Humanos que se amam, humanos que se matam Humanos que ajuntam, humanos que espalham Humanos que vendem, humanos que compram Humanos que pedem, humanos que roubam Humanos que em amor gostam muito de falar Mas nunca fazem nada pra o demonstrar Humanos que pedem a paz em toda a terra E buscam por armas e tanques de guerra Quando vamos viver a vontade do Deus Pai De viver seu amor de vivermos em paz? Humanos que só falam e fazem muito pouco Humanos que só julgam e se enxergam pouco Humanos que em Deus gostam muito de falar Mas não o conhecem nem	Metal
900	Troquei as cores, ao redor pra te mostrar Criei formas, pra fazer você ver e entender Eu tentei falar, dando sons a minha voz Você não me ouviu, mas continuo a te esperar Eu acredito em você Ouça a minha voz Te estendo minhas mãos Meu amor é incondicional Quero fazer, nascer o sol de um novo dia pra você Trazer a minha luz, pra te mostrar os meus	Metal
901	Num farol, esquinas da cidade, a infância na marginalidade Sem família nas ruas a viver, mãos estendidas esperando receber Vidros fechados, gestos mudos do outro lado. Troca de olhares, indiferença, rejeição Mais um número, nesse mundo cão ! Vidros fechados, gestos mudos do outro lado, Vidros fechados, gestos mudos do outro lado Os vícios,	Metal
902	Peço força, vejo lutas, O que quero não recebo ou será que não percebo Em meus Passos sempre à frente, o que faço, reclamar, De onde me vem tanta ingratidão, de onde me vem tanta ingratidão Seus braços abertos ignoram minha	Metal
903	Em direção ao rio Cumprindo sua missão da Galiléia veio em minha direção Como posso eu, um mero pecador batizar nas águas o meu Senhor? Eu não sou merecedor de com minhas mãos te mergulhar Se digno eu não sou de suas sandálias desatar Deixa assim acontecer Mesmo sem você entender São os planos do meu Pai Pra justiça se cumprir O começo é aqui O Pai quem me enviou O céu se	Metal
904	Lembra da inocência, que aflorava, a alma pura Indo livre como se deve, sem dever e nem correr Mas um dia a vida açoitou Bateu forte e suas marcas deixou Sem piedade ou dó, o coração se fechou O Mestre apareceu, o vaso quebrou Coração marcado, doído e ferido Com graça o Mestre moldou, a alma devolveu A quem não era mais um menino Então lágrimas se confundem ao riso Passa tempo É o espelho que denuncia a efêmera vida Pesa o fardo, se foi a	Metal
905	Já fui criança hoje sou homem Me lembro de como tudo era simples eu via assim Tive de crescer endureci meu coração O mundo disse que era assim Como posso conquistar o céu se nem sei viver aqui	Metal
906	Não vim buscar tuas mãos Não vim pedir teu favor Vim pra te oferecer Minha vida, meu amor Tudo que tenho é teu Tudo que sou Quero te oferecer Minha voz, uma canção Meu amor, minha gratidão Não	Metal
907	Magia alguma, não poderia tirar a paz deste meu novo ser Soltar ao vento, a minha voz que encontra o doce nome do Senhor Ver em meus olhos, a paz nascida na estação da graça do Senhor Gotas de sangue, me justificam Na direção do seu caminho eu vou, na direção do seu	Metal
908	Não ache que estou derrotado Você está errado Não pense que eu não vou conseguir Está enganado No medo, há a vontade de fugir Mas não vou desistir Espero em Deus e com Ele... Vou andar, vou correr, vou voar Mais alto Voar,	Metal
909	Nós a excelência da criação Um povo forte colorindo enchendo os céus De uma nova canção A de viver não pelo que se vê Acreditar onde é impossível pensar Tocar aquilo que ainda não existe Voar sobre os montes, vencer os problemas Crer e entender, que	Metal
910	Dos meus ombros o peso tirado o alto preço não foi pago em vão com seu sangue fui comprado Sinto as correntes cairem ao chão Não tenho forças pra continuar Mas me faz seguir tua voz Mata minha sede Apenas me faz poder ouvir O som da	Metal
911	Os anos passaram tão rápido Mas lembramos muito bem Dos muitos lugares pessoas A quem falamos de você Guardamos na mente e no coracão Pessoas em lagrimas alcancando o perdão Não nos deixe perder nossos dias sem viver A Tua história,	Metal
912	Me julguem, desprezem, pra mim não importa Fiz minha escolha:a cruz quero viver Se digo que foi pago um alto preço Faço disso o meu legado Aqui, quero deixar as minhas marcas Já estou do outro lado Viver sem nada tendo muito Melhor que	Metal
913	Que sejas meu universo Não quero dar-te só um pouco do meu tempo Não quero dar-te um dia apenas da semana Que sejas meu universo Não quero dar-te as palavras como gotas Quero que saia um dilúvio de bençãos da minha boca Que sejas meu universo Que sejas tudo o que sinto e o que penso Que de manhã sejas o primeiro pensamento E a luz em minha janela	Metal
914	Porque os meus olhos só querem ver O que não devo olhar? eu não quero ver! Porque que os meus pés só querem ir Onde não devo andar? eu não quero ir! Não quero!!, mas isto é o que somos nós Porque num momento eu amo e depois Simplesmente não, eu não quero mais? Porque que com uma das minhas mãos eu dou E com a outra mão eu quero tirar? Não quero!!, mas isto é o que somos nós O bem que eu quero	Metal
915	Quantas vezes os meus próprios meios Me levaram a lugar nenhum Cada passo dado era um erro Que me afastava do objetivo Buscar as coisas certas da maneira errada É o mesmo que nadar contra a maré Lutando pelas nossas próprias forças Já entramos na batalha derrotados Mas é tempo	Metal
916	Quando eu não posso conter As lágrimas que caem no chão Quando a dor e o medo tomam conta do meu coracão Eu chamo por Você Eu grito por Você Eu vou lutar até o dia amanhecer Esperando Tua mão vir me socorrer (2x) Quando me faltam palavras pra Te falar E quando a fé e a esperanca comecam	Metal
917	“...são esses raros momentos da alma que, por instantes preciosos, fazem com que nos tornemos aquilo que Deus queria que fôssemos Não em alguns momentos, mas sempre, a todo instante É bom dar quando solicitado, mas é melhor ainda dar por haver compreendido.” Mais um ano que se passou, tantas coisas pra se lembrar Algo especial ele deu só pra você cuidar Espalhar sua palavra em canções que fazem	Metal
918	Muros Muros de pedra, muros de orgulho Que nos separam, e nos envergonham Muitos já caíram, outros ressurgiram Muitos preconceitos, muitos já desfeitos Muitos insistem em existir Oculto em nossos dias, há uma guerra fria Vitimas que ninguém vê Caiam os muros, tirem as pedras Nossa unidade não é real Se a	Metal
919	nao desista dos seus sonhos sua vida nao acabou so quem sonha e acredita sera mais que vencedor tudo posso	Metal
920	Eu me lembro bem a primeira vez Em que eu te vi, não dá pra esquecer. O sol brilhando ali, E você sorrindo, Sem imaginar que eu te percebi. São momentos inesquecíveis, O mundo pára e nasce um grande amor, Eu e você. (Refrão) Eu vou até o fim, Por causa desse amor, Você me fez entender Que não há medo pra	Metal
921	Ao ser o que não sou, abro mão de ser Passo a viver quem não devo ser Sinta o vento tocar e volte a caminhar Sinta o vento tocar Volte a ser a essência de Deus Por que quero e tento ser o que não sou? Se Aquele que é Abriu mão de ser e se fez o menor Criatura quer ser o Criador Exemplo daquele que um dia quis ser Sinta o	Metal
922	Lutar ou fugir, qual tem sido a sua opção G# A# sonhar ou desistir, o que tem feito do teu coração G# A# Gm G# A# Problemas, o medo, algemas, te prendendo G#	Metal
923	Somos como naves imperiais A serviço do nosso Rei vasos de guerra, onde só há ida E não há tempo para olhar Voltar para trás Somos	Metal
924	C Posso eu entrar no ventre de minha mãe e voltar a nascer? Gm Bb C Bb Gm C Sendo eu homem adulto, como pode isso assim acontecer? Gm Bb C Bb Gm Bb C D D# Aquele que não nascer da água e do Espírito, Bb C D D# não pode entrar no Reino de Deus; Bb C Gm Bb C Gm Necessário é	Metal
925	E Novos céus e uma nova terra C#m Alegria eterna A Onde não haverá mais lágrimas G D/F# G D/F# Nem choro se ouvirá E Onde juntos todos viveremos C#m Face a face O veremos A E exaltaremos Sua Glória e Majestade	Metal
926	Preciso viver, preciso mudar, Preciso de algo para acreditar me sinto tão fraco, desisto da vida me vejo em um beco sem saída Ouvi sobre um Deus que mandou seu	Metal
927	Todos vão ver, logo saber Tudo o que se ouviu Vai estar, diante dos teus olhos Fatos, atos, desnudados Nada vai ficar Nem está, oculto aos olhos dele Lá do alto vem	Metal
928	O vento toca o meu rosto, me lembrando que o tempo vai com ele Levando em suas asas os meus dias, desta vida passageira Minhas certezas, meus conceitos, minhas virtudes, meus defeitos Nada pode detê-lo O tempo se vai Mas algo sempre guardarei O teu amor, que um dia eu encontrei [Refrão]: Os meus sonhos, o vento nao pode levar, a esperança, encontrei no	Metal
929	Quantas vezes olhei pra trás Tentando achar o que perdi Confuso em meio a tantos erros Você nunca deixou de cuidar de mim Nas palavras, nos momentos, Na angústia ou na dor Sentia o Teu amor O Teu amor me fez ver (me fez ver) Os Teus caminhos O Teu amor mostrou pra mim (mostrou pra mim) Amor sem fim Foi tão difícil ver os meus conceitos Me afastaram tanto de você Mas o Teu amor me alcancou Pelo meu nome você chamou Como luz na escuridão Com a força da Tua mão Você me levantou O Teu amor	Metal
930	Se teus olhos o levam a errar E tuas mãos o fazem vacilar É melhor perdê-los Do que a vida não alcançar Princípio divino e não obrigação Precisa pulsar o coração Amor, fé e intimidade Um dos frutos da verdade O	Metal
931	Tu me chama sobre as águas Onde os meus pés podem falhar E ali Te encontro em meio as ondas Em meio ao mar, confiarei Ao Teu nome clamarei E além das ondas olharei Se o mar crescer Somente em Ti descansarei Pois eu sou Teu e Tu és meu No mar,Tua	Metal
932	Qual será sua intenção? Vencer a vida com suas proprias mãos? Os seus olhos mostram alguém Que não tem regras para vencer Suas conquistas fazem acreditar que não há poder maior do que suas mãos Por amor esteve com você, mesmo não aceitando o seu modo de viver Onde está o	Metal
933	É PRECISO PARAR PARA PENSAR É PRECISO AGIR E SER PRECISO É NÃO SE CONFORMAR, É SE TRANSFORMAR NOVO ENTENDIMENTO, NOVO ENTENDIMENTO TER NO TRONO COMO REI A JESUS CRISTO, FIDELIDADE HUMILDADE E	Metal
934	Um farol, esquinas da cidade a infância na marginalidade sem família nas ruas a viver Mãos estendidas esperando receber. Vidros fechados, gestos mudos do outro lado. Troca de olhares, indiferença, rejeição mas um número nesse mundo cão. Vidros fechados, gestos mudos do outro lado (2x) Os vícios de crack, constantes ilusões de vidas banidas em meio as multidões, a lei do mais forte é o que rola pra viver brincando com a morte sem ter nada a	Metal
935	Intro: E A E F# A E E Ainda que lutas, tristezas e opressões Abalem a estrutura do meu ser. Mesmo que cadeias venham me prender E a escuridão ao meio-dia aparecer A E Posso crer e te dizer F# A E Posso crer e te dizer E Que o Senhor é o meu Pastor	Metal
936	Geração vai, geração vem E a terra permanece pra sempre Do pó veio o homem e ao pó vai voltar E suas riquezas vão ficar Levanta-se o sol, põe-se o sol E à sua origem retorna novamente A vida e os seus ciclos Formas que retornam ao princípio Deus e o homem, perfeita união	Metal
937	Se todos vivessem o amor Como Deus o criou O amor que não guarda rancor Tudo espera e suporta a dor Se não houver amor Não vale	Metal
938	SEM JESUS VOCÊ PIROU, SEM JESUS VOCÊ MARCOU NUM MUNDO SEM VERDADES, SEM SOLUÇÃO PRÁ DAR A	Metal
939	Expressar meu amor Em mais uma cancão E vivendo ao seu lado Sempre vou me lembrar De tudo que um dia sonhei E você tornou real Olhando ao redor Posso ver seus milagres Mudando minha direcão Hoje sinto suas mãos Me dando a paz e renovando o coracão Isso e	Metal
940	Me vejo pensando nos dias que eu perdi Trilhando caminhos que eu não deveria prosseguir Vivendo momentos que não trouxeram para mim A paz e a vida que um dia eu conheci Preciso voltar aos braços de quem quer cuidar	Metal
941	Ouvimos falar em guerras Ouvimos falar em dor Ouvimos falar da fome Que assola o mundo É, a cada dia se cumprem as profecias Em breve vai se ouvir a linda melodia De anjos lá	Metal
942	Quando eu não posso conter As lágrimas que caem no chão Quando a dor e o medo tomam conta do meu coração Eu chamo por Você Eu grito por Você Eu vou lutar até o dia amanhecer Esperando Tua mão vir me socorrer Quando me faltam palavras pra Te falar E quando a fé e a esperança começam a me deixar Eu chamo por	Metal
943	Conversando com dois anjos Que desceram la do ceu Comecei a perguntar entao Si comigo eles andavam Responderam: quase sempre sim So num momento te deixamos E preocupado imaginei assim E quando entra o pecado em mim E os dois olharam em meus	Metal
944	Que sejas meu universo Não quero dar-te só um pouco do meu tempo Não quero dar-te um dia apenas da semana Que sejas meu universo Não quero dar-te as palavras como gotas Quero que saia um dilúvio de bençãos da minha boca Refrão Que sejas meu universo Que sejas tudo o que sinto e o que penso Que de manhã seja o primeiro pensamento, e a luz em minha janela Que sejas meu universo Que enchas cada um dos meus pensamentos Que a tua presença e o teu poder seja o alimento Jesus este é o meu desejo Que sejas	Metal
945	Tantas coisas pra pensar Tantas coisas pra lembrar Algumas coisas prá sorrir Muitas outras pra chorar. Quem vai ouvir, a minha voz? Quem	Metal
946	Nossa história é assim Eu te vendo e te querendo só pra mim Te seguia com o olhar procurando te encontrar E o meu coração queria o seu lugar Então eu tentei falar Me faltavam as palavras não queria me calar Falar tudo o que sentia meu olhar, meu olhar Refrão: Você não sabe o quanto me faz bem O quanto eu posso	Pop
947	Vou te fazer pirar Te ver gozar é minha sina Se olhar, te tocar, me beijar, me alucina Tento sempre manter a calma e não pensar Que você é um tesão Falo mais nada Não consigo não Parar de imaginar eu e você Tá sem noção Eu fico louco de tesão Não consigo mais Parar essa vontade em mim Tarde demais Você ta me deixando assim Xiu.. Não fala nada Eu sei que você ta querendo a mesma coisa A gente disse pelo olhar Não vou falar nada Então fica louca, tira roupa Esse segredo é nosso Se você contar não tem mais graça Se você contar Não tem mais graça, se você contar Se você contar Que eu vou te fazer pirar Te ver gozar é minha sina Se olhar, te tocar, me beijar, me alucina Tento sempre manter a calma e não pensar Que você é um tesão Falo mais nada Não consigo não Parar de imaginar eu e	Pop
948	Quando eu te conheci Você nem deu bola pra mim Eu te peguei Mas não deu nada Agora eu sou o cara Você vem atras de mim E vai pensando que é assim Desdenhou, desdenhou Desdenhou e me deixou E agora você quer, quer, quer E vai se do meu jeito E agora você quer, quer, quer E vai se do meu jeito E agora você quer, quer, quer E vai ter Vai ter mas vai ser do meu jeito Quando eu te conheci Você nem deu bola pra mim Eu te peguei Mas não deu nada Agora eu sou o cara Você vem atras de mim E	Pop
949	Tira um segundo pra pensar em mim, Tira um segundo pra pensar em nós Tem a vida inteira pra esquecer de mim Mas não vou deixar Tive mil motivos pra dar meu carinho Basta apenas um pra estar no seu caminho Se algo me leva pro teu	Pop
950	Uooooooooooh! Uooooooooooh! Eu quero levar Uma vida moderninha Deixar minha menininha Sair sozinha Não ser machista E não bancar o possessivo Ser mais seguro E não ser tão impulsivo... Mas eu me mordo de ciúmes Mas eu me mordo de ciúmes... Meu bem me deixa Sempre muito à vontade Ela me diz que é muito bom Ter liberdade E que não há mal nenhum Em ter outra amizade E que brigar por isso É muita crueldade... Mas eu me mordo de ciúmes Mas eu me mordo de ciúmes Mas eu	Pop
951	Estava a beira do paraíso mas não queria entrar Estava quase no céu e insisti em ficar Estava quase voando mas esqueci de andar Foi preciso você chegar pra me ensinar Estava tão perto da cura mas preferi a cama Estava tão certo de tudo e preferia duvidar Foi preciso você chegar pra me abrir os olhos Era preciso seu olhar Foi preciso você chegar Você com o seu olhar Foi preciso você chegar Só você pra me animar Estava a um passo do amor e me sentia só Estava bem do meu lado e eu só dizendo adeus	Pop
952	Escuta essa Escuta essa, vai Escuta essa Quando eu te falei que ainda ia dar o troco Você não levou fé Escuta essa Chega de ficar te procurando se você só liga quando quer Escuta essa, já que não me atende Eu arrumei uma maneira louca de dizer Escuta essa, para com essa marra e aumenta o som Que eu estou falando com você Vai ter que me ouvir no rádio Na balada, na tv Vai ter que ficar calada Escutando tudo o que eu quero dizer Vou tocar no carro ao lado Dentro do teu celular Eu vou adorar saber que dispensar você deu primeiro lugar A casa caiu, você perdeu Quem ta de saco cheio desse papo aqui sou eu Se liga aí, vou te dizer Depois que te larguei peguei melhores que você A casa caiu e você perdeu Quem ta de saco cheio desse papo aqui sou eu Foi só dizer que eu não quero mais você Que as suas amigas já ligaram pra me ver E eu vou pegar	Pop
953	Nada mais é como era antes Tudo mudou Tantas coisas importantes Que a gente deixou Eu acreditava tanto você não acreditou Eu decidi Que pra viver quero sempre mais Se puder ter amor e paz Pra viver, eu quero sempre Quero sempre mais Quero sempre mais	Pop
954	Tenho a esperança de encontrar alguém que me faça refletir alguém que me faça perceber Que eu não fui nada até aqui Tenho a esperança de viver Uma história que eu nunca vivi alguém que me ajude a crescer alguém pra somar ou dividir às vezes sou tão criança Falo o que vem na cabeça sem pensar Eu sei que isso te cansa Morro de medo de você me deixar às vezes sou tão criança Meu pensamento não quer me respeitar Eu sei que isso te cansa Sei que isso não serve só pra mim e pra você Isso	Pop
955	Quero e não posso mais querer voltar, Sinto o nosso tempo acabar, Mas ainda não acabou, Agora é viver tudo que restou De nós em cada canto, Do tempo, dos momentos que vivemos Sempre vamos sentir Quando lembrar, tenta me amar Me perdoar depois de tudo que fiz Eu nunca quis te magoar Quando lembrar, tenta sorrir Só tenta fazer de conta que eu tô aí Só quando lembrar.. Só quando lembrar... Quero e não posso mais querer voltar, Sinto o nosso tempo acabar, Mas ainda não acabou, Agora é	Pop
956	Você já sabe Me conhece muito bem E eu sou capaz de ir e Vou muito mais além Do que você imagina Eu não desisto Assim tão fácil meu amor Das coisas que Eu quero fazer E ainda não fiz Na vida tudo tem seu preço Seu valor E eu só quero dessa vida É ser feliz Eu não abro mão Nem por você Nem por ninguém Eu me desfaço Dos	Pop
957	Tira um segundo pra pensar em mim, Tira um segundo pra pensar em nós Tem a vida inteira pra esquecer de mim Mas não vou deixar Tive mil motivos pra dar meu carinho Basta apenas um pra estar no seu caminho Se algo me leva pro teu	Pop
958	Quando eu te conheci Você nem deu bola pra mim Eu te peguei Mas não deu nada Agora eu sou o cara Você vem atras de mim E vai pensando que é assim Desdenhou, desdenhou Desdenhou e me deixou E agora você quer, quer, quer E vai se do meu jeito E agora você quer, quer, quer E vai se do meu jeito E agora você quer, quer, quer E vai ter Vai ter mas vai ser do meu jeito Quando eu te conheci Você nem deu bola pra mim Eu te peguei Mas não deu nada Agora eu sou o cara Você vem atras de mim E	Pop
959	Nossa história é assim Eu te vendo e te querendo só pra mim Te seguia com o olhar procurando te encontrar E o meu coração queria o seu lugar Então eu tentei falar Me faltavam as palavras não queria me calar Falar tudo o que sentia meu olhar, meu olhar Refrão: Você não sabe o quanto me faz bem O quanto eu posso	Pop
960	Tem coisas que eu quero dizer Sem me importar com a forma que você vai entender Todo esse tempo estive só Me desintoxiquei de você Mas não estou melhor O que eu tenho não tem cura É só amor na sua versão mais pura Você acreditou que era o fim Quando tudo apenas estava começando pra mim Eu sei que eu demorei pra perceber Que tudo que eu mais queria Estava do meu lado Era você Era você O que eu tenho não tem cura É só amor na sua versão mais pura Você acreditou que	Pop
961	Tenho a esperança de encontrar alguém que me faça refletir alguém que me faça perceber Que eu não fui nada até aqui Tenho a esperança de viver Uma história que eu nunca vivi alguém que me ajude a crescer alguém pra somar ou dividir às vezes sou tão criança Falo o que vem na cabeça sem pensar Eu sei que isso te cansa Morro de medo de você me deixar às vezes sou tão criança Meu pensamento não quer me respeitar Eu sei que isso te cansa Sei que isso não serve só pra mim e pra você Isso	Pop
962	Tchu tchu tchururu Tchu tchu tchururu Eu vou dar um ponto de audiência Pra quem não gosta de mim É um canal falido Onde só a hipocrisia pede bis Tempo pra falar	Pop
963	(Fiuk) Toda vez que ela vê o sol raiar Ela jura que não vai me procurar Ansiosamente esperar o celular tocar Só pra me dizer que hoje não vai dar Mas o nosso lance é caso sério Pra te conquistar não tem mistério Nossa química não dá pra controlar Pode dar a volta pelo mundo Que eu te mostro em menos de um segundo Esse flash back faz você voltar Ela roda Ela gira E para no mesmo lugar Comigo (Fábio Jr.) Toda vez que ela vê o sol	Pop
964	Uooooooooooh! Uooooooooooh! Eu quero levar Uma vida moderninha Deixar minha menininha Sair sozinha Não ser machista E não bancar o possessivo Ser mais seguro E não ser tão impulsivo... Mas eu me mordo de ciúmes Mas eu me mordo de ciúmes... Meu bem me deixa Sempre muito à vontade Ela me diz que é muito bom Ter liberdade E que não há mal nenhum Em ter outra amizade E que brigar por isso É muita crueldade... Mas eu me mordo de ciúmes Mas eu me mordo de ciúmes Mas eu	Pop
965	Eu sei que é proibido e o que a gente faz Com essa vontade de sentir o gosto desse beijo Pode ser de qualquer jeito No banheiro, embaixo do chuveiro Mas não fala pra ninguém sobre esse desejo E guarda em segredo Então vem que agora a gente vai brincar que eu sou seu refém Tira o roupa antes	Pop
966	Escuta essa Escuta essa, vai Escuta essa Quando eu te falei que ainda ia dar o troco Você não levou fé Escuta essa Chega de ficar te procurando se você só liga quando quer Escuta essa, já que não me atende Eu arrumei uma maneira louca de dizer Escuta essa, para com essa marra e aumenta o som Que eu estou falando com você Vai ter que me ouvir no rádio Na balada, na tv Vai ter que ficar calada Escutando tudo o que eu quero dizer Vou tocar no carro ao lado Dentro do teu celular Eu vou adorar saber que dispensar você deu primeiro lugar A casa caiu, você perdeu Quem ta de saco cheio desse papo aqui sou eu Se liga aí, vou te dizer Depois que te larguei peguei melhores que você A casa caiu e você perdeu Quem ta de saco cheio desse papo aqui sou eu Foi só dizer que eu não quero mais você Que as suas amigas já ligaram pra me ver E eu vou pegar	Pop
967	(Fiuk) Eu te falei: Não brinca comigo! Sabe da minha fama de mal O meu sobrenome é perigo Eu não sou normal (Thiaguinho) Se brincou então vem sem medo Prometo, não vou machucar Eu vou te mostrar meu segredo Você vai pirar (Fiuk) No carro, é onde vai começar Na cama, é onde isso vai parar No céu, nas nuvens Você vai chegar e delirar (Thiaguinho) No carro você não quis esperar Na cama nem deu tempo de chegar No céu, nas nuvens vamos descansar To sem ar (Refrão) Você sentiu minha pressão Pensei que não iria aguentar E no meio da confusão Pediu água (Fiuk) No carro, é onde vai começar Na	Pop
968	Cê ta ligada, nunca fui assim Se eu for ligar pro que cê pensa de mim Eu que não vou ser esse cara, enfim Eu vou fazer o que eu quiser de mim Ela foi um dos males	Pop
969	Estava a beira do paraíso mas não queria entrar Estava quase no céu e insisti em ficar Estava quase voando mas esqueci de andar Foi preciso você chegar pra me ensinar Estava tão perto da cura mas preferi a cama Estava tão certo de tudo e preferia duvidar Foi preciso você chegar pra me abrir os olhos Era preciso seu olhar Foi preciso você chegar Você com o seu olhar Foi preciso você chegar Só você pra me animar Estava a um passo do amor e me sentia só Estava bem do meu lado e eu só dizendo adeus	Pop
970	Menina o tempo passa Eu não gosto de rotina E não vejo nada errado Você tá de pirraça Só porque eu não me comporto Como antigo namorado Meu jeito diferente, atraiu tua atenção Então, qual é o meu defeito? Deu tão certo pra gente Nunca tive a pretensão de ser um cara tão perfeito [refrão] Eu quero um romance Mas, não pode ser do jeito assim que todo mundo diz Tô fora do alcance, mas, garanto que só eu posso Fazer você feliz Feliz Menina o tempo passa Eu	Pop
971	Não dá mais Já não posso não consigo esconder Impossível controlar minha vontade de você E maior que tudo e tudo bem Acredita em mim Já mudei E provei que não sou mais nem sei quem sou Eu duvido que isso tudo não seja	Pop
972	Não quero ser quem você quer que eu seja Não vou abrir mão de mim pra te agradar Você sabe o que sou e que nada vai me parar Não fala de mim se não sabe do que sou capaz	Pop
973	Quero te ouvir dizer que fica louca, louca. Quero tudo com você e vim aqui só pra te provar O que eu não consegui dizer Vou dizer agora, agora. Do seu lado eu não sei por que, Sinto vontade de me entregar, Não sei por que, Não tenho medo de me entregar. (x1) sinto vontade de me entregar, Não sei porque, não tenho medo de me entregar. Me faz entender o que te satisfaz, Sei tenho defeitos,	Pop
974	Vou te fazer pirar Te ver gozar é minha sina Se olhar, te tocar, me beijar, me alucina Tento sempre manter a calma e não pensar Que você é um tesão Falo mais nada Não consigo não Parar de imaginar eu e você Tá sem noção Eu fico louco de tesão Não consigo mais Parar essa vontade em mim Tarde demais Você ta me deixando assim Xiu.. Não fala nada Eu sei que você ta querendo a mesma coisa A gente disse pelo olhar Não vou falar nada Então fica louca, tira roupa Esse segredo é nosso Se você contar não tem mais graça Se você contar Não tem mais graça, se você contar Se você contar Que eu vou te fazer pirar Te ver gozar é minha sina Se olhar, te tocar, me beijar, me alucina Tento sempre manter a calma e não pensar Que você é um tesão Falo mais nada Não consigo não Parar de imaginar eu e	Pop
975	Chega junto, sem medo Baby eu vou hipnotizar você, só você Vou te pegar de jeito, vem logo Que eu quero pagar pra ver, pagar pra ver Eu quero ver você descer do salto E dizer que faz tudo o que eu quiser Agora vem pedindo mais, então vem cá Me satisfaz, vou te fazer mulher Ela é furacão, faz tremer o chão Ela diz que sim, me dizendo não Sabe enlouquecer, sabe seduzir Deixa eu te pegar, deixa eu te sentir Porque hoje vai rolar nocaute Chega junto, sem medo Baby eu vou hipnotizar você, só você Vou te pegar de jeito, vem logo Que eu quero	Pop
976	Quero e não posso mais querer voltar, Sinto o nosso tempo acabar, Mas ainda não acabou, Agora é viver tudo que restou De nós em cada canto, Do tempo, dos momentos que vivemos Sempre vamos sentir Quando lembrar, tenta me amar Me perdoar depois de tudo que fiz Eu nunca quis te magoar Quando lembrar, tenta sorrir Só tenta fazer de conta que eu tô aí Só quando lembrar.. Só quando lembrar... Quero e não posso mais querer voltar, Sinto o nosso tempo acabar, Mas ainda não acabou, Agora é	Pop
977	Eu não consigo mais dormir a noite Nunca pensei que fosse ser assim Eu tô vidrado, apaixonado totalmente acelerado Mudou tudo aqui dentro de mim E nem ligou pra minha pouca idade Sua maturidade me encantou Seus amigos duvidaram quase sempre me tiraram De careta por falar de amor Quero toda noite dormir junto sim Quero toda noite te reencontrar Quero toda noite o seu beijo sim Quero toda noite, toda noite o teu corpo pra colar no meu.	Pop
978	Nada mais é como era antes Tudo mudou Tantas coisas importantes Que a gente deixou Eu acreditava tanto você não acreditou Eu decidi Que pra viver quero sempre mais Se puder ter amor e paz Pra viver, eu quero sempre Quero sempre mais Quero sempre mais	Pop
979	Bom, pra começa vamo fala do começo Pra recorda, todos nós temos defeitos e virtudes Mas tem gente que faz questão de ser estrume Foi mal É que eu não posso falar merda, sabe como é que é Eu sou artista pop star mas sou do rolé Não adianta tentar me transformar Em um monstro metido play boy deixa pra lá Nasci	Pop
980	Na na na na na nana ooohhh Tudo bem Eu tô bem Sem você, sem amor Sem ninguém Para disfarçar a dor E você Eu já sei Que já tem outro alguém Com você para disfarçar a dor Quero ver se você se arrepender Você não vai esquecer Pelo menos tão fácil assim E o pior é que o cara quer ser eu Ele ainda não entendeu No seu corpo só eu Sou eu Sou eu Pensamento da manhã Sou eu De quem você é a fã Sou eu E quem sempre vai te amar Sou eu Ninguém tem esse lugar Só eu Só eu Tudo bem Eu tô bem Sem você, sem amor Sem	Pop
981	Você me fez enxergar que eu não to mais sozinho Só a gente sabe o quanto a gente fez pra dar certo Me fala um pouco de você Eu quero sim te conhecer E me deixa louco Fica mais um pouco Não quero ficar sozinho Faz companhia pra mim Eu sou assim Falo na cara, não tem jogo Você me fez querer tentar de novo De novo A gente tem algo pra falar Um pro outro, eu sei Não consigo mais esperar (não consigo mais esperar) Tá na cara A gente tem algo pra falar Um pro outro, eu sei Não consigo mais esperar (não consigo mais esperar) Me beija Me beija Você me	Pop
982	Tempo, para de ser assim Leva o que passou Pra não ficar em mim O tempo parou Vento, mostra uma direção Não me deixa aqui sozinho Nessa solidão O que era pra sempre se perdeu Não era pra ser Eu não sou	Pop
983	Ah, ha ha Você tá me fazendo rir Não mete essa de santinha pra cima de mim Já tô ligado que você adora uma pegada E se o cara não agradar você bota na praça Agora vem com papo torto de apaixonada Você deve tá brincando com a minha cara A essa hora da madruga aqui no meu portão Ou tá maluca ou tá querendo chamar atenção Eu não vou comprar Gato por lebre Não dá pra enganar Quem te conhece Mas eu vou te dar O que procura Quer me provocar Então segura E toma toma toma toma o que você quer Eu nunca fui de negar fogo pra você mulher E toma toma toma toma toma mais Toma toma toma toma o que te satisfaz Toma toma toma toma o que você quer Eu nunca fui de negar fogo pra você mulher E toma toma toma toma toma mais Toma toma toma toma o que te satisfaz Ah, ha ha Você tá	Pop
984	Eu não consigo mais dormir a noite Nunca pensei que fosse ser assim Eu tô vidrado, apaixonado totalmente acelerado Mudou tudo aqui dentro de mim E nem ligou pra minha pouca idade Sua maturidade me encantou Seus amigos duvidaram quase sempre me tiraram De careta por falar de amor Quero toda noite dormir junto sim Quero toda noite te reencontrar Quero toda noite o seu beijo sim Quero toda noite, toda noite o teu corpo pra colar no meu.	Pop
985	Não dá mais Já não posso não consigo esconder Impossível controlar minha vontade de você E maior que tudo e tudo bem Acredita em mim Já mudei E provei que não sou mais nem sei quem sou Eu duvido que isso tudo não seja	Pop
986	Na na na na na nana ooohhh Tudo bem Eu tô bem Sem você, sem amor Sem ninguém Para disfarçar a dor E você Eu já sei Que já tem outro alguém Com você para disfarçar a dor Quero ver se você se arrepender Você não vai esquecer Pelo menos tão fácil assim E o pior é que o cara quer ser eu Ele ainda não entendeu No seu corpo só eu Sou eu Sou eu Pensamento da manhã Sou eu De quem você é a fã Sou eu E quem sempre vai te amar Sou eu Ninguém tem esse lugar Só eu Só eu Tudo bem Eu tô bem Sem você, sem amor Sem	Pop
987	Tchu tchu tchururu Tchu tchu tchururu Eu vou dar um ponto de audiência Pra quem não gosta de mim É um canal falido Onde só a hipocrisia pede bis Tempo pra falar	Pop
988	Cê ta ligada, nunca fui assim Se eu for ligar pro que cê pensa de mim Eu que não vou ser esse cara, enfim Eu vou fazer o que eu quiser de mim Ela foi um dos males	Pop
989	Você já sabe Me conhece muito bem E eu sou capaz de ir e Vou muito mais além Do que você imagina Eu não desisto Assim tão fácil meu amor Das coisas que Eu quero fazer E ainda não fiz Na vida tudo tem seu preço Seu valor E eu só quero dessa vida É ser feliz Eu não abro mão Nem por você Nem por ninguém Eu me desfaço Dos	Pop
990	Ah, ha ha Você tá me fazendo rir Não mete essa de santinha pra cima de mim Já tô ligado que você adora uma pegada E se o cara não agradar você bota na praça Agora vem com papo torto de apaixonada Você deve tá brincando com a minha cara A essa hora da madruga aqui no meu portão Ou tá maluca ou tá querendo chamar atenção Eu não vou comprar Gato por lebre Não dá pra enganar Quem te conhece Mas eu vou te dar O que procura Quer me provocar Então segura E toma toma toma toma o que você quer Eu nunca fui de negar fogo pra você mulher E toma toma toma toma toma mais Toma toma toma toma o que te satisfaz Toma toma toma toma o que você quer Eu nunca fui de negar fogo pra você mulher E toma toma toma toma toma mais Toma toma toma toma o que te satisfaz Ah, ha ha Você tá	Pop
991	Tem coisas que eu quero dizer Sem me importar com a forma que você vai entender Todo esse tempo estive só Me desintoxiquei de você Mas não estou melhor O que eu tenho não tem cura É só amor na sua versão mais pura Você acreditou que era o fim Quando tudo apenas estava começando pra mim Eu sei que eu demorei pra perceber Que tudo que eu mais queria Estava do meu lado Era você Era você O que eu tenho não tem cura É só amor na sua versão mais pura Você acreditou que	Pop
992	Menina o tempo passa Eu não gosto de rotina E não vejo nada errado Você tá de pirraça Só porque eu não me comporto Como antigo namorado Meu jeito diferente, atraiu tua atenção Então, qual é o meu defeito? Deu tão certo pra gente Nunca tive a pretensão de ser um cara tão perfeito [refrão] Eu quero um romance Mas, não pode ser do jeito assim que todo mundo diz Tô fora do alcance, mas, garanto que só eu posso Fazer você feliz Feliz Menina o tempo passa Eu	Pop
993	Tempo, para de ser assim Leva o que passou Pra não ficar em mim O tempo parou Vento, mostra uma direção Não me deixa aqui sozinho Nessa solidão O que era pra sempre se perdeu Não era pra ser Eu não sou	Pop
994	Você me fez enxergar que eu não to mais sozinho Só a gente sabe o quanto a gente fez pra dar certo Me fala um pouco de você Eu quero sim te conhecer E me deixa louco Fica mais um pouco Não quero ficar sozinho Faz companhia pra mim Eu sou assim Falo na cara, não tem jogo Você me fez querer tentar de novo De novo A gente tem algo pra falar Um pro outro, eu sei Não consigo mais esperar (não consigo mais esperar) Tá na cara A gente tem algo pra falar Um pro outro, eu sei Não consigo mais esperar (não consigo mais esperar) Me beija Me beija Você me	Pop
995	Eu sei que é proibido e o que a gente faz Com essa vontade de sentir o gosto desse beijo Pode ser de qualquer jeito No banheiro, embaixo do chuveiro Mas não fala pra ninguém sobre esse desejo E guarda em segredo Então vem que agora a gente vai brincar que eu sou seu refém Tira o roupa antes	Pop
996	Quero te ouvir dizer que fica louca, louca. Quero tudo com você e vim aqui só pra te provar O que eu não consegui dizer Vou dizer agora, agora. Do seu lado eu não sei por que, Sinto vontade de me entregar, Não sei por que, Não tenho medo de me entregar. (x1) sinto vontade de me entregar, Não sei porque, não tenho medo de me entregar. Me faz entender o que te satisfaz, Sei tenho defeitos,	Pop
997	Nossa história é assim Eu te vendo e te querendo só pra mim Te seguia com o olhar procurando te encontrar E o meu coração queria o seu lugar Então eu tentei falar Me faltavam as palavras não queria me calar Falar tudo o que sentia meu olhar, meu olhar Refrão: Você não sabe o quanto me faz bem O quanto eu posso	Pop
998	Vou te fazer pirar Te ver gozar é minha sina Se olhar, te tocar, me beijar, me alucina Tento sempre manter a calma e não pensar Que você é um tesão Falo mais nada Não consigo não Parar de imaginar eu e você Tá sem noção Eu fico louco de tesão Não consigo mais Parar essa vontade em mim Tarde demais Você ta me deixando assim Xiu.. Não fala nada Eu sei que você ta querendo a mesma coisa A gente disse pelo olhar Não vou falar nada Então fica louca, tira roupa Esse segredo é nosso Se você contar não tem mais graça Se você contar Não tem mais graça, se você contar Se você contar Que eu vou te fazer pirar Te ver gozar é minha sina Se olhar, te tocar, me beijar, me alucina Tento sempre manter a calma e não pensar Que você é um tesão Falo mais nada Não consigo não Parar de imaginar eu e	Pop
999	Quando eu te conheci Você nem deu bola pra mim Eu te peguei Mas não deu nada Agora eu sou o cara Você vem atras de mim E vai pensando que é assim Desdenhou, desdenhou Desdenhou e me deixou E agora você quer, quer, quer E vai se do meu jeito E agora você quer, quer, quer E vai se do meu jeito E agora você quer, quer, quer E vai ter Vai ter mas vai ser do meu jeito Quando eu te conheci Você nem deu bola pra mim Eu te peguei Mas não deu nada Agora eu sou o cara Você vem atras de mim E	Pop
1000	Tira um segundo pra pensar em mim, Tira um segundo pra pensar em nós Tem a vida inteira pra esquecer de mim Mas não vou deixar Tive mil motivos pra dar meu carinho Basta apenas um pra estar no seu caminho Se algo me leva pro teu	Pop
1001	Uooooooooooh! Uooooooooooh! Eu quero levar Uma vida moderninha Deixar minha menininha Sair sozinha Não ser machista E não bancar o possessivo Ser mais seguro E não ser tão impulsivo... Mas eu me mordo de ciúmes Mas eu me mordo de ciúmes... Meu bem me deixa Sempre muito à vontade Ela me diz que é muito bom Ter liberdade E que não há mal nenhum Em ter outra amizade E que brigar por isso É muita crueldade... Mas eu me mordo de ciúmes Mas eu me mordo de ciúmes Mas eu	Pop
1002	Estava a beira do paraíso mas não queria entrar Estava quase no céu e insisti em ficar Estava quase voando mas esqueci de andar Foi preciso você chegar pra me ensinar Estava tão perto da cura mas preferi a cama Estava tão certo de tudo e preferia duvidar Foi preciso você chegar pra me abrir os olhos Era preciso seu olhar Foi preciso você chegar Você com o seu olhar Foi preciso você chegar Só você pra me animar Estava a um passo do amor e me sentia só Estava bem do meu lado e eu só dizendo adeus	Pop
1003	Escuta essa Escuta essa, vai Escuta essa Quando eu te falei que ainda ia dar o troco Você não levou fé Escuta essa Chega de ficar te procurando se você só liga quando quer Escuta essa, já que não me atende Eu arrumei uma maneira louca de dizer Escuta essa, para com essa marra e aumenta o som Que eu estou falando com você Vai ter que me ouvir no rádio Na balada, na tv Vai ter que ficar calada Escutando tudo o que eu quero dizer Vou tocar no carro ao lado Dentro do teu celular Eu vou adorar saber que dispensar você deu primeiro lugar A casa caiu, você perdeu Quem ta de saco cheio desse papo aqui sou eu Se liga aí, vou te dizer Depois que te larguei peguei melhores que você A casa caiu e você perdeu Quem ta de saco cheio desse papo aqui sou eu Foi só dizer que eu não quero mais você Que as suas amigas já ligaram pra me ver E eu vou pegar	Pop
1004	Nada mais é como era antes Tudo mudou Tantas coisas importantes Que a gente deixou Eu acreditava tanto você não acreditou Eu decidi Que pra viver quero sempre mais Se puder ter amor e paz Pra viver, eu quero sempre Quero sempre mais Quero sempre mais	Pop
1005	Tenho a esperança de encontrar alguém que me faça refletir alguém que me faça perceber Que eu não fui nada até aqui Tenho a esperança de viver Uma história que eu nunca vivi alguém que me ajude a crescer alguém pra somar ou dividir às vezes sou tão criança Falo o que vem na cabeça sem pensar Eu sei que isso te cansa Morro de medo de você me deixar às vezes sou tão criança Meu pensamento não quer me respeitar Eu sei que isso te cansa Sei que isso não serve só pra mim e pra você Isso	Pop
1006	Quero e não posso mais querer voltar, Sinto o nosso tempo acabar, Mas ainda não acabou, Agora é viver tudo que restou De nós em cada canto, Do tempo, dos momentos que vivemos Sempre vamos sentir Quando lembrar, tenta me amar Me perdoar depois de tudo que fiz Eu nunca quis te magoar Quando lembrar, tenta sorrir Só tenta fazer de conta que eu tô aí Só quando lembrar.. Só quando lembrar... Quero e não posso mais querer voltar, Sinto o nosso tempo acabar, Mas ainda não acabou, Agora é	Pop
1007	Você já sabe Me conhece muito bem E eu sou capaz de ir e Vou muito mais além Do que você imagina Eu não desisto Assim tão fácil meu amor Das coisas que Eu quero fazer E ainda não fiz Na vida tudo tem seu preço Seu valor E eu só quero dessa vida É ser feliz Eu não abro mão Nem por você Nem por ninguém Eu me desfaço Dos	Pop
1008	Tira um segundo pra pensar em mim, Tira um segundo pra pensar em nós Tem a vida inteira pra esquecer de mim Mas não vou deixar Tive mil motivos pra dar meu carinho Basta apenas um pra estar no seu caminho Se algo me leva pro teu	Pop
1009	Quando eu te conheci Você nem deu bola pra mim Eu te peguei Mas não deu nada Agora eu sou o cara Você vem atras de mim E vai pensando que é assim Desdenhou, desdenhou Desdenhou e me deixou E agora você quer, quer, quer E vai se do meu jeito E agora você quer, quer, quer E vai se do meu jeito E agora você quer, quer, quer E vai ter Vai ter mas vai ser do meu jeito Quando eu te conheci Você nem deu bola pra mim Eu te peguei Mas não deu nada Agora eu sou o cara Você vem atras de mim E	Pop
1010	Nossa história é assim Eu te vendo e te querendo só pra mim Te seguia com o olhar procurando te encontrar E o meu coração queria o seu lugar Então eu tentei falar Me faltavam as palavras não queria me calar Falar tudo o que sentia meu olhar, meu olhar Refrão: Você não sabe o quanto me faz bem O quanto eu posso	Pop
1011	Tem coisas que eu quero dizer Sem me importar com a forma que você vai entender Todo esse tempo estive só Me desintoxiquei de você Mas não estou melhor O que eu tenho não tem cura É só amor na sua versão mais pura Você acreditou que era o fim Quando tudo apenas estava começando pra mim Eu sei que eu demorei pra perceber Que tudo que eu mais queria Estava do meu lado Era você Era você O que eu tenho não tem cura É só amor na sua versão mais pura Você acreditou que	Pop
1012	Tenho a esperança de encontrar alguém que me faça refletir alguém que me faça perceber Que eu não fui nada até aqui Tenho a esperança de viver Uma história que eu nunca vivi alguém que me ajude a crescer alguém pra somar ou dividir às vezes sou tão criança Falo o que vem na cabeça sem pensar Eu sei que isso te cansa Morro de medo de você me deixar às vezes sou tão criança Meu pensamento não quer me respeitar Eu sei que isso te cansa Sei que isso não serve só pra mim e pra você Isso	Pop
1013	Tchu tchu tchururu Tchu tchu tchururu Eu vou dar um ponto de audiência Pra quem não gosta de mim É um canal falido Onde só a hipocrisia pede bis Tempo pra falar	Pop
1014	(Fiuk) Toda vez que ela vê o sol raiar Ela jura que não vai me procurar Ansiosamente esperar o celular tocar Só pra me dizer que hoje não vai dar Mas o nosso lance é caso sério Pra te conquistar não tem mistério Nossa química não dá pra controlar Pode dar a volta pelo mundo Que eu te mostro em menos de um segundo Esse flash back faz você voltar Ela roda Ela gira E para no mesmo lugar Comigo (Fábio Jr.) Toda vez que ela vê o sol	Pop
1015	Uooooooooooh! Uooooooooooh! Eu quero levar Uma vida moderninha Deixar minha menininha Sair sozinha Não ser machista E não bancar o possessivo Ser mais seguro E não ser tão impulsivo... Mas eu me mordo de ciúmes Mas eu me mordo de ciúmes... Meu bem me deixa Sempre muito à vontade Ela me diz que é muito bom Ter liberdade E que não há mal nenhum Em ter outra amizade E que brigar por isso É muita crueldade... Mas eu me mordo de ciúmes Mas eu me mordo de ciúmes Mas eu	Pop
1016	Eu sei que é proibido e o que a gente faz Com essa vontade de sentir o gosto desse beijo Pode ser de qualquer jeito No banheiro, embaixo do chuveiro Mas não fala pra ninguém sobre esse desejo E guarda em segredo Então vem que agora a gente vai brincar que eu sou seu refém Tira o roupa antes	Pop
1017	Escuta essa Escuta essa, vai Escuta essa Quando eu te falei que ainda ia dar o troco Você não levou fé Escuta essa Chega de ficar te procurando se você só liga quando quer Escuta essa, já que não me atende Eu arrumei uma maneira louca de dizer Escuta essa, para com essa marra e aumenta o som Que eu estou falando com você Vai ter que me ouvir no rádio Na balada, na tv Vai ter que ficar calada Escutando tudo o que eu quero dizer Vou tocar no carro ao lado Dentro do teu celular Eu vou adorar saber que dispensar você deu primeiro lugar A casa caiu, você perdeu Quem ta de saco cheio desse papo aqui sou eu Se liga aí, vou te dizer Depois que te larguei peguei melhores que você A casa caiu e você perdeu Quem ta de saco cheio desse papo aqui sou eu Foi só dizer que eu não quero mais você Que as suas amigas já ligaram pra me ver E eu vou pegar	Pop
1018	(Fiuk) Eu te falei: Não brinca comigo! Sabe da minha fama de mal O meu sobrenome é perigo Eu não sou normal (Thiaguinho) Se brincou então vem sem medo Prometo, não vou machucar Eu vou te mostrar meu segredo Você vai pirar (Fiuk) No carro, é onde vai começar Na cama, é onde isso vai parar No céu, nas nuvens Você vai chegar e delirar (Thiaguinho) No carro você não quis esperar Na cama nem deu tempo de chegar No céu, nas nuvens vamos descansar To sem ar (Refrão) Você sentiu minha pressão Pensei que não iria aguentar E no meio da confusão Pediu água (Fiuk) No carro, é onde vai começar Na	Pop
1019	Cê ta ligada, nunca fui assim Se eu for ligar pro que cê pensa de mim Eu que não vou ser esse cara, enfim Eu vou fazer o que eu quiser de mim Ela foi um dos males	Pop
1020	Estava a beira do paraíso mas não queria entrar Estava quase no céu e insisti em ficar Estava quase voando mas esqueci de andar Foi preciso você chegar pra me ensinar Estava tão perto da cura mas preferi a cama Estava tão certo de tudo e preferia duvidar Foi preciso você chegar pra me abrir os olhos Era preciso seu olhar Foi preciso você chegar Você com o seu olhar Foi preciso você chegar Só você pra me animar Estava a um passo do amor e me sentia só Estava bem do meu lado e eu só dizendo adeus	Pop
1021	Menina o tempo passa Eu não gosto de rotina E não vejo nada errado Você tá de pirraça Só porque eu não me comporto Como antigo namorado Meu jeito diferente, atraiu tua atenção Então, qual é o meu defeito? Deu tão certo pra gente Nunca tive a pretensão de ser um cara tão perfeito [refrão] Eu quero um romance Mas, não pode ser do jeito assim que todo mundo diz Tô fora do alcance, mas, garanto que só eu posso Fazer você feliz Feliz Menina o tempo passa Eu	Pop
1022	Não dá mais Já não posso não consigo esconder Impossível controlar minha vontade de você E maior que tudo e tudo bem Acredita em mim Já mudei E provei que não sou mais nem sei quem sou Eu duvido que isso tudo não seja	Pop
1023	Não quero ser quem você quer que eu seja Não vou abrir mão de mim pra te agradar Você sabe o que sou e que nada vai me parar Não fala de mim se não sabe do que sou capaz	Pop
1024	Quero te ouvir dizer que fica louca, louca. Quero tudo com você e vim aqui só pra te provar O que eu não consegui dizer Vou dizer agora, agora. Do seu lado eu não sei por que, Sinto vontade de me entregar, Não sei por que, Não tenho medo de me entregar. (x1) sinto vontade de me entregar, Não sei porque, não tenho medo de me entregar. Me faz entender o que te satisfaz, Sei tenho defeitos,	Pop
1025	Vou te fazer pirar Te ver gozar é minha sina Se olhar, te tocar, me beijar, me alucina Tento sempre manter a calma e não pensar Que você é um tesão Falo mais nada Não consigo não Parar de imaginar eu e você Tá sem noção Eu fico louco de tesão Não consigo mais Parar essa vontade em mim Tarde demais Você ta me deixando assim Xiu.. Não fala nada Eu sei que você ta querendo a mesma coisa A gente disse pelo olhar Não vou falar nada Então fica louca, tira roupa Esse segredo é nosso Se você contar não tem mais graça Se você contar Não tem mais graça, se você contar Se você contar Que eu vou te fazer pirar Te ver gozar é minha sina Se olhar, te tocar, me beijar, me alucina Tento sempre manter a calma e não pensar Que você é um tesão Falo mais nada Não consigo não Parar de imaginar eu e	Pop
1026	Chega junto, sem medo Baby eu vou hipnotizar você, só você Vou te pegar de jeito, vem logo Que eu quero pagar pra ver, pagar pra ver Eu quero ver você descer do salto E dizer que faz tudo o que eu quiser Agora vem pedindo mais, então vem cá Me satisfaz, vou te fazer mulher Ela é furacão, faz tremer o chão Ela diz que sim, me dizendo não Sabe enlouquecer, sabe seduzir Deixa eu te pegar, deixa eu te sentir Porque hoje vai rolar nocaute Chega junto, sem medo Baby eu vou hipnotizar você, só você Vou te pegar de jeito, vem logo Que eu quero	Pop
1027	Quero e não posso mais querer voltar, Sinto o nosso tempo acabar, Mas ainda não acabou, Agora é viver tudo que restou De nós em cada canto, Do tempo, dos momentos que vivemos Sempre vamos sentir Quando lembrar, tenta me amar Me perdoar depois de tudo que fiz Eu nunca quis te magoar Quando lembrar, tenta sorrir Só tenta fazer de conta que eu tô aí Só quando lembrar.. Só quando lembrar... Quero e não posso mais querer voltar, Sinto o nosso tempo acabar, Mas ainda não acabou, Agora é	Pop
1028	Eu não consigo mais dormir a noite Nunca pensei que fosse ser assim Eu tô vidrado, apaixonado totalmente acelerado Mudou tudo aqui dentro de mim E nem ligou pra minha pouca idade Sua maturidade me encantou Seus amigos duvidaram quase sempre me tiraram De careta por falar de amor Quero toda noite dormir junto sim Quero toda noite te reencontrar Quero toda noite o seu beijo sim Quero toda noite, toda noite o teu corpo pra colar no meu.	Pop
1029	Nada mais é como era antes Tudo mudou Tantas coisas importantes Que a gente deixou Eu acreditava tanto você não acreditou Eu decidi Que pra viver quero sempre mais Se puder ter amor e paz Pra viver, eu quero sempre Quero sempre mais Quero sempre mais	Pop
1030	Bom, pra começa vamo fala do começo Pra recorda, todos nós temos defeitos e virtudes Mas tem gente que faz questão de ser estrume Foi mal É que eu não posso falar merda, sabe como é que é Eu sou artista pop star mas sou do rolé Não adianta tentar me transformar Em um monstro metido play boy deixa pra lá Nasci	Pop
1031	Na na na na na nana ooohhh Tudo bem Eu tô bem Sem você, sem amor Sem ninguém Para disfarçar a dor E você Eu já sei Que já tem outro alguém Com você para disfarçar a dor Quero ver se você se arrepender Você não vai esquecer Pelo menos tão fácil assim E o pior é que o cara quer ser eu Ele ainda não entendeu No seu corpo só eu Sou eu Sou eu Pensamento da manhã Sou eu De quem você é a fã Sou eu E quem sempre vai te amar Sou eu Ninguém tem esse lugar Só eu Só eu Tudo bem Eu tô bem Sem você, sem amor Sem	Pop
1032	Você me fez enxergar que eu não to mais sozinho Só a gente sabe o quanto a gente fez pra dar certo Me fala um pouco de você Eu quero sim te conhecer E me deixa louco Fica mais um pouco Não quero ficar sozinho Faz companhia pra mim Eu sou assim Falo na cara, não tem jogo Você me fez querer tentar de novo De novo A gente tem algo pra falar Um pro outro, eu sei Não consigo mais esperar (não consigo mais esperar) Tá na cara A gente tem algo pra falar Um pro outro, eu sei Não consigo mais esperar (não consigo mais esperar) Me beija Me beija Você me	Pop
1033	Tempo, para de ser assim Leva o que passou Pra não ficar em mim O tempo parou Vento, mostra uma direção Não me deixa aqui sozinho Nessa solidão O que era pra sempre se perdeu Não era pra ser Eu não sou	Pop
1034	Ah, ha ha Você tá me fazendo rir Não mete essa de santinha pra cima de mim Já tô ligado que você adora uma pegada E se o cara não agradar você bota na praça Agora vem com papo torto de apaixonada Você deve tá brincando com a minha cara A essa hora da madruga aqui no meu portão Ou tá maluca ou tá querendo chamar atenção Eu não vou comprar Gato por lebre Não dá pra enganar Quem te conhece Mas eu vou te dar O que procura Quer me provocar Então segura E toma toma toma toma o que você quer Eu nunca fui de negar fogo pra você mulher E toma toma toma toma toma mais Toma toma toma toma o que te satisfaz Toma toma toma toma o que você quer Eu nunca fui de negar fogo pra você mulher E toma toma toma toma toma mais Toma toma toma toma o que te satisfaz Ah, ha ha Você tá	Pop
1035	Os dias são tão iguais, o vento toca a janela Não sei se sou tão capaz de viver (de viver sem você) Sua indecisão (tentando aprender, seguir) Quase me matou, me matou (desistir nunca mais) Partiu meu mundo em dois (hoje espero você) E agora eu sei Essa me faz lembrar você Onde estiver, saiba que eu sempre estarei aqui Mesmo que o tempo te levar (te levar, te levar) Onde estiver, saiba que eu sempre estarei aqui Mesmo que o tempo te levar Tive que aceitar Mas me perco sem você Tive que	Pop
1036	Além do olhar, se esconde a preocupação Num infinito de questões, achar uma resposta Me leve desse lugar Me leve desse lugar Voa, liberta esse medo da vida Voa, a gente ainda vai se encontrar Quantas vezes eu pedi pro céu Um pouco mais de piedade Plantar o sonho e ver	Pop
1037	Não pude deixar de ouvir Uma voz dentro de mim Como é que eu vim parar aqui ? Já nem sei E nada pode me livrar Parece que estão no ar Todos os erros que eu cometi ( Agora é hora de mudar ) Mas eu não sei se essa voz é você aqui Mas eu não sei pra onde ela vai levar Quero voar pra bem longe só pra você vir me encontrar Mas eu não sei se esse dia vai chegar Meus olhos eu não abro mais Pois sei que vão fugir Pra não ver mais o que eu vi As vezes sinto o céu cair Pesando sobre mim Pra me lembrar do que	Pop
1038	Tente me olhar, e provar que meu mundo acabou Tente me mostrar que nada Restou Se o tempo parar pra nós dois, Vou tentar te guardar E eu deixo a saudade aqui, pra tentar continuar. Hoje perco você, em meus braços e morro um pouco mais Hoje perco você em mim, mesmo assim vou vivendo Viver, sem você aqui, sem você sorrir pra mim, e só mais uma vez. Deixa eu te falar, eu procuro você em todos os cantos mas só em você, eu encontro minha paz. Se o tempo	Pop
1039	Nunca mais A solidão se faz presente aqui Nunca mais O caos se fez, e a luz se foi Nunca mais A saudade arde e me afoga Nunca mais Se fez assim, esse é o fim Nunca mais Lembrar de mim toda vez que respirar Lembrar de mim se eu nunca mais voltar (se eu nunca mais voltar!) Entre as dores do mundo Me perco pra achar você Volto cada segundo Não consigo entender Será que eu posso mudar meu coração Sem sentir a vida escorrer em minhas mãos?? (minhas mãos!!!) Lembrar de mim toda vez que respirar Lembrar de mim se eu nunca	Pop
1040	Queria poder te dizer Nem sempre é possível consertar tudo que eu fiz Sei que é difícil ter que admitir que errei Eu só sei que eu faria tudo outra vez E Eu fiquei te esperando aqui até o dia amanhecer (Eu faria tudo outra vez) Tá na hora de decidir se vai ou quer ficar (Eu faria tudo outra vez) Se eu fui embora algum dia foi só pra te proteger (Eu faria tudo outra vez) Vê se volta pra casa eu quero te ver Nem sempre eu quis aceitar O que eu fiz foi escolher pra onde ir sem saber onde andar Eu já me perdi quase não consigo mais voltar E eu só sei que eu faria tudo	Pop
1041	Chegou a hora e eu não vou correr Não tenho medo pra te entregar Minha amnésia apagou você E Agora é minha vez de te falar Eu não vou acreditar no que você me diz (eu não vou!) No que inventa para ser feliz (eu não vou!) Nesse seu mundo que vai te matar (eu não vou!) Eu cansei, (cansei) Eu não consigo esperar você (você) Eu paguei caro para te esquecer (esquecer) De todos planos eu já desisti (WHOOAAHH!) Deixei pra trás tudo que consegui Na minha vida não vai mais entrar (entrar) Na sua vida não vou mais passar (passar) E se você tentar	Pop
1042	A nossa batalha está próxima Já posso sentir o tremor da terra O suor escorre em clima de tensão E o silêncio ensurdecedor Que pede o fim desse guerra A cada dia que estou de pé agradeço A cada dia que estou de pé agradeço Braços pesados cansados de lutar Roupas manchadas com o nosso sangue Essa vida implica uma súplica De dias melhores que nunca virão Peço paz Peço paz A cada dia que estou de pé agradeço A cada dia que estou de pé	Pop
1043	Só me diz, se é o que você sempre quis Se isso vai te fazer pensar Já que não pode me ajudar Deixa assim, deixa tudo só para mim Deixa eu ver no que vai dar Porque eu só quero é ser feliz Vou esperar por você em todo lugar Mesmo sabendo que não vai voltar Ilusão, me tirou da direção Não me deixa mais sonhar E me impede de chegar Veja bem: faça	Pop
1044	Raiou Um dia a mais pra tentar não morrer Há sempre alguém que quer te derrubar Querem fuder você Só querem te ver mal Luxo é ter fé no país do carnaval Poeira pra atrapalhar Poeira, não não Poeira pra sufocar Mas não há nada que me faça parar Eu sempre acordo pra brigar E não desisto de sonhar Existe algo que é só meu (Vou encontrar a saída!) Eu sempre acordo pra brigar Sei a onde vou chegar A gente sabe o que viveu (Vou encontrar a saída!) A arte de fazer inimigos Eu sou muito bom em fazer inimigos A arte de fazer inimigos Eu sou muito bom em fazer inimigos A arte de fazer inimigos Eu sou muito bom em fazer inimigos... Eu sempre acordo pra brigar E não desisto de	Pop
1045	Sinto o meu corpo indo de encontro ao chão Tento levantar mais um esforço em vão Já não me lembro a quanto tempo deixei de existir Tudo passa, a vida segue e eu continuo aqui [Refrão] Deixa eu viver mais Espero o dia clarear Me tira o peso Esgoto em pensamentos de resolução A cada trago, a cada gota, felicidade e solidão Não sou santo, sou guerreiro, me alimento só da fé Nesse mundo de ilusões, tento me manter de pé [Refrão] Deixa eu viver mais Espero o dia clarear Me tira o peso Se puder me escutar Vamos embora já é hora de recomeçar We all want to help one another Human beings are like	Pop
1046	Nenhuma mão pra crer (O que me aconteceu?) Nenhuma reza pode me curar (Foi tudo por você?) Porra nenhuma que a dor não vai tirar (E agora o que fazer?) Pegue sua faca e tira o câncer do lugar Se mesmo assim Tivesse dito Não teria impedido Que o céu tocasse os seus pés E junto do azul vem o blue E o mar de tinta preta viesse Nenhuma mão para crer Nenhuma reza pode me curar Porra nenhuma que a dor não vai chegar Pegue sua faca e tira o câncer do lugar Peguei meus sonhos Desenhei no ar Irei voar Pra te encontrar (Asas) Peguei meus	Pop
1047	Trataram meu caso com descaso Retrataram minha aflição e pânico de um jeito errado Deram o recado com bomba e trator Minha casa não tem sombra Agora é lixo, entulho, lágrima, pedra e terror Só eu sei? O inferno que ficou esse mundo aqui Só eu sei? Não importa o lugar, não há pra onde ir Fora do alcance da justiça A cobiça impera inerte, solene, constante, e soberana Mata! Desmata! No tapetão no tapa Paga o quanto pesa e leva grátis tua vida ingrata Só eu sei? O inferno que ficou esse mundo aqui Só eu sei? Não importa o lugar, não há pra onde ir Vencer e	Pop
1048	Eu não entendo O frio que o silêncio traz Sei que nunca mais será igual Tanto ódio se fez tanta desgraça vive em mim Tanto faz se você não mudar Não vou deixar Minha vida em suas Mãos Não vou deixar Me desfaço em pedaços cada vez que sinto você em mim só minha magoa te satisfaz Vejo meus sonhos Escorrer como sangue em minhas maos Tanto faz se você não mudar Não vou deixar	Pop
1049	(Re)Nascido - gloria Renascido em chamas Escrevo minha historia, canto e grito Pra nunca mais sofrer me vão Eu vou lutar Lutar e acreditar no que eu sinto Pra não viver na sombra da escuridão Nunca deixei de sonhar, sempre acreditei Eu quero muito mais ! Acreditar, Sonhar , Viver A Vitoria só depende de você Acreditar que pode ser Sua historia é escrita por você ([Re]nascido) É muito fácil falar Quanta merda eu ouvi Pra chegar ate aqui Se fosse fácil chegar	Pop
1050	E é tudo meu! É tudo meu! É tudo meu! Vai se foder, quem disse que era só seu? Vai se foder, otário aqui venceu Vai se foder, essa pra quem esqueceu Vai se foder, que agora é tudo meu! E é tudo meu,é tudo meu,é tudo meu... Você, nunca fez questão de entender que o problema é você! Sempre fez questão de dizer que eu respiro você! Nunca fez questão de entender que o problema é você Sempre fez questão de dizer que eu respiro você! Ódio, adrenalina, sangue, catalepsia, fodeu! Perdeu, saiu tudo do lugar. Raiva, anomalia, morte sem anestesia, fodeu! Perdeu,	Pop
1051	E o jogo começou Aperte o gatilho pra nascer mais uma vez Menino do morro, moleque mocado No embaça do ato do homem fardado Eu sou igual a você Bicho do mato na selva de pedra Eu sou igual a você Debaixo do sol, soldado da guerra Pra sempre Seremos história pra nunca esquecer e não ser Mais um, mais um. Acende o pavio Minha guerra é santa Quem é Deus, no fim	Pop
1052	Agora é minha vez, você vai ter que me escutar Me enjoa seu sorriso de merda, sua volta não me fez parar Hoje eu sei, onde quero estar Seu amor não vai me comprar Hoje eu sei, e não quero mudar Não vou mudar Refrão: (2X) Não! Agora é minha vez, não Vou me libertar Não! Agora é minha vez Diz pra mim que eu sou ninguém E tanto faz, sentimento tão escaso E tanto faz, viver assim em vão Posso acreditar em mim, eu	Pop
1053	Não vejo você quando escondo o ódio em mim Em outros braços eu te encontrei Talvez a chuva carregue tudo que senti Não ter você, não ter você aqui Dizer que não foi fácil pra você Também não foi pra mim (não	Pop
1054	Eu irei embora pra tentar me achar Em um outro alguém vou buscar Uma nova direção Eu não vou voltar Não me espere Nada importa quando a alma implora a paz Tudo muda quando a vida se desfaz O meu lugar já não é aqui Já não aguento respirar Hoje eu aceito o nosso fim Deixando a vida me levar Eu não vou voltar Não me espere Nada	Pop
1055	Todo dia acordo cedo, faço prece esqueço o medo e sigo a pressa Caos, cidade cinza Contra o relógio, eu não posso parar Será que Deus é brasileiro, africano branco ou negro do terreiro? Será que está num templo ou aqui nesse lugar? Está em todo lugar! Estamos vivos no ar, no céu e no mar A chama ainda queima! Pago a fé em mil parcelas, vivo a vida sempre na miséria O suor sagrado, que eu venero sem pensar Será que Deus é brasileiro, africano branco ou negro do terreiro? Será que	Pop
1056	Eu vou me libertar de você Eu vou tentar mudar. de você Vou viver nem que seja na dor Eu vou acordar e às velas queimam em meu nome Viver a dor (e eu vou viver a dor) Viver a dor (não mais, não mais, não mais, não mais!) Viver a dor (e eu vou viver na dor) Viver a dor (não mais, não mais, não mais, não mais!) - não é tão facil assim. - você acha que pra min também não é dificil? - eu sei mas.. - pra min não é nada facil! - mas eu nunca quis que fosse assim - então foi eu que quis! - eu também não disse isso. - você sempre se comporta assim. quando às coisas não estão bem você sempre foge. - eu não tô fugindo! - tem certeza!? - eu nunca	Pop
1057	Sangue! deixa o sangue escorrer em mim. Escorre, veneno, desejo, queimando a noite inteira. Até não mais poder. Até o sol nascer. Meu sangue, é seu, meu sangue. Seu sangue, é meu, seu sangue. O seu mais novo vício, Eu sou seu novo vício. Dançar! e é no pecado que eu sinto prazer. Você fica louca, com o mel na sua boca, Até a última gota. Até não	Pop
1058	Cada suspiro Difícil de conter O sangue ferve Uma chama a acender A boca seca Se enche em dizer: estamos vivos E prontos pra sofrer Não só amar Há muito mais em mim Pode se ver, não sou como você A nossa raiva não vamos conter Suas palavras Quando as vai viver? Telhados queimam, a chama queima o chão Os olhos choram O sangue escorre às mãos Não só amar Há muito mais em mim Pode se ver, não sou como você (Posso começar?) Não	Pop
1059	Pressinto a bala e o grito Resisti sem redenção Pra plebe o plebiscito Agonia sigo em vão Reclamo a minha parte Arte não é contravenção Só apanha quem não bate O que revolta é omissão (Porra) Porradaria todo dia (Chega) Tá na hora de enxergar (Porra) Violência gratuita (Chega) De curvar pra esperar Sabe lá o que nos resta Se for festa eu tenho pressa já Sabe la o que nos resta Se for festa eu quero me infestar Pressinto o novo risco Não implico de escolher Recarregar a alma Lutar até morrer Relevo a vida á toa Ressalvo a condição Não ser	Pop
1060	(Re)Nascido - gloria Renascido em chamas Escrevo minha historia, canto e grito Pra nunca mais sofrer me vão Eu vou lutar Lutar e acreditar no que eu sinto Pra não viver na sombra da escuridão Nunca deixei de sonhar, sempre acreditei Eu quero muito mais ! Acreditar, Sonhar , Viver A Vitoria só depende de você Acreditar que pode ser Sua historia é escrita por você ([Re]nascido) É muito fácil falar Quanta merda eu ouvi Pra chegar ate aqui Se fosse fácil chegar	Pop
1061	Raiou Um dia a mais pra tentar não morrer Há sempre alguém que quer te derrubar Querem fuder você Só querem te ver mal Luxo é ter fé no país do carnaval Poeira pra atrapalhar Poeira, não não Poeira pra sufocar Mas não há nada que me faça parar Eu sempre acordo pra brigar E não desisto de sonhar Existe algo que é só meu (Vou encontrar a saída!) Eu sempre acordo pra brigar Sei a onde vou chegar A gente sabe o que viveu (Vou encontrar a saída!) A arte de fazer inimigos Eu sou muito bom em fazer inimigos A arte de fazer inimigos Eu sou muito bom em fazer inimigos A arte de fazer inimigos Eu sou muito bom em fazer inimigos... Eu sempre acordo pra brigar E não desisto de	Pop
1062	A nossa batalha está próxima Já posso sentir o tremor da terra O suor escorre em clima de tensão E o silêncio ensurdecedor Que pede o fim desse guerra A cada dia que estou de pé agradeço A cada dia que estou de pé agradeço Braços pesados cansados de lutar Roupas manchadas com o nosso sangue Essa vida implica uma súplica De dias melhores que nunca virão Peço paz Peço paz A cada dia que estou de pé agradeço A cada dia que estou de pé	Pop
1063	Todo dia acordo cedo, faço prece esqueço o medo e sigo a pressa Caos, cidade cinza Contra o relógio, eu não posso parar Será que Deus é brasileiro, africano branco ou negro do terreiro? Será que está num templo ou aqui nesse lugar? Está em todo lugar! Estamos vivos no ar, no céu e no mar A chama ainda queima! Pago a fé em mil parcelas, vivo a vida sempre na miséria O suor sagrado, que eu venero sem pensar Será que Deus é brasileiro, africano branco ou negro do terreiro? Será que	Pop
1064	Eu irei embora pra tentar me achar Em um outro alguém vou buscar Uma nova direção Eu não vou voltar Não me espere Nada importa quando a alma implora a paz Tudo muda quando a vida se desfaz O meu lugar já não é aqui Já não aguento respirar Hoje eu aceito o nosso fim Deixando a vida me levar Eu não vou voltar Não me espere Nada	Pop
1065	Vai Pra que ter medo de mudar? Vai A sua essência é o seu valor A gratidão que vive aqui Que me faz respirar Traz a paz Vive em mim Poder crescer, o tempo vai curar E então sorrir e multiplicar Vai Faz da sua vida um mantra Vai Atrás do que te faz feliz A gratidão que vive aqui Que me faz	Pop
1066	Agora é minha vez, você vai ter que me escutar Me enjoa seu sorriso de merda, sua volta não me fez parar Hoje eu sei, onde quero estar Seu amor não vai me comprar Hoje eu sei, e não quero mudar Não vou mudar Refrão: (2X) Não! Agora é minha vez, não Vou me libertar Não! Agora é minha vez Diz pra mim que eu sou ninguém E tanto faz, sentimento tão escaso E tanto faz, viver assim em vão Posso acreditar em mim, eu	Pop
1067	Eu não entendo O frio que o silêncio traz Sei que nunca mais será igual Tanto ódio se fez tanta desgraça vive em mim Tanto faz se você não mudar Não vou deixar Minha vida em suas Mãos Não vou deixar Me desfaço em pedaços cada vez que sinto você em mim só minha magoa te satisfaz Vejo meus sonhos Escorrer como sangue em minhas maos Tanto faz se você não mudar Não vou deixar	Pop
1068	Um dia como ontem Chorei como Amanhã Sem pensar porque tudo isso aconteceu Será que é só comigo? Tenta entender, como viver esse jogo que você um dia quis ganhar Não saber perder, não saber fugir Apenas discutir agora, diga o que você não quer falar Diga um bom motivo pra sobreviver, ao invés de crítica, apenas criticar Caminhos que te levam a falência Sua mãe já dizia, com quem tu andas menino Agora sinta o teu castigo... O mundo parou, o fim da linha chegou agora durma em paz, aprenda... Um dia como hoje ao inverso do amanhã agora pense você	Pop
1069	Cada suspiro Difícil de conter O sangue ferve Uma chama a acender A boca seca Se enche em dizer: estamos vivos E prontos pra sofrer Não só amar Há muito mais em mim Pode se ver, não sou como você A nossa raiva não vamos conter Suas palavras Quando as vai viver? Telhados queimam, a chama queima o chão Os olhos choram O sangue escorre às mãos Não só amar Há muito mais em mim Pode se ver, não sou como você (Posso começar?) Não	Pop
1070	As dez mil maneiras Difícil de entender O individual já basta para você Alguma coisa que acontece ao seu redor Você não entende prefere ficar só (refrão 2x) Sei que não Meus olhos estão abertos Mesmo assim GOD BLESS YOU! Sei que não Meus olhos estão abertos.	Pop
1071	Nenhuma mão pra crer (O que me aconteceu?) Nenhuma reza pode me curar (Foi tudo por você?) Porra nenhuma que a dor não vai tirar (E agora o que fazer?) Pegue sua faca e tira o câncer do lugar Se mesmo assim Tivesse dito Não teria impedido Que o céu tocasse os seus pés E junto do azul vem o blue E o mar de tinta preta viesse Nenhuma mão para crer Nenhuma reza pode me curar Porra nenhuma que a dor não vai chegar Pegue sua faca e tira o câncer do lugar Peguei meus sonhos Desenhei no ar Irei voar Pra te encontrar (Asas) Peguei meus	Pop
1072	E o jogo começou Aperte o gatilho pra nascer mais uma vez Menino do morro, moleque mocado No embaça do ato do homem fardado Eu sou igual a você Bicho do mato na selva de pedra Eu sou igual a você Debaixo do sol, soldado da guerra Pra sempre Seremos história pra nunca esquecer e não ser Mais um, mais um. Acende o pavio Minha guerra é santa Quem é Deus, no fim	Pop
1073	Não consigo entender Minha desgraça é ter você Sangro, não paro de sangrar Saiba que desejei tudo isso hoje Não prometi porra nenhuma! Sei que as magôas que eu guardei Queimou a minha vida Seu pior deixei em mim Tão bom, gostoso é sentir Que a faca que eu te dei Você deixou em mim Nunca mais vou querer ter outra vida Sei, que as flores	Pop
1074	Sinto o meu corpo indo de encontro ao chão Tento levantar mais um esforço em vão Já não me lembro a quanto tempo deixei de existir Tudo passa, a vida segue e eu continuo aqui [Refrão] Deixa eu viver mais Espero o dia clarear Me tira o peso Esgoto em pensamentos de resolução A cada trago, a cada gota, felicidade e solidão Não sou santo, sou guerreiro, me alimento só da fé Nesse mundo de ilusões, tento me manter de pé [Refrão] Deixa eu viver mais Espero o dia clarear Me tira o peso Se puder me escutar Vamos embora já é hora de recomeçar We all want to help one another Human beings are like	Pop
1075	O vento cuidou de trazer tuas cinzas por outra vez mais quais nunca garantiam que teríamos força na próxima tormenta (refrão) E eu vou e você não vê Guardar o que faz sentir Meus erros Sabe o que pareçe ser? Tão tola é a nossa esperança E eu vou e você não vê Deixar o que faz sentir meus medos Sabe oq eu pareçe ser? O mais longe que possa imaginar Queria ser eu forte e não temer,	Pop
1076	Celebrar, o ódio É tudo o que queremos Celebrar sua queda, o fim Pra isso que vivemos! Qual seu problema Alguém fodeu demais sua cabeça? Me escuta desgraça Não esqueça Seu ego hoje consome sua certeza Que vergonha eu sinto de você Desalmado Infectado Queime mais uma vez Amém Sua alma apodrece todo o seu ser Sua alma hoje implora pra tentar viver Não sou como você Foda-se o que vão dizer Não sou como você Foda-se o que vão dizer Odeio Você Odeio você Odeio você O ego, te deixou cego na escuridão Vacilou é sem perdão, mais um	Pop
1077	[ Hey Hey ] x 3 Não te conheço mais consigo imaginar O ódio pra que tudo exploda no olhar Já me enganaram também Levaram tudo de mim As mãos que escrevem as leis Também planejam seu fim Mas nunca vão me derrotar (Refrão) Eu sou tão diferente de você O seu dinheiro sujo não vai me comprar Por muito tempo eu me enganei Mas hoje não consigo mais acreditar Não tem perdão Você tem tudo fácil demais Mas dessa vez não vai poder se salvar Não consigo	Pop
1078	Quando a luz apagar Eu vou encontrar o caminho Pra nós dois Tanto medo eu senti Muitas coisas eu vi passar Hoje me arrependo do que eu não fiz Mas eu vou tentar continuar Sempre que ouvir a minha voz (você vai pensar) Em tudo aquilo que a gente já viveu Em toda a foto que você olhar (Eu vou estar) Ninguém vai tomar o meu lugar Quando a luz apagar Eu vou encontrar o caminho Pra nós dois Se alguém te disser que eu não vou voltar É só você lembrar É só você lembrar Sei que sou mais forte a cada	Pop
1079	E é tudo meu! É tudo meu! É tudo meu! Vai se foder, quem disse que era só seu? Vai se foder, otário aqui venceu Vai se foder, essa pra quem esqueceu Vai se foder, que agora é tudo meu! E é tudo meu,é tudo meu,é tudo meu... Você, nunca fez questão de entender que o problema é você! Sempre fez questão de dizer que eu respiro você! Nunca fez questão de entender que o problema é você Sempre fez questão de dizer que eu respiro você! Ódio, adrenalina, sangue, catalepsia, fodeu! Perdeu, saiu tudo do lugar. Raiva, anomalia, morte sem anestesia, fodeu! Perdeu,	Pop
1080	Nas tardes em que, o vento tomou seu lugar, Chorei e pedi, pra você voltar, Em dias ruins, sem saber o que pensar, Desculpe mais, alguém tomou o seu lugar. E eu já cansei (já cansei), de te esperar, Que era previsto que iria mudar (iria mudar). Pois eu achei, alguém melhor, que me completa e me faz feliz. E afinal, eu estava só (estava só), estando do seu lado. Nas horas em que, eu mais precisei de ti, Desculpas, mentiras, foi tudo que eu recebi. Eu nunca prendi, mais fui um tolo em reprimir, Um só sorriso passaria a sem. E afinal, e eu estava só (e afinal) mesmo estando do seu lado. E afinal, e eu estava só, mesmo estando, yeêêéééé..... Tão	Pop
1081	Desprezei teu sorriso, Deixei teu gosto a me escapar Não mais estou perdido Mantenho o controle Sobre o ódio que me rasgava o peito Mantenho o controle sobre você Clamei teu nome! Não ouviu chamar! Em pranto, lágrimas amargas! Eterno e tão efêmero Tamanha nossa desgraça Eu sei que nunca (houve um motivo suficiente) Toda esperança (contida em dias inexistentes) Sobre rosas tão negras quanto a tarja preta da sua droga preferida Que só amenizaria a dor e mesmo assim nunca tomou A dor que eu	Pop
1082	Meu mundo acabou quando olhei pra trás e vi que a lágrima secou o seu olhar são as pequenas coisas que a gente nunca esquece eu estarei esperando O FIM DO MEU CORAÇÃO em suas mãos eu vou viver juntando os restos do meu castelo que eu construi pra ti vai ser difícil eu sem você mas quero que saiba que	Pop
1083	Quero! Muito mais do imprevisível. Quero! O céu, o mundo infinito. E Muito mais além, sentir meu corpo não tocar no chão. A liberdade é como asas. Eu e você, Seremos um só. Grito! Pra me libertar. Eu grito pra tentar sair daqui. Quando o mundo me escutar vivo mais. (Grito!) Pra me libertar. Eu grito pra tentar sair de mim. Quando o mundo me escutar vivo mais. Alto! Muito mais que o prometido. Alto! Onde tudo faz sentido. E muito mais além. Onde os sonhos podem nos levar. A liberdade é como asas. Me leva pra longe. Me leva pra algum lugar bem distante daqui. Seremos um só. Grito! Pra me libertar. Eu grito pra tentar	Pop
1084	Não pude deixar de ouvir Uma voz dentro de mim Como é que eu vim parar aqui ? Já nem sei E nada pode me livrar Parece que estão no ar Todos os erros que eu cometi ( Agora é hora de mudar ) Mas eu não sei se essa voz é você aqui Mas eu não sei pra onde ela vai levar Quero voar pra bem longe só pra você vir me encontrar Mas eu não sei se esse dia vai chegar Meus olhos eu não abro mais Pois sei que vão fugir Pra não ver mais o que eu vi As vezes sinto o céu cair Pesando sobre mim Pra me lembrar do que	Pop
1085	De tanto pensar E nada fazer O tempo agora é seu inimigo Não deixe nada pra amanhã Vai te dizer aonde errou Sempre Cada vez eu tenho menos tempo pra perder Me preocupar com tudo aquilo que não me faz bem Eu não vou mais Ficar aqui Paralizado pela incerteza Desesperado pela solução E de tanto esperar O que nunca vem O que nunca vai mudar eu sei Sempre Cada vez eu tenho menos tempo pra perder Me preocupar com tudo aquilo que não me faz bem E o que não me faz	Pop
1086	Por nada estou aqui, tentando me esconder Por sempre aparecer, fugir de mim Te pedi pra me ajudar, mas o medo me venceu Há uma pedra no caminho, que me ilude ao amanhecer Chega de sonhar, esperar o que não foi Chega de viver, o que você já passou Sem entender o que aconteceu... Você apareceu, e agora?! Uma busca tão incerta, pôde me prejudicar Entender que o poder não é fácil compreender E assim eu vou viver, sem respostas para o Sol Mentindo pra mim mesmo, fugir de mim Chega de sonhar, esperar o que não foi	Pop
1087	Você está tão perto, mas está tão longe O meu coração diz para eu não te esquecer A maior parte do tempo sentei na calçada e pensei Quantas vezes eu já chorei, mentindo entender Eu nunca acreditei que eu iria te perder Mas vou sentir saudades, mas sonhar enquanto eu viver Agora é acreditar Em cada passo que eu dou Não posso mais	Pop
1088	Tenho em mim a pior dor Tenho a dor da decepção Tenho a dor e carrego e sou punido E o que eu sonhei não pode ser em vão Tentar fingir, não ter rancorrrr! Então venha a dor, me faça sofrer NUNCA MAISSSS Então venha a dor que faz sentir, tudo que importa NUNCA MAISSSS E nunca mais eu viverei em paz	Pop
1089	Não mais pensar naqueles tempos Não mais o brilho do céu Não mais pensar naqueles tempos Não mais o brilho do céu O brilho em seu olhar ficou no tempo E é difícil de acreditar Que nada restou e o brilho se foi embora E o seu olhar ficou mais triste Nada mudou e nunca irá mudar E as flores caem no jardim E ainda dói lembrar Que não voltam mais aqueles dias Que você dizia que ia ser pra sempre	Pop
1090	Me Tira Daqui Te esperei até hoje de manhã Você disse pra eu não ficar com medo Da chuva lá fora Mas a chuva passou e eu não te vi Só queria estar longe daqui, mas sei que nada mudou (Refrão) Deixa eu te dizer O quanto eu te esperei Talvez eu já nem lembre mais Se não vem me buscar eu vou fugir sem você [sem você, sem você] Já cansei de esperar Eu nada tenho a perder [a perder, a perder] Você sabe que eu não mentia quando eu dizia em seu ouvido: Me tira daqui Já nem sei como	Pop
1091	Tente me olhar, e provar que meu mundo acabou Tente me mostrar que nada Restou Se o tempo parar pra nós dois, Vou tentar te guardar E eu deixo a saudade aqui, pra tentar continuar. Hoje perco você, em meus braços e morro um pouco mais Hoje perco você em mim, mesmo assim vou vivendo Viver, sem você aqui, sem você sorrir pra mim, e só mais uma vez. Deixa eu te falar, eu procuro você em todos os cantos mas só em você, eu encontro minha paz. Se o tempo	Pop
1092	Muito distante Pra poder chegar onde está você E eu chorei em te perder Você se foi e agora estou aqui (refrão) Ye Ye e eu guardei Ye Ye sua última razão Ye Ye está aqui Ye Ye Dentro do coração Muito	Pop
1093	Não existe amor em Sp Um labirinto mistico Onde os grafites gritam Não dá pra descrever Numa linda frase De um postal tão doce Cuidado com doce São Paulo é um buquê Buquês são flores mortas Num lindo arranjo Arranjo lindo feito pra você Não existe amor em Sp Os bares estão cheios de almas tão vazias A ganância vibra, a vaidade excita Devolva minha vida e morra afogada em	Pop
1094	E eu não esqueço do que você disse Que tudo isso nunca vai passar Que eu já me perdi nesse caminho E que sozinho eu não vou encontrar Você me diz pra desistir, mas eu vou sempre conseguir Ouvir, falar, sentir, viver Você me diz pra esquecer tudo que eu deixei de viver No dia em que deixei você vencer Eu não quero mais nada da sua boca Eu não quero mais nada de você Eu não enxergo o que vê com seus olhos Eu vejo	Pop
1095	Assim como o sol ilumina a manhã o teu amor iluminou meu ser me resgatou de um mar de ilusões me mostrou o que é viver o meu foco vai além do que se possa imaginar minha vida quero te entregar meu coração aos teus pés derramar vou	Pop
1096	Medo de Viver ,medo; sem saber o porquê Controlando as emoções ,e esperando o fim A única certeza que resta pra mim . Levante-se e vá alem Não seja assim como eu O fim é certo ,mas contradiz a vida Qual será a sua melhor saída ,quem é que decide sobre a sua vida ? Qual será	Pop
1097	O que você está fazendo aqui? Não esperava te encontrar (mas eu vim..) Porque você sempre está em todo lugar que eu vou?! O que eu te fiz? Tive tudo planejado, não era minha intenção prejudicar ninguém (como você sabe?) A mim não cabe dizer, você tem que se explicar Joguei minha mão pra te salvar Relaxe então e aprenda a não errar Você sabe o quanto eu tentei Te explicar porque você errou Agora diz pra que se arrepender Porque o pior ainda está por vir Pegue na vida o que eu te preparei E finalmente alguém não estar bem Eu não sou.. (eu também nem poderia...) Seus olhos (olhar pra trás) Pra entender porque eu sangro.. Eu não	Pop
1098	"Não há mais o que dizer O sonho acabou São só lembranças De um amor que se apagou Nos meus olhos ""Lágrimas"" Por amar alguém que esteve ao meu lado e se foi ... VOLTA! Queria voltar no tempo só pra te dizer ""O meu coração chora"" VOLTA! E agora vejo que não mais ... (refrão 2x) E o sonho acabou O sonho acabou Queria voltar no tempo só pra te dizer Tentei te dizer Tudo"	Pop
1099	Muitas vezes estou sozinho Posso estar errado Num lugar escuro Num buraco sujo e frio Não quero mais sofrer Minha vida fica vazia O sentimento existe As piadas já não tem graça Transparentes em você Sorrisos falsos Feitos de plásticos E as lágrimas Já não existem mais E nunca mais seremos os mesmos Depois de tanto chorar Nossas vidas estão vazias E um sentimento já	Pop
1100	Os dias são tão iguais, o vento toca a janela Não sei se sou tão capaz de viver (de viver sem você) Sua indecisão (tentando aprender, seguir) Quase me matou, me matou (desistir nunca mais) Partiu meu mundo em dois (hoje espero você) E agora eu sei Essa me faz lembrar você Onde estiver, saiba que eu sempre estarei aqui Mesmo que o tempo te levar (te levar, te levar) Onde estiver, saiba que eu sempre estarei aqui Mesmo que o tempo te levar Tive que aceitar Mas me perco sem você Tive que	Pop
1101	Nunca mais A solidão se faz presente aqui Nunca mais O caos se fez, e a luz se foi Nunca mais A saudade arde e me afoga Nunca mais Se fez assim, esse é o fim Nunca mais Lembrar de mim toda vez que respirar Lembrar de mim se eu nunca mais voltar (se eu nunca mais voltar!) Entre as dores do mundo Me perco pra achar você Volto cada segundo Não consigo entender Será que eu posso mudar meu coração Sem sentir a vida escorrer em minhas mãos?? (minhas mãos!!!) Lembrar de mim toda vez que respirar Lembrar de mim se eu nunca	Pop
1102	"""não mais ter as minhas mãos queimadas não mais querer viver assim"" estupido fui em acreditar ""não mais explicar-te algo não mais o gosto amargo e gasto"" dia após dia e não vem você me dizer que tudo mudou porque sabemos que não é assim ""não mais desperdiçar minhas lagrimas não mais achar-me perdido "" no fundo eu fui um idiota ""não mais acreditar no nada não mais congelar o medo"" o meu erro foi amar demais tentei te trazer todas as flores roubadas"	Pop
1103	Pressinto a bala e o grito Resisti sem redenção Pra plebe o plebiscito Agonia sigo em vão Reclamo a minha parte Arte não é contravenção Só apanha quem não bate O que revolta é omissão (Porra) Porradaria todo dia (Chega) Tá na hora de enxergar (Porra) Violência gratuita (Chega) De curvar pra esperar Sabe lá o que nos resta Se for festa eu tenho pressa já Sabe la o que nos resta Se for festa eu quero me infestar Pressinto o novo risco Não implico de escolher Recarregar a alma Lutar até morrer Relevo a vida á toa Ressalvo a condição Não ser	Pop
1104	Depois que o sol voltar tentarei morrer por ti Pura ilusão Ficar sozinho [Eu choro e sangro por você Eu sofro, grito e você não vê Eu sinto meu peito secar Eu sei o fim já vai chegar!] Não, posso acreditar Como consegui Carregar você pro fim Só queria saber Se vamos... Só mais uma vez, eu queria você aqui Só mais uma vez, queria ter você em meus braços Espero te encontrar, numa próxima saída Não quis te perder... Agora é tarde! [Você sabe que eu	Pop
1105	Esqueça o que sabe de mim Você não sabe nada Se desculpar por tudo que falou Não vai mais nos salvar Desespero é pra quem fica aqui E não pra quem se vai Desespero é não poder mudar Você longe de mim Quando tudo terminar Pra onde você vai fugir Qual mentira vai contar Pra ficar longe de mim Não vai ser tudo igual outra vez Você vai me pedir desculpas Tentar me convencer E o desespero agora é pra quem vai Embora dessa	Pop
1106	Quem cai Nunca erra Duas vezes Nunca mais Não me diga O que fazer Duas vezes Nunca mais Seu retrato No meu	Pop
1107	Sangue! deixa o sangue escorrer em mim. Escorre, veneno, desejo, queimando a noite inteira. Até não mais poder. Até o sol nascer. Meu sangue, é seu, meu sangue. Seu sangue, é meu, seu sangue. O seu mais novo vício, Eu sou seu novo vício. Dançar! e é no pecado que eu sinto prazer. Você fica louca, com o mel na sua boca, Até a última gota. Até não	Pop
1108	Saudades que deixou aqui Dizendo que nunca mais iria ter um fim E a leve brisa cai sobre meu jardim E esse dia eu ligo, que meu grande amor se foi Na Primavera, Você veio me ligar pra dizer... Pensei que o tempo ia trazer Lembranças facéis que ficaram em seu olhar O seu Sorriso não me faz eu esquecer O	Pop
1109	O quanto eu te falei? Que isso vai mudar Motivo eu nunca dei Você me avisar, me ensinar Falar do que foi pra você Não vai me livrar de viver Quem é mais sentimental que eu? Eu disse e nem assim se pôde evitar De tanto eu te falar Você subverteu o que era um sentimento e assim Fez dele razão pra se perder No abismo que é pensar e sentir Ela é mais sentimental que eu Então fica	Pop
1110	Trataram meu caso com descaso Retrataram minha aflição e pânico de um jeito errado Deram o recado com bomba e trator Minha casa não tem sombra Agora é lixo, entulho, lágrima, pedra e terror Só eu sei? O inferno que ficou esse mundo aqui Só eu sei? Não importa o lugar, não há pra onde ir Fora do alcance da justiça A cobiça impera inerte, solene, constante, e soberana Mata! Desmata! No tapetão no tapa Paga o quanto pesa e leva grátis tua vida ingrata Só eu sei? O inferno que ficou esse mundo aqui Só eu sei? Não importa o lugar, não há pra onde ir Vencer e	Pop
1111	Só me diz, se é o que você sempre quis Se isso vai te fazer pensar Já que não pode me ajudar Deixa assim, deixa tudo só para mim Deixa eu ver no que vai dar Porque eu só quero é ser feliz Vou esperar por você em todo lugar Mesmo sabendo que não vai voltar Ilusão, me tirou da direção Não me deixa mais sonhar E me impede de chegar Veja bem: faça	Pop
1112	(cuspa seu ódio em mim) cuspa seu ódio em mim (não tenho culpa se o veneno ele não me mata mais) (seu mundo escroto) eu dou risada de ver (eu dou risada de ver que se foda se você não gostar) falta de caráter o teu sorriso a me enojar dou risada só em pensar (o quanto que eu te odeio) viver sobre pregos e sangue sobre venenos e traições sobre a sua vida (morra devagar para eu brindar) louvemos juntos toda a sua solidão (irei até no seu funeral) sentirei saudades em ver você sofrer (verei seu veneno te matar) uma só razão(para	Pop
1113	Não vejo você quando escondo o ódio em mim Em outros braços eu te encontrei Talvez a chuva carregue tudo que senti Não ter você, não ter você aqui Dizer que não foi fácil pra você Também não foi pra mim (não	Pop
1114	Queria poder te dizer Nem sempre é possível consertar tudo que eu fiz Sei que é difícil ter que admitir que errei Eu só sei que eu faria tudo outra vez E Eu fiquei te esperando aqui até o dia amanhecer (Eu faria tudo outra vez) Tá na hora de decidir se vai ou quer ficar (Eu faria tudo outra vez) Se eu fui embora algum dia foi só pra te proteger (Eu faria tudo outra vez) Vê se volta pra casa eu quero te ver Nem sempre eu quis aceitar O que eu fiz foi escolher pra onde ir sem saber onde andar Eu já me perdi quase não consigo mais voltar E eu só sei que eu faria tudo	Pop
1115	Chegou a hora e eu não vou correr Não tenho medo pra te entregar Minha amnésia apagou você E Agora é minha vez de te falar Eu não vou acreditar no que você me diz (eu não vou!) No que inventa para ser feliz (eu não vou!) Nesse seu mundo que vai te matar (eu não vou!) Eu cansei, (cansei) Eu não consigo esperar você (você) Eu paguei caro para te esquecer (esquecer) De todos planos eu já desisti (WHOOAAHH!) Deixei pra trás tudo que consegui Na minha vida não vai mais entrar (entrar) Na sua vida não vou mais passar (passar) E se você tentar	Pop
1116	"Verdades Coração que já não aquece mais Sentimentos E uma chama que nunca se desfaz Nos seus olhos a luz brilhou Mais uma vez E me fez entender O que é amar Se ainda ouço a chuva cair é algo que me faz lembrar Que eu não posso estar sem você Me diz que a chama não vai se apagar Que a nossa música ainda toca aqui Nos nossos sonhos, sei que vão levar E o seu abraço sempre a me cobrir.. E ainda vou chorar ""LÁGRIMAS"" Em olhar pra voce E dizer que te amo ""LÁGRIMAS"" Ou não Mais uma vez, eu vou ficar aqui pra ver a chuva cair lembrar"	Pop
1117	Eu vou me libertar de você Eu vou tentar mudar. de você Vou viver nem que seja na dor Eu vou acordar e às velas queimam em meu nome Viver a dor (e eu vou viver a dor) Viver a dor (não mais, não mais, não mais, não mais!) Viver a dor (e eu vou viver na dor) Viver a dor (não mais, não mais, não mais, não mais!) - não é tão facil assim. - você acha que pra min também não é dificil? - eu sei mas.. - pra min não é nada facil! - mas eu nunca quis que fosse assim - então foi eu que quis! - eu também não disse isso. - você sempre se comporta assim. quando às coisas não estão bem você sempre foge. - eu não tô fugindo! - tem certeza!? - eu nunca	Pop
1118	Além do olhar, se esconde a preocupação Num infinito de questões, achar uma resposta Me leve desse lugar Me leve desse lugar Voa, liberta esse medo da vida Voa, a gente ainda vai se encontrar Quantas vezes eu pedi pro céu Um pouco mais de piedade Plantar o sonho e ver	Pop
1119	intro/verso: ... ... . e|---------------------------0--------------------------------0--------------| B|-------------------------0-0------------------------------0-0--------------| G|--4--4--4---2--2--2------1-1--4---4-4----4--4-4--2-2-2----1-1--4---4-4-----| D|--4--4--4---2--2--2---2--2-2--4---4-4----4--4-4--2-2-2--2-2-2--4---4-4-----| A|--2--2--2---0--0--0---2-------2---2-2----2--2-2--0-0-0--2------2---2-2-----| E|----------------------0---------------------------------0------------------| REFRÃO: e|---------------------------------------------------------------------------|	Pop
1120	Difícil saber como não pude ver você sempre ao meu lado eu andava só mas é bem melhor com você sempre ao meu lado Refrão: É mais do que parece preciso dizer eu nunca encontrei alguém que possa me entender como você Eu procurei tão bem mas não há ninguém como você e no seu olhar eu fui encontrar o que	Pop
1121	Na na na na na na na na é Você é a música em mim Se era uma vez faz você lembrar Uma história conhecida É um sonho para realizar Seguir em frente felizes para sempre É harmonia da melodia Na minha mente ecoando Uma voz (uma voz) cantando em nós Não dá para resistir Hum é isso aí Escuto uma só canção Na mesma vibração Pois você é a música em mim È o som do meu bem querer Me trouxe aqui porque Você é a música em mim Na na na na na na na na é Você é a música em mim Parecia te conhecer Antes mesmo do primeiro encontro Dizendo coisas que jamais Disse antes Foi só te ver e pronto Mais que eu você me	Pop
1122	Troy, Escuta, Eu não sei como te falar, tá tão difícil continuar eu sei, não adianta mais tentar, a gente planeja a vida vem e o plano se desfaz eu nem sei dizer, mas agora eu vou até o fim você vai ficar bem (refrão) Preciso seguir e ser quem eu sou não dá mais pra fingir que o tempo não passou talvez ainda exista um lugar pra nós mas agora eu vou vou ser do jeito que eu sou Não vou dizer que nunca mais eu tenho sonhos e	Pop
1123	Difícil saber como não pude ver você sempre ao meu lado eu andava só mas é bem melhor com você sempre ao meu lado Refrão: É mais do que parece preciso dizer eu nunca encontrei alguém que possa me entender como você Eu procurei tão bem mas não há ninguém como você e no seu olhar eu fui encontrar o que	Pop
1124	Na na na na na na na na é Você é a música em mim Se era uma vez faz você lembrar Uma história conhecida É um sonho para realizar Seguir em frente felizes para sempre É harmonia da melodia Na minha mente ecoando Uma voz (uma voz) cantando em nós Não dá para resistir Hum é isso aí Escuto uma só canção Na mesma vibração Pois você é a música em mim È o som do meu bem querer Me trouxe aqui porque Você é a música em mim Na na na na na na na na é Você é a música em mim Parecia te conhecer Antes mesmo do primeiro encontro Dizendo coisas que jamais Disse antes Foi só te ver e pronto Mais que eu você me	Pop
1125	Troy, Escuta, Eu não sei como te falar, tá tão difícil continuar eu sei, não adianta mais tentar, a gente planeja a vida vem e o plano se desfaz eu nem sei dizer, mas agora eu vou até o fim você vai ficar bem (refrão) Preciso seguir e ser quem eu sou não dá mais pra fingir que o tempo não passou talvez ainda exista um lugar pra nós mas agora eu vou vou ser do jeito que eu sou Não vou dizer que nunca mais eu tenho sonhos e	Pop
1126	Quem te ver passar assim por mim não sabe o que é sofrer Ter que ver você assim sempre tão linda Contemplar o sol do teu olhar, perder você no ar Na certeza de um amor Me achar um nada Pois, sem ter teu carinho eu me sinto sozinho Eu me afogo em solidão Oh, Anna Julia Oh, Anna Julia Nunca acreditei na ilusão de ter você pra mim Me atormenta a previsão do nosso destino Eu passando o dia a te esperar,	Pop
1127	Posso ouvir o vento passar Assistir a onda bater Mas o estrago que faz A vida é curta pra ver Eu pensei que quando eu morrer Vou acordar para o tempo E para o tempo parar Um século, um mês Três vidas e mais Um passo pra trás? Por que será? ... Vou pensar Como pode alguém sonhar O que é impossível saber Não te dizer o que eu penso Já é pensar em dizer Isso eu vi, o vento leva! Não sei mas sinto que é como sonhar	Pop
1128	Eu encontrei-a quando não quis Mais procurar o meu amor E o quanto levou foi pra eu merecer Antes um mês e eu já não sei E até quem me vê lendo jornal Na fila do pão sabe que eu te encontrei E ninguém dirá Que é tarde demais Que é tão diferente assim Do nosso amor A gente é quem sabe, pequena Ah, vai me diz o que é o sufoco que eu te mostro alguém A fim de te acompanhar E se o caso for de ir à praia Eu levo essa casa numa sacola.. Eu encontrei-a	Pop
1129	É morena tá tudo bem Sereno é quem tem A paz de estar em par com Deus Pode rir agora Que o fio da maldade se enrola Pra nós todo o amor do mundo Pra eles o outro lado Eu digo mal me quer Ninguém escapa o peso de viver assim Ser assim, eu	Pop
1130	Moça, olha só o que eu te escrevi É preciso força pra sonhar e perceber Que a estrada vai além do que se vê Sei que a tua solidão me dói E que é difícil ser feliz Mais do que somos todos nós Você supõe o céu Sei que o vento que entortou a flor Passou também por nosso lar E foi você quem desviou Com golpes de pincel Eu sei, é o amor que ninguém mais vê Deixa eu ver a moça Toma o teu, voa	Pop
1131	O quanto eu te falei que isso vai mudar Motivo eu nunca dei... Você me avisar, me ensinar, falar do que foi pra você, não vai me livrar de viver ! Quem é mais sentimental que eu?! Eu disse e nem assim se pôde evitar... De tanto eu te falar, você subverteu o que era um sentimento e assim fez dele razão... pra se perder no abismo que é pensar e sentir Ela é mais sentimental que eu!	Pop
1132	Olha lá quem vem do lado oposto e vem sem gosto de viver Olha lá que os bravos são escravos sãos e salvos de sofrer Olha lá quem acha que perder é ser menor na vida Olha lá quem sempre quer vitória e perde a glória de chorar Eu que já não quero mais ser um vencedor, levo a vida devagar	Pop
1133	Deixo tudo assim não me importo em ver a idade em mim ouço o que convém eu gosto é do gasto sei do incômodo e ela tem razão quando vem dizer que eu preciso sim de todo o cuidado e se eu fosse o primeiro a voltar pra mudar o que eu fiz quem então agora eu seria ahh tanto faz e o que não foi não é eu sei que ainda vou voltar mas eu quem será? deixo tudo assim nao me acanho em ver vaidade em mim eu digo o que condiz	Pop
1134	Quis nunca te perder Tanto que demais Via em tudo céu Fiz de tudo cais Dei-te pra ancorar Doces deletérios E quis ter os pés no chão Tanto eu abri mão Que hoje eu entendi Sonho não se dá é botão de flor O sabor de fel é de cortar Eu sei é um doce te amar O amargo é querer-te pra mim Do que eu preciso é lembrar, me ver Antes de te ter e de ser teu, muito bem Quis nunca te ganhar Tanto que forjei Asas nos teus pés Ondas pra levar Deixo desvendar Todos os mistérios	Pop
1135	Abre os teus armários eu estou a te esperar Para ver deitar o sol sobre os teus braços castos Cobre a culpa vã .. até amanhã eu vou ficar E fazer do teu sorriso um abrigo. Canta que é no canto que eu vou chegar Canta o teu encanto que é pra me encantar Canta para mim, qualquer coisa assim sobre você Que explique a minha paz, tristeza	Pop
1136	Ouvi dizer do teu olhar ao ver a flor Não sei por que achou ser de um outro rapaz Foi capaz de se entregar Eu fiz de tudo pra ganhar você pra mim Mas mesmo assim... Minha flor serviu pra que você achasse alguém Um outro alguém que me tomou o seu	Pop
1137	Veja bem, meu bem Sinto te informar que arranjei alguém pra me confortar. Este alguém está quando você sai E eu só posso crer, pois sem ter você nestes braços tais. Veja bem, amor. Onde está você? Somos no papel, mas não no viver. Viajar sem mim, me deixar assim. Tive que arranjar alguém pra passar os dias ruins.	Pop
1138	Todo dia um ninguém José acorda já deitado Todo dia, ainda de pé, o Zé dorme acordado Todo dia o dia não quer raiar o sol do dia Toda trilha é andada com a fé de quem crê no ditado De que o dia insiste em nascer Mas o dia insiste em nascer pra ver deitar o novo Toda rosa é rosa porque assim ela é chamada Toda bossa é nova e você não liga se é usada Todo o carnaval tem seu fim Todo o carnaval tem seu fim E é o fim E é o fim Deixa eu brincar de ser feliz, deixa eu pintar o meu nariz ! Deixa eu brincar de ser feliz, deixa	Pop
1139	Quem bater primeiro a dobra do mar Dá de lá bandeira qualquer, aponta pra fé E rema É, pode ser que a maré não vire Pode ser do vento vir contra o cais E se já não sinto	Pop
1140	Iaiá, se eu peco é na vontade de ter um amor de verdade Pois é que assim em ti eu me atirei e fui te encontrar pra ver que eu me enganei... Depois de ter vivido o óbvio utópico, te beijar, e de ter brincado sobre a sinceridade e dizer quase tudo quanto fosse natural... Eu fui pra aí te ver, te dizer: Deixa ser, como será! Quando a gente se encontrar No pé, o céu de um parque a nos testemunhar... Deixa ser como será! Eu vou sem me preocupar. E crer pra ver o quanto eu posso adivinhar... De	Pop
1141	De onde vem a calma daquele cara ? Ele não sabe ser melhor, viu? Como não entende de ser valente ele não sabe ser mais viril Ele não sabe não, viu? Às vezes dá como um frio É o mundo que anda hostil O mundo todo é hostil De onde vem o jeito tão sem defeito que esse rapaz consegue fingir? Olha esse sorriso tão	Pop
1142	- Veja você onde é que o barco foi desaguar - A gente só queria um amor - Deus parece às vezes se esquecer - Ai, não fala isso por favor Esse é so o começo do fim da nossa vida Deixa chegar o sonho Prepara uma avenida Que a gente vai passar - Veja você, quando é que tudo foi desabar - A gente corre pra se esconder E se amar se amar até o fim Sem saber que o fim já vai chegar Refrão Deixa o moço bater Que eu cansei da nossa fuga Já	Pop
1143	Primavera se foi E com ela meu amor Quem me dera poder Consertar tudo o que eu fiz O perfume que andava Com o vento pelo ar Primavera soprando Um caminho Mais feliz Mais feliz Pois a rosa Que se esconde No cabelo mais bonito É um grito, quase um mito Uma prova De amor! Primavera se foi E com ela essa dor Se alojou no meu peito Devagar A certeza do amor Não me deixa Nunca mais Primavera brilhando	Pop
1144	Olha só, que cara estranho que chegou Parece não achar lugar No corpo em que Deus lhe encarnou Tropeça a cada quarteirão Não mede a força que já tem Exibe à frente o coração Que não divide com ninguém Tem tudo sempre às suas mãos Mas leva a cruz um pouco além Talhando feito um artesão A imagem de um rapaz de bem Olha ali quem tá pedindo aprovação Não sabe nem pra onde ir Se alguém não aponta a direção Periga nunca se encontrar	Pop
1145	Ligue, ligue, ligue, ligue, ligue para mim! Diga, diga, diga, diga, diga que me ama que eu não vou mais implorar. Se quer saber, deixa estar. Digo que não ligo mas não vivo sem você. Eu falo não me calo. Tiro sarro só pra ver se eu consigo despertar o seu amor. Deixa estar. Eu sei que na verdade eu não consigo entender o nosso amor. Que teu silêncio fala alto no meu peito e que nós dois estamos juntos na distância. Discrepância do destino! Ziguezagueando zonzo de te	Pop
1146	Eu quero a sina de um artista de cinema Eu quero a cena onde eu possa brilhar Um brilho intenso, um desejo, eu quero um beijo Um beijo imenso, onde eu possa me afogar Eu quero ser o matador das cinco estrelas Eu quero ser o Bruce Lee do Maranhão A Patativa do Norte, eu quero a sorte Eu quero a sorte de um chofer de caminhão Pra me danar por essa estrada, mundo afora, ir embora Sem sair do meu lugar Pra me danar, por essa estrada, mundo afora, ir embora Sem sair do meu lugar Ser o primeiro, ser o rei, eu quero um sonho Moça donzela, mulher,dama, ilusão Na minha vida tudo vira brincadeira A matina é verdadeira, domingo e televisão Eu quero um beijo de cinema americano Fechar os olhos fugir do perigo Matar bandido, prender ladrão A minha vida vai virar novela Eu quero amor, eu quero amar Eu quero o amor de Lisbela Eu quero o mar e o sertão Eu quero amor, eu quero amar Eu quero o amor de Lisbela Eu quero o mar e o sertão	Pop
1147	Senta aqui que hoje eu quero te falar não tem mistério não é só teu coração que não te deixa amar você precisa reagir não se entregar assim como quem nada quer não há mulher irmão que goste dessa vida ela não quer viver as coisas por você me diz cadê você aí e aí não há sequer um par pra dividir senta aqui espera	Pop
1148	Quem sabe o que é ter e perder alguém? Quem sabe o que é ter e perder alguém? Quem sabe o que é ter e perder alguém? Sente a dor que eu senti Quem sabe o que é ver quem se quer partir E não ter pra onde ir Faz tanta falta o teu amor... Te esperar... Não	Pop
1149	Adeus você. Eu hoje vou pro lado de lá. Eu tô levando tudo de mim que é pra não ter razão pra chorar. Vê se te alimenta e não pensa que eu fui por não te amar. Cuida do teu pra que ninguém te jogue no chão. Procure dividir-se em alguém, procure-me em qualquer confusão. Levanta e te sustenta e não pensa que eu fui por não te amar. Quero ver você maior, meu bem. Pra que	Pop
1150	Paz, eu quero paz Já me cansei de ser a ultima a saber de ti Se todo mundo sabe quem te faz Chegar mais tarde Eu já cansei de imaginar você com ela Diz pra mim Se vale a pena amor A gente ria tanto desses nossos desencontros Mas você passou do	Pop
1151	Ouvi dizer do teu olhar ao ver a flor Não sei por que achou ser de um outro rapaz Foi capaz de se entregar Eu fiz de tudo pra ganhar você pra mim Mas mesmo assim... Minha flor serviu pra que você achasse alguém Um outro alguém que me tomou o seu	Pop
1152	Paz, eu quero paz Já me cansei de ser a ultima a saber de ti Se todo mundo sabe quem te faz Chegar mais tarde Eu já cansei de imaginar você com ela Diz pra mim Se vale a pena amor A gente ria tanto desses nossos desencontros Mas você passou do	Pop
1153	Se você vier me perguntar por onde andei No tempo em que você sonhava De olhos abertos lhe direi Amigo eu me desesperava Sei que assim falando pensas Que esse desespero é moda em 73 Mas ando mesmo descontente Desesperadamente eu grito em português Tenho 25 anos de	Pop
1154	Adeus você. Eu hoje vou pro lado de lá. Eu tô levando tudo de mim que é pra não ter razão pra chorar. Vê se te alimenta e não pensa que eu fui por não te amar. Cuida do teu pra que ninguém te jogue no chão. Procure dividir-se em alguém, procure-me em qualquer confusão. Levanta e te sustenta e não pensa que eu fui por não te amar. Quero ver você maior, meu bem. Pra que	Pop
1155	Uma menina me ensinou Quase tudo que eu sei Era quase escravidão Mas ela me tratava como um rei Ela fazia muitos planos Eu só queria estar ali Sempre ao lado dela Eu não tinha aonde ir Mas, egoísta que eu sou, Me esqueci de ajudar A ela como ela me ajudou E não quis me separar Ela também estava perdida E por isso se agarrava a mim também E eu me agarrava a ela Porque eu não tinha mais ninguém E eu dizia: -	Pop
1156	Moça, olha só o que eu te escrevi É preciso força pra sonhar e perceber Que a estrada vai além do que se vê Sei que a tua solidão me dói E que é difícil ser feliz Mais do que somos todos nós Você supõe o céu Sei que o vento que entortou a flor Passou também por nosso lar E foi você quem desviou Com golpes de pincel Eu sei, é o amor que ninguém mais vê Deixa eu ver a moça Toma o teu, voa	Pop
1157	Oh minha menina és de tudo que mais belo existe Ver tua beleza é esquecer tudo que há de triste Tua presença Aline é tão sublime quanto o mar e o ar Estar sempre ao teu lado é ser amado e ter pra sempre o teu Olhar que faz meu bem querer, sustenta meu amor Que faz com que a cada dia eu te ame mais... Sei que a tua boca já beijou a outra que	Pop
1158	Quem te ver passar assim por mim não sabe o que é sofrer Ter que ver você assim sempre tão linda Contemplar o sol do teu olhar, perder você no ar Na certeza de um amor Me achar um nada Pois, sem ter teu carinho eu me sinto sozinho Eu me afogo em solidão Oh, Anna Julia Oh, Anna Julia Nunca acreditei na ilusão de ter você pra mim Me atormenta a previsão do nosso destino Eu passando o dia a te esperar,	Pop
1159	Assim que quer, assim será, eu vou pra não voltar Toma este anel, que é pra anular o céu, o sol e o mar Eu não queria ir assim Tão triste, triste... Vem dizer adeus ao que restou de quem um dia foi feliz. Há de encontrar um encantador, um novo ou velho amor Vai te levar leve a vagar prum lar de fina-flor e você vai ser mais	Pop
1160	Tire esse azedume do meu peito E com respeito trate minha dor Se hoje sem você eu sofro tanto Tens no meu pranto a certeza de um amor, Sei que um dia a rosa da amargura Fenecerá em razão de um sorriso teu Então, a usura que um dia sufocou minha alegria há de ser o que morreu Então, a usura que um dia sufocou minha alegria há de ser o que morreu Dai-me outro	Pop
1161	Há muito uma menina vem maltratando o coração de um amigo meu Eu acho que ela também já chorou mas também acho que já se esqueceu Por que pisar num coração que ama e deixar ele sozinho Sabendo que sua vida mais que tudo necessita de carinho? Então eu imploro Oh Bárbara Não maltrate meu amigo Pois eu sei que seu coração só pensa em Bárbara não maltrate meu amigo pois eu sei que seu coração só pensa	Pop
1162	Bom dia, Olha as flores que eu trouxe pra você, amor São pra comemorar aquele dia Que passei a viver do teu lado Eu me lembro, entre nós não havia quase nada. E agora é só você que me faz cantar É só você que me faz cantar Havia Mil motivos pra eu não estar	Pop
1163	Cadê teu repi Quem é teu padri Onde é que tu to Cadê teu suin Guitarra não po Desista mole Quem é que te indi Cadê teu suin Com que sobreno Melhor ir sain Dou nem mais minu Tô nem mais Ainda tem a cora Gentinha atrevi Da cá sua vi Da cá seu suin Guilhotina? Eu que controlo o meu guidom Com	Pop
1164	Olha só, que cara estranho que chegou Parece não achar lugar No corpo em que Deus lhe encarnou Tropeça a cada quarteirão Não mede a força que já tem Exibe à frente o coração Que não divide com ninguém Tem tudo sempre às suas mãos Mas leva a cruz um pouco além Talhando feito um artesão A imagem de um rapaz de bem Olha ali quem tá pedindo aprovação Não sabe nem pra onde ir Se alguém não aponta a direção Periga nunca se encontrar	Pop
1165	Abre os teus armários eu estou a te esperar Para ver deitar o sol sobre os teus braços castos Cobre a culpa vã .. até amanhã eu vou ficar E fazer do teu sorriso um abrigo. Canta que é no canto que eu vou chegar Canta o teu encanto que é pra me encantar Canta para mim, qualquer coisa assim sobre você Que explique a minha paz, tristeza	Pop
1166	Eu quero levar uma vida moderninha Deixar minha menininha sair sozinha Não ser machista e não bancar o possessivo Ser mais seguro e não ser tão impulsivo Mas eu me mordo de ciúme Mas eu me mordo de ciúme Meu bem me deixa sempre muito à vontade Ela me diz que é muito bom ter liberdade Que não há mal nenhum em ter outra amizade E que brigar por isso	Pop
1167	Quis nunca te perder Tanto que demais Via em tudo céu Fiz de tudo cais Dei-te pra ancorar Doces deletérios E quis ter os pés no chão Tanto eu abri mão Que hoje eu entendi Sonho não se dá é botão de flor O sabor de fel é de cortar Eu sei é um doce te amar O amargo é querer-te pra mim Do que eu preciso é lembrar, me ver Antes de te ter e de ser teu, muito bem Quis nunca te ganhar Tanto que forjei Asas nos teus pés Ondas pra levar Deixo desvendar Todos os mistérios	Pop
1168	- Veja você onde é que o barco foi desaguar - A gente só queria um amor - Deus parece às vezes se esquecer - Ai, não fala isso por favor Esse é so o começo do fim da nossa vida Deixa chegar o sonho Prepara uma avenida Que a gente vai passar - Veja você, quando é que tudo foi desabar - A gente corre pra se esconder E se amar se amar até o fim Sem saber que o fim já vai chegar Refrão Deixa o moço bater Que eu cansei da nossa fuga Já	Pop
1169	De onde vem a calma daquele cara ? Ele não sabe ser melhor, viu? Como não entende de ser valente ele não sabe ser mais viril Ele não sabe não, viu? Às vezes dá como um frio É o mundo que anda hostil O mundo todo é hostil De onde vem o jeito tão sem defeito que esse rapaz consegue fingir? Olha esse sorriso tão	Pop
1170	Ligue, ligue, ligue, ligue, ligue para mim! Diga, diga, diga, diga, diga que me ama que eu não vou mais implorar. Se quer saber, deixa estar. Digo que não ligo mas não vivo sem você. Eu falo não me calo. Tiro sarro só pra ver se eu consigo despertar o seu amor. Deixa estar. Eu sei que na verdade eu não consigo entender o nosso amor. Que teu silêncio fala alto no meu peito e que nós dois estamos juntos na distância. Discrepância do destino! Ziguezagueando zonzo de te	Pop
1171	Deixa eu decidir se é cedo ou tarde, espere eu considerar, ver se eu vou assim chique-à-vontade, Igual o tom do lugar. Enquanto eu penso você sugeriu um bom motivo pra tudo atrasar. E ainda é cedo pra lá, chegando às seis tá bom demais! Deixa o verão pra mais tarde... Uh ah ãã aeãeã 4x Não tô muito afim	Pop
1172	Tom: Am Intro: Am Am Dm Desce do trono, rainha E Am Desce do seu pedestal Am Dm De que te vale a riqueza sozinha E Am Enquanto é carnaval Am Dm Desce do sono, princesa E Am deixa o seu cetro rolar Am Dm De que adianta haver tanta beleza E Am Se não se pode tocar? Am	Pop
1173	Sai, que já não te quero mais Sai, porque hoje eu descobri Que posso viver sem ti Que posso viver em paz Muito bem sem teu amor Sai, porque agora eu sou Um homem bem mais feliz Um homem bem mais feliz Vai,que hoje a lágrima não cai Sei agora o mal que faz Dar amor a quem	Pop
1174	Abre essa porta Que direito você tem De me privar Desse castelo que eu construí Pra te guardar de todo mal Desse universo que eu desenhei pra nós Pra nós Abre essa porta Não se faz de morta Diz o que é que foi Já que eu armei Tudo pra ti Já que eu cerquei Tudo ao redor Abre essa porta Vai por favor Que eu sou teu homem vil Que eu sou teu homem vil Cala essa boca Que	Pop
1175	Fiz aquele anúncio e ninguém viu Pus em quase todo lugar A foto mais bonita que eu fiz Você olhando pra mim Alto aqui do sétimo andar Longe eu via você A luz desperdiçada de manhã No copo de café Deus sabe o que eu quis foi te proteger Do perigo maior que é você E eu sei que parece o que não se diz Pro seu caso é o tempo passar (Quem fala é o doutor)	Pop
1176	Quem bater primeiro a dobra do mar Dá de lá bandeira qualquer, aponta pra fé E rema É, pode ser que a maré não vire Pode ser do vento vir contra o cais E se já não sinto	Pop
1177	É de lágrima Que faço o mar pra navegar Vamos lá Eu não vi, não, final! Sei que o daqui Teimou de vir Tenaz assim Feito passarim	Pop
1178	EU ANDO PELO MUNDO PRESTANDO ATENÇÃO EM CORES QUE EU NÃO SEI O NOME CORES DE ALMODÓVAR CORES DE FRIDA KAHLO, CORES PASSEIO PELO ESCURO EU PRESTO MUITA ATENÇÃO NO QUE MEU IRMÃO OUVE E COMO UMA SEGUNDA PELE, UM CALO, UMA CASCA, UMA CÁPSULA PROTETORA EU QUERO CHEGAR ANTES PRA SINALIZAR O ESTAR DE CADA COISA FILTRAR SEUS GRAUS EU ANDO PELO MUNDO DIVERTINDO GENTE CHORANDO AO TELEFONE E VENDO DOER A FOME NOS MENINOS QUE TÊM FOME PELA JANELA DO QUARTO PELA JANELA DO CARRO PELA TELA, PELA JANELA (QUEM É ELA, QUEM É ELA?) EU VEJO TUDO ENQUADRADO REMOTO CONTROLE EU ANDO PELO	Pop
1179	Fez-se mar, senhora o meu penar Demora não, demora não. Vai ver, o acaso entregou alguém pra lhe dizer O que qualquer dirá Parece que o amor chegou aí Parece que o amor chegou aí Eu não estava lá, mas eu vi Eu não estava lá, mas eu vi Clareira no tempo Cadeia das horas Eu meço no vento O passo de agora E o próximo instante, eu sei, é quase lá Peço	Pop
1180	Hoje eu quis brincar de ter ciúme de você Mas sem porquê meu coração me avisou que não Fingi na hora rir Talvez por aqui estar tão longe de você pra te dizer. Aquilo que eu temia aconteceu ou foi só ilusão? Você manchou nós dois e desbotou a cor de um só coração Ou anda sozinha, me esperando pra dizer coisas de amor? Pois eu, eu só penso em você Já não sei mais por que Em ti eu consigo encontrar um caminho, um motivo, um lugar pra eu poder repousar meu	Pop
1181	Ói nós aqui, Ói nós aqui, Hollywood fica ali bem perto, só não vê quem tem um olho aberto Ói nós aqui, Ói nós aqui, Hollywood é um sonho de cenário, Vi um pau-de-arara milionário E eu que nem sonhava conhecer o tal Recife, Pobre saltimbanco trapalhão. Hoje sou mocinho, sou vizinho do xerife, dou rabo-de-arraia em tubarão Ói nós aqui, Ói nós aqui, Tem de tudo nessa Hollywood, Vi um índio cheio de saúde Ói nós aqui, Ói nós aqui,	Pop
1182	Por onde vou guiar O olhar que não enxerga mais Dá-me luz, ó deus do tempo (2x) Nesse momento menor Pr'eu saber seu redor A gente quer ver Horizonte distante A gente quer ver Horizonte distante Aprumar Através eu vi Só o amor	Pop
1183	Los Hermanos - Lágrimas Sofridas Ó, minha menina bonitinha eu te dei Todo o meu carinho meu aninho eu te dei Verdes, campos, flores, amarelos, furta cor Dei a primavera, os sete mares, meu amor Refrão: Lágrimas sofridas e feridas do meu peito dei minha palavra, minha honra, meu respeito Todas as verdades e olhares que podia é com qual coragem que você me repudia? Ó, minha menina bonitinha, eu te dei Vida de princesa, realeza, eu te dei No meu ombro	Pop
1184	Perceber aquilo que se tem de bom no viver é um dom, daqui não eu vivo a vida na ilusão entre o chão e os ares vou sonhando em outros ares vou fingindo ser o que eu já sou fingindo ser o que eu já sou	Pop
1185	Eu quero a sina de um artista de cinema Eu quero a cena onde eu possa brilhar Um brilho intenso, um desejo, eu quero um beijo Um beijo imenso, onde eu possa me afogar Eu quero ser o matador das cinco estrelas Eu quero ser o Bruce Lee do Maranhão A Patativa do Norte, eu quero a sorte Eu quero a sorte de um chofer de caminhão Pra me danar por essa estrada, mundo afora, ir embora Sem sair do meu lugar Pra me danar, por essa estrada, mundo afora, ir embora Sem sair do meu lugar Ser o primeiro, ser o rei, eu quero um sonho Moça donzela, mulher,dama, ilusão Na minha vida tudo vira brincadeira A matina é verdadeira, domingo e televisão Eu quero um beijo de cinema americano Fechar os olhos fugir do perigo Matar bandido, prender ladrão A minha vida vai virar novela Eu quero amor, eu quero amar Eu quero o amor de Lisbela Eu quero o mar e o sertão Eu quero amor, eu quero amar Eu quero o amor de Lisbela Eu quero o mar e o sertão	Pop
1186	"Mais uma Canção (Los Hermanos) Nada vai mudar entre nós Como eu sei? Eu só sei. Tudo vai permanecer igual Afinal, Não há nada a fazer. Eu não nego Eu me entrego Você é meu grande amor E hoje eu vou te dizer ""eu te amo"" Eu imploro Eu te adoro Você tem meu coração A bater pra você Mais"	Pop
1187	Máscara Negra Los Hermanos Composição: Zé Keti Quanto riso, ah, quanta alegria Mais de mil palhaços no salão O Arlequim está chorando pelo amor da Colombina No meio da multidão Foi bom te ver outra vez Ta fazendo um ano	Pop
1188	Melissa premissa de vida Amiga atiça o amor Melissa cobiça esquecida Castiga meu peito de dor Eu sofro o dobro o mundo Mas num segundo ganho a paz Pois teu sorriso mudo Pra mim é tudo e nada mais Melissa avisa ao meu peito Despeito de ti nunca mais Meu beijo é teu por direito Pra	Pop
1189	É morena tá tudo bem Sereno é quem tem A paz de estar em par com Deus Pode rir agora Que o fio da maldade se enrola Pra nós todo o amor do mundo Pra eles o outro lado Eu digo mal me quer Ninguém escapa o peso de viver assim Ser assim, eu	Pop
1190	Nada parece tão só quando estás aqui pra me dar seu amor Quando estás aqui pra me dar seu desejo Meu bem você traz o mundo aos meus pés, mundo aos meus pés És a rosa que brilha no sol És estrela de luz sobre o ar És o amor de mais pura emoção És verdade entre o céu e o mar E o mar	Pop
1191	Eu cansei de ser assim Não posso mais levar Se tudo é tão ruim por onde eu devo ir? A vida vai seguir, Ninguém vai reparar Aqui nesse lugar eu acho que acabou, Mas vou cantar Pra não cair fingindo ser Alguém que vive assim De bem Eu	Pop
1192	Olho para a chuva que não quer cessar Nela vejo meu amor Essa chuva ingrata que não vai parar Pra aliviar minha dor Eu sei que o meu amor pra muito longe foi Numa chuva que caiu Oh gente por favor pra ela vá contar Que o meu coração se partiu Chuva traga o meu benzinho Pois preciso de carinho Diga a ela pra não me deixar triste assim O ritmo dos pingos ao cair no chão Só me deixa relembrar Tomara que eu não fique a esperar	Pop
1193	Deixo tudo assim não me importo em ver a idade em mim ouço o que convém eu gosto é do gasto sei do incômodo e ela tem razão quando vem dizer que eu preciso sim de todo o cuidado e se eu fosse o primeiro a voltar pra mudar o que eu fiz quem então agora eu seria ahh tanto faz e o que não foi não é eu sei que ainda vou voltar mas eu quem será? deixo tudo assim nao me acanho em ver vaidade em mim eu digo o que condiz	Pop
1194	Olha lá quem vem do lado oposto e vem sem gosto de viver Olha lá que os bravos são escravos sãos e salvos de sofrer Olha lá quem acha que perder é ser menor na vida Olha lá quem sempre quer vitória e perde a glória de chorar Eu que já não quero mais ser um vencedor, levo a vida devagar	Pop
1195	Posso ouvir o vento passar Assistir a onda bater Mas o estrago que faz A vida é curta pra ver Eu pensei que quando eu morrer Vou acordar para o tempo E para o tempo parar Um século, um mês Três vidas e mais Um passo pra trás? Por que será? ... Vou pensar Como pode alguém sonhar O que é impossível saber Não te dizer o que eu penso Já é pensar em dizer Isso eu vi, o vento leva! Não sei mas sinto que é como sonhar	Pop
1196	Eu descobri um mundo teu e ele é manso Sem perceber fui em paz e só me dei conta Quando eu te vi e perguntei como é que vai você -Tudo bem? Falta entender o que me	Pop
1197	Eu aflito e só Confuso sem você por aqui Assim eu sonhei Mas isso eu não quis Que diferença o dia se fez Assim Há um conflito um nó Eu difuso enfim Os pássaros vêm Me levar aí Visitar o céu E pra ver você levantando o véu Pra mim Mas eles só me vem	Pop
1198	Não dá mais pra mim pra eu poder viver aqui sem ter a ti, não dava pra prever que eu não ia mais te ter, não dava pra saber que ia me deixar, me trocar por	Pop
1199	Ah, se eu aguento ouvir outro não quem sabe um talvez ou um sim eu mereça enfim. É que eu já sei de cor qual o quê dos quais e poréns dos afins pense bem ou não pense assim! Eu zanguei numa cisma, eu sei tanta birra é pirraça e só que essa teima era eu, não vi e hesitei, fiz o pior do amor amuleto o que eu fiz? deixei por aí... descuidei, dele quase	Pop
1200	Deus, por onde você foi? Cansei de procurar Não posso mais ficar Com o pouco que sobrou Carrego o seu amor Até não conseguir Mas hoje eu me senti Dobrando devagar Tentei chorar por seu perdão Mas não ouvi sinal Será que isso é normal? Deus, proteja o filho	Pop
1201	O Pierrot apaixonado chora pelo amor da Colombina E é sua sina chorar na ilusão em vão, em vão E a Colombina só quer um amor Que não encontra num braço qualquer Essa menina não quer mais saber de mal-me-quer Só do Pierrot, Pierrot, Pierrot, Pierrot... E o Pierrot	Pop
1202	Pois é, não deu Deixa assim como está, sereno Pois é de Deus tudo aquilo que não se pode ver E ao amanhã a gente não diz E ao coração que teima em bater avisa que é de se entregar o viver avisa que é	Pop
1203	Eu cansei de ser assim Não posso mais levar Se tudo é tão ruim Por onde eu devo ir? A vida vai seguir Ninguém vai reparar Aqui neste lugar Eu acho que acabou Mas vou cantar pra não cair Fingindo ser alguém Que vive assim de bem Eu	Pop
1204	"Nada vai mudar entre nós Como eu sei? Eu só sei Tudo vai permanecer igual Afinal, não há nada a fazer Eu não nego, eu me entrego Você é meu grande amor E hoje eu vou dizer ""eu te amo"" Eu imploro, eu te adoro Você tem meu coração A bater pra você mais uma canção Como pôde alguém perder você Como eu quis, como eu fiz não te ter Vivo me iludindo a acreditar que o amor não se pôs em você Eu me entrego, eu não nego Eu errei, mas sou capaz"	Pop
1205	Primavera se foi E com ela meu amor Quem me dera poder Consertar tudo o que eu fiz O perfume que andava Com o vento pelo ar Primavera soprando Um caminho Mais feliz Mais feliz Pois a rosa Que se esconde No cabelo mais bonito É um grito, quase um mito Uma prova De amor! Primavera se foi E com ela essa dor Se alojou no meu peito Devagar A certeza do amor Não me deixa Nunca mais Primavera brilhando	Pop
1206	Já vou, será eu quero ver o mundo eu sei não é esse lá por onde andar eu começo por onde a estrada vai e nao culpo a cidade, o pai vou lá, andar e o que eu vou ver eu sei lá não faz disso esse drama essa dor é que a sorte é preciso tirar pra ter perigo é eu me esconder em você e quando eu vou	Pop
1207	Meus sonhos não são difíceis de se adivinhar Pois você é sempre a minha inspiração Nos becos, nos lugares, aonde quer que eu vá Você e sempre a dona do meu	Pop
1208	Quem sabe o que é ter e perder alguém? Quem sabe o que é ter e perder alguém? Quem sabe o que é ter e perder alguém? Sente a dor que eu senti Quem sabe o que é ver quem se quer partir E não ter pra onde ir Faz tanta falta o teu amor... Te esperar... Não	Pop
1209	Iaiá, se eu peco é na vontade de ter um amor de verdade Pois é que assim em ti eu me atirei e fui te encontrar pra ver que eu me enganei... Depois de ter vivido o óbvio utópico, te beijar, e de ter brincado sobre a sinceridade e dizer quase tudo quanto fosse natural... Eu fui pra aí te ver, te dizer: Deixa ser, como será! Quando a gente se encontrar No pé, o céu de um parque a nos testemunhar... Deixa ser como será! Eu vou sem me preocupar. E crer pra ver o quanto eu posso adivinhar... De	Pop
1210	Romeu e Julieta Assim que o amor entrou no meio o meio virou amor o fogo se derreteu o gelo se incendiou, e a brisa que era um tufão, depois que o mar derramou, depois que a casa caiu o vento da paz soprou Clareou, refletiu, se cansou do odio e viu que o sonho é real e qualquer vitoria é carnaval, carnaval, carnaval. Muito além da razao bate forte emoção, ilusao que o céu criou onde apenas o meu coracao amará, amará. o amor não se tem na hora que se quer, ele vem no olhar Sabe ser o melhor na vida e pede bis quando faz alguem feliz. (instrumental) Vem aqui	Pop
1211	Quem se atreve a me dizer Do que é feito o samba Quem se atreve a me dizer (2x) Não, eu não sambo mais em vão O meu samba tem cordão O meu bloco tem sem ter E ainda assim Sambo bem a dois por mim Bambo e só, mas sambo sim Sambo por gostar de alguém Gostar de Me lava a alma Me leve embora Deixa ver samba no peito de quem Quem se atreve a me dizer Do que é feito	Pop
1212	Vai chover de novo, deu na TV Que o povo já se cansou de tanto o céu desabar E pede a um santo daqui que reze ajuda de Deus Mas nada pode fazer se a chuva quer é trazer você pra mim Vem cá que ta me dando uma vontade de chorar Não faz assim, não vá pra lá Meu coração vai se entregar à tempestade Quem é você pra me chamar aqui se nada aconteceu? Me diz, foi só	Pop
1213	Bem, como vai você? Levo assim calado de lado do que sonhei um dia como se a alegria recolhesse a mão pra não me alcançar Poderia até pensar que foi tudo sonho	Pop
1214	Alegria É olhar pro teu sorriso e ter você Sempre ao meu lado Alegria É estar junto a você E poder ser O seu namorado O seu namorado Meu amor Não se vá Eu sofro tanto Sem ter você Eu sofro tanto Sem ter você Alegria É olhar pra sua boca E poder ver Sua pele macia	Pop
1215	O quanto eu te falei que isso vai mudar Motivo eu nunca dei... Você me avisar, me ensinar, falar do que foi pra você, não vai me livrar de viver ! Quem é mais sentimental que eu?! Eu disse e nem assim se pôde evitar... De tanto eu te falar, você subverteu o que era um sentimento e assim fez dele razão... pra se perder no abismo que é pensar e sentir Ela é mais sentimental que eu!	Pop
1216	Tempo, tempo mano velho, falta um tanto ainda eu sei Pra você correr macio Tempo, tempo mano velho, falta um tanto ainda eu sei Pra você correr macio Como zune um novo sedã Tempo, tempo, tempo mano velho Tempo, tempo, tempo mano velho Vai, vai, vai, vai, vai, vai Tempo amigo seja legal Conto contigo pela madrugada Só me derrube no final Ah-ah-ah ah-ah Ah-ah-ah	Pop
1217	Senta aqui que hoje eu quero te falar não tem mistério não é só teu coração que não te deixa amar você precisa reagir não se entregar assim como quem nada quer não há mulher irmão que goste dessa vida ela não quer viver as coisas por você me diz cadê você aí e aí não há sequer um par pra dividir senta aqui espera	Pop
1218	Hoje estou tão sozinho Não sei mais o que fazer A minha vida se acabou Você se foi e agora não sei mais Me diz o que que eu faço por você Me diz o que que eu tenho que fazer Pro	Pop
1219	Não vou mais te perdoar, Você foi longe demais Meu amor, não sou tão só assim Não consigo entender me trocar por outro alguém Traição já é demais, então você me diz Que me ama, que sem mim você não vive Que foi apenas um deslize, que você preza pelo meu amor Tenha dó, não mereces o afago nem de Deus nem do Diabo Quanto mais da mão que um dia eu dei pra ti A saudade vai bater mas	Pop
1220	Todo dia um ninguém José acorda já deitado Todo dia, ainda de pé, o Zé dorme acordado Todo dia o dia não quer raiar o sol do dia Toda trilha é andada com a fé de quem crê no ditado De que o dia insiste em nascer Mas o dia insiste em nascer pra ver deitar o novo Toda rosa é rosa porque assim ela é chamada Toda bossa é nova e você não liga se é usada Todo o carnaval tem seu fim Todo o carnaval tem seu fim E é o fim E é o fim Deixa eu brincar de ser feliz, deixa eu pintar o meu nariz ! Deixa eu brincar de ser feliz, deixa	Pop
1221	MEU PAI UM DIA ME FALOU PRA QUE EU NUNCA MENTISSE MAS ELE TAMBÉM SE ESQUECEU DE ME DIZER A VERDADE DA REALIDADE DO MUNDO QUE EU IA SABER DOS TRAUMAS QUE A GENTE SÓ SENTE DEPOIS DE CRESCER FALOU DOS ANJOS QUE EU CONHECI NO DELÍRIO DA FEBRE QUE ARDIA DO MEU PEQUENO CORPO QUE SOFRIA SEM NADA ENTENDER MINHA MULHER EM CERTA NOITE AO VER MEU SONO ESTREMECIDO FALOU QUE OS PESADELOS SÃO ALGUM PROBLEMA ADORMECIDO DURANTE O DIA A GENTE TENTA COM SORRISOS DISFARÇAR ALGUMA COISA QUE NA ALMA CONSEGUIMOS SUFOCAR MEU PAI TENTOU ENCHER DE FANTASIA E ENFEITAR AS COISAS QUE EU VIA MAS AQUELES ANJOS AGORA JÁ SE FORAM DEPOIS QUE EU	Pop
1222	Eu encontrei-a quando não quis Mais procurar o meu amor E o quanto levou foi pra eu merecer Antes um mês e eu já não sei E até quem me vê lendo jornal Na fila do pão sabe que eu te encontrei E ninguém dirá Que é tarde demais Que é tão diferente assim Do nosso amor A gente é quem sabe, pequena Ah, vai me diz o que é o sufoco que eu te mostro alguém A fim de te acompanhar E se o caso for de ir à praia Eu levo essa casa numa sacola.. Eu encontrei-a	Pop
1223	A multidão vem a pé E o que eles veem, só não vê E foi a rua onde eu nasci Vi um prédio, um trem Tudo era tão maior do que é Encostado à vida em frente ao sinal da lei Uma placa acesa, um muro de enfeite Num cartaz, um dia lindo Era a paz, enfim Sem um beco, sem um negro, marfim E o que ele vê, só não vê quem não quer ver Cada um daquela vila	Pop
1224	Mesmo quando ele consegue o que ele quis Quando tem já não quer Acha alguma coisa nova na tv O que não pode ter Deixa de gostar Larga a mão do que ele já tem Passa então a amar Tudo aquilo que não ganhou Dê motivo pra outra vez acreditar Na cascata da vez Que você comprou assim zero mais dez Um presente pra mim Mas se eu perguntar De onde veio esse agrado Você vai gritar Diz que é homem feito sei não Ah faça-me o favor Diga ao menos o que	Pop
1225	Não sei mais o que fazer da minha vida sem você Agora que se foi eu sofro tanto eu sofro tanto Sem teu amor Minha linda não sei mais o que fazer pra agüentar	Pop
1226	Veja bem, meu bem Sinto te informar que arranjei alguém pra me confortar. Este alguém está quando você sai E eu só posso crer, pois sem ter você nestes braços tais. Veja bem, amor. Onde está você? Somos no papel, mas não no viver. Viajar sem mim, me deixar assim. Tive que arranjar alguém pra passar os dias ruins.	Pop
1227	Olha, na primeira vez que eu estive aqui Foi pra me distrair Eu vim em busca de amor Olha, foi então que eu te conheci Naquela noite fria nos seus braços os problemas esqueci Olha, na segunda vez que eu estive aqui Já não foi pra me distrair Eu senti saudade de você Olha, eu precisei dos seus carinhos Eu me sentia tão sozinho e Já não podia mais te esquecer Eu vou tirar você desse lugar Eu vou levar você pra ficar	Pop
1228	"Milagres acontecem, milagres acontecem Você me mostrou que sua fé não é cega Não preciso de asas para me ajudar a voar Milagres acontecem, milagres acontecem Não posso imaginar deixar minha vida sem você agora Nem sempre tendo você por perto Nós encontramos nosso lugar lá fora (Eu posso contar com você) Não tem que olhar pra trás para saber como nos tornamos justos Há um milhão de razões Eu olho pra cima Eu não quero que isso termine Nada Nada jamais deveria fazer você ficar pra baixo Nunca se saberá o que vai acontecer à sua volta ""Refrão"" Você me mostrou que sua fé não é cega Não preciso de asas para me ajudar a voar Milagres acontecem, era uma vez"	Pop
1229	Dougie Dougie não presta Dougie não presta Dougie é o meu	Pop
1230	Fazendo amor Fazendo amor Fazendo amor Fazendo amor Fazendo ? Eu não tenho muito na forma de posses ou dinheiro Meu bolso vazio e carteira já viram dias melhores Mas eu penso comigo mesmo: ?Por que estou tão preocupado?? Porque se nós não estamos ganhando dinheiro Podemos muito bem ficar fazendo amor Estou trabalhando dia após dia só para pagar os impostos (Taxman) Contando as libras e os tostões conforme eles surgem Mas eu penso comigo mesmo: ?Estou bem com o que eu tenho? Porque se nós não estamos ganhando dinheiro Podemos muito bem ficar fazendo amor Eu não posso bancar as coisas que você adora e eu sinto muito Mas grandes anéis de diamantes não significam nada Nós estamos fazendo amor no chão Na, na, na, na ?	Pop
1231	As pessoas tentam nos desanimar (Falando da minha geração) Só porque ficamos de bobeira (Falando da minha geração) As coisas que eles fazem parecem muito frias (Falando da minha geração) Eu espero morrer antes de ficar velho (Falando da minha geração) Essa é a minha geração Essa é a minha geração, baby Porque vocês todos não somem (Falando da minha geração) E não tente se aprofundar no que a gente fala (Falando da minha geração) Eu não estou tentando causar uma grande impressão (Falando da minha geração) Falando da minha geração (Falando da minha geração) Essa é a minha geração Essa é a minha geração, baby Porque vocês todos não somem (Falando da minha geração) E não tente se aprofundar no que a gente fala (Falando da minha geração) Eu não estou tentando causar uma grande impressão (Falando da minha geração) Falando da minha geração (Falando da minha geração) Essa é a minha geração Essa é a minha geração, baby Minha geração Minha geração As	Pop
1232	Dougie Dougie não presta Dougie não presta Dougie é o meu	Pop
1233	Fazendo amor Fazendo amor Fazendo amor Fazendo amor Fazendo ? Eu não tenho muito na forma de posses ou dinheiro Meu bolso vazio e carteira já viram dias melhores Mas eu penso comigo mesmo: ?Por que estou tão preocupado?? Porque se nós não estamos ganhando dinheiro Podemos muito bem ficar fazendo amor Estou trabalhando dia após dia só para pagar os impostos (Taxman) Contando as libras e os tostões conforme eles surgem Mas eu penso comigo mesmo: ?Estou bem com o que eu tenho? Porque se nós não estamos ganhando dinheiro Podemos muito bem ficar fazendo amor Eu não posso bancar as coisas que você adora e eu sinto muito Mas grandes anéis de diamantes não significam nada Nós estamos fazendo amor no chão Na, na, na, na ?	Pop
1234	As pessoas tentam nos desanimar (Falando da minha geração) Só porque ficamos de bobeira (Falando da minha geração) As coisas que eles fazem parecem muito frias (Falando da minha geração) Eu espero morrer antes de ficar velho (Falando da minha geração) Essa é a minha geração Essa é a minha geração, baby Porque vocês todos não somem (Falando da minha geração) E não tente se aprofundar no que a gente fala (Falando da minha geração) Eu não estou tentando causar uma grande impressão (Falando da minha geração) Falando da minha geração (Falando da minha geração) Essa é a minha geração Essa é a minha geração, baby Porque vocês todos não somem (Falando da minha geração) E não tente se aprofundar no que a gente fala (Falando da minha geração) Eu não estou tentando causar uma grande impressão (Falando da minha geração) Falando da minha geração (Falando da minha geração) Essa é a minha geração Essa é a minha geração, baby Minha geração Minha geração As	Pop
1235	da da da da da da da da da da da da da da daaah da da da da da da da da da da da da da da daaah oh Called your name today but no one answers anymore you turned and ran away like someone came and locked the door Paper pieces lyin' on the floor I fall to pieces now The coffees black and my heart is sore Pick me up, tape me together da da dada da Like paper pieces on the floor da da da da da da da da da da da da da da daaah da da da da da da da da da da da da da da daaah Since you left that day I've realized my minds made up on you my heart is capsized and I dont know what I'm gonna do Pick me up, tape me together da da dada da Like paper pieces on	Pop
1236	Ophelia era uma noiva de Deus Carmelita novata, Nas celas da irmã, os sinos da clausura, Soados na noite de seu casamento Ophelia era a menina rebelde, Uma sufragista de meia calça azul Que curou a sociedade entre seus cigarros E Ophelia era a queridinha de uma nação noturna Coxas curvilíneas, olhos vivazes, Amor era à primeira vista, Amor era à primeira vista, amor Ophelia era uma semi-deusa Na Babilônia antes da guerra Tão como estátua, uma silhueta Em vestidos de noite de cetim preto Ophelia era a amante para um jogador de Vegas Signora Ophelia Maraschina Cortesã de máfia Ophelia era a	Pop
1237	Seria Tão fácil se tudo fosse fácil Sem mover uma palha, esperar que tudo flua enquanto influenciados somos As razões para não prosseguir são tão claras Mas quem me mantem de pé me da forças Então eu vou além das barreiras, fronteiras Com passaporte, pois sou estrangeiro nesse lugar Onde tudo posso, nada posso Só depende de mim Onde não acontece, faça acontecer Onde não existir, faça	Pop
1238	Vejo ares, mares e pontes, enigmas eras e fantoches Unimos a favor da revolução Mas tememos que a guerra comece por nossas mãos Até quando vai ficar assim, nadando feito tolo na maré? Quem é você, lá dentro onde os corpos padecem com frio e fome? Quem é você, no palanque da morte por cheques que não são de xadrez? Quando nossos olhos se elevarão e montes não mais	Pop
1239	Habitual silêncio, janelas fechadas, sussurros pela porta Terra firme, porta trancada chave guardada, território magistral Sufoca, um lapso de memória, não consigo gritar Ao abrir os olhos vejo que nem tudo está em paz Maquiagem se desfaz e tudo vem a tona Mero mortal e a Supremacia Quanto mais lutamos mais travada se torna a batalha E não! Por mim mesmo não	Pop
1240	Errei na inocência tentando acertar Na viagem de instantes perdi o que mais amava E o que sobrou? O que sobrou ao menos fé eu espero Fé? e o que é fé? Se é na dureza do meu coração Fecho os olhos para o crescer da lua cheia E o brilhar das fãs estrelas que cultuam a você	Pop
1241	Me Sinto vazio e sem direção Onde estou? Para onde vou? Na sombra da noite sinto O quanto posso não ter dado importância a você O meu saber e sentir da fé Ficam mortos Quando vejo o Teu agir e não respondo aos Teus anseios Desprotegido estou Quando penso estar seguro por caminhos escuros clareados pelas minhas vontades Livra-me de mim mesmo Torna o	Pop
1242	Mesmo que o dia pare E eu não veja lá fora Nada muda aqui Meu interior frio está Num prelúdio de um entardecer Não seria capaz de expressar Se	Pop
1243	Quando a luz vier e o sol desaparecer O clarão irá cegar meus olhos que insistem em ver Os que agora sumiram juro que as vi Juro que as vi Minha maneira sempre por mim mesmo encontrou hoje O desalento com a solidão caída ao chão Lá estão as vestes de todos eles que ao meu lado estavam No	Pop
1244	Fazendo ouro tipo midas e você fala da minha vida humanos sempre sendo atores ocutando dores e as almas feridas Verso 1 Made in Taiwan reside Brasil Terra de olho gordo maconha e fuzil Mundo do avesso, conheço outras cores Milhares mulheres e seus sabores bruxo dos bruxo não quero luxo prezo por paz e meus mano no fluxo Nem precisou chegar no meu ouvido Esqueceu que não passa despercebido o meu é diferente faço pra quebrar corrente eu to ciente de uns pecados que eu tenho pra pagar me envolvi demais num jogo que eu nunca ia ganhar fui na fronteira visitar uns mano 022 só maluco insano Corpos sem alma e atos desumano Julga um menor pela cor e não faz ideia o tamanho do dano Ela senta e rebola no flow Faz cara de santa e chupa me olhando Tipo de mina que só no olhar já entende o que eu tô falando Pelos barraco laranja, ela de franja sem drama Gosta de baseado e se amarra na minha cama Eu vagabundo da pista, poeta analista Que extermina seu futuro e também o dos racista quem que vai dizer que não? arrasto tua filha e fodo os alemão ladrão toma pau pra ficar de lição Terra de ninguém Gatilho apertado sem saber quem é quem Nós que é o trem cheguei no nível que nada detém entre rajada e pipoco, louco troca soco, mas ainda é pouco saiu no preju pega ferro e da troco Quebro protocolo solo de gola polo degolo sub15 enterro no subsolo acreditar em puta quando fala de amor é tipo roleta russa com 6 bala no tambor meu desinteresse gera o teu desejo falta	Pop
1245	Troca soco, louco No morro e no topo Por tantos terem muito é que tantos tem tão pouco Troca soco, louco Do topo do morro Não é novidade nós morrer na fila do pronto socorro Cês são castelo de areia Prazer, Bazan Maré alta Não conhecem o próprio mundo e já pensam que é astronauta Isso não é um som Isso é relatos de guerra Fala que tô na mira A culpa não é minha se tu só erra Wheelman piloto de fuga carrasco Slackline em penhasco Cês são tartaruga no casco Eu sou flamengo, eles vasco O que não falta é lugar na cadeia Sangue de humano pra última ceia Bato minha cota Som de maluca, acerta os bota Sigo na rota Pra ter sossego e fazer nota O baile lota Nós que pilota, nós que picota Seu olho gordo motiva chacota Autodidata pra acabar com os verme que mata os menor pela cor da epiderme Tá tudo errado Os valor invertido Se eu jogo o boné na cara, camisa de time me julga bandido Em outro lugar tem gente lutando pra dar um suspiro Vocês tão mais preocupado em subir aqui e me encher de tiro Cuidado onde pisa! Caminho do topo é	Pop
1246	"Deixe Yeah, Finalmente eu percebi Que não sou nada sem você Eu estava errado Me perdoe Ah Ah Ah Ah Meu coração quebrado como uma onda Meu coração treme como uma ventania Meu coração desaparace como fumaça Não pode ser removida como uma tatuagem Eu suspiro profundamente como se o chão estivesse desabando Apenas poeira acumula-se em minha mente (Diga adeus) Yeah, achei que não seria capaz de viver um dia sem você Mas de alguma forma consegui viver mais do que pensei Você não responde nada enquanto eu choro gritando ""Sinto a sua falta"" Tenho uma expectativa vã que agora é útil O que acontece com essa pessoa ao seu lado, ele te fez chorar? Querida, você consegue ao menos me ver, esqueceu-se completamente? Estou preocupado, fico ancioso pois não consigo me aproximar nem para tentar conversar com você Passei longas noites sozinho, apagando meus pensamentos milhões de vezes Não olhe para trás e saia Não me encontre de novo e viva Pois não voltarei a te amar Fique apenas com as boas memórias Posso carregar isso de alguma forma Posso me levantar de alguma forma Se você é assim, deveria ficar feliz Fico angustiado dia após dia Oh, garota, eu choro, choro, Você é meu tudo, diga adeus Se nós passarmos um pelo outro nas ruas Aja como se não tivesse me visto e siga o seu caminho de antes Se você"	Pop
1247	"Deixe Yeah, Finalmente eu percebi Que não sou nada sem você Eu estava errado Me perdoe Ah Ah Ah Ah Meu coração quebrado como uma onda Meu coração treme como uma ventania Meu coração desaparace como fumaça Não pode ser removida como uma tatuagem Eu suspiro profundamente como se o chão estivesse desabando Apenas poeira acumula-se em minha mente (Diga adeus) Yeah, achei que não seria capaz de viver um dia sem você Mas de alguma forma consegui viver mais do que pensei Você não responde nada enquanto eu choro gritando ""Sinto a sua falta"" Tenho uma expectativa vã que agora é útil O que acontece com essa pessoa ao seu lado, ele te fez chorar? Querida, você consegue ao menos me ver, esqueceu-se completamente? Estou preocupado, fico ancioso pois não consigo me aproximar nem para tentar conversar com você Passei longas noites sozinho, apagando meus pensamentos milhões de vezes Não olhe para trás e saia Não me encontre de novo e viva Pois não voltarei a te amar Fique apenas com as boas memórias Posso carregar isso de alguma forma Posso me levantar de alguma forma Se você é assim, deveria ficar feliz Fico angustiado dia após dia Oh, garota, eu choro, choro, Você é meu tudo, diga adeus Se nós passarmos um pelo outro nas ruas Aja como se não tivesse me visto e siga o seu caminho de antes Se você"	Pop
1248	[Naldo] Vodca ou água de coco Pra mim tanto faz Gosto quando fica louca e cada vez eu quero mais Cada vez eu quero mais Whisky ou água de coco Pra mim tanto faz Eu já tô cheio de tesão e cada vez eu quero mais Cada vez eu quero mais 1, 2, 3, 4 Pra ficar maneiro joga o clima lá no alto Alto, em cima, alto, em cima Alto, em cima, alto, em cima Em cima, em cima, em cima, em cima (2x) Eu não tô de brincadeira Eu meto tudo, eu pego firme pra valer Chego cheio de maldade, eu quero ouvir você gemer Eu te ligo e chega a noite, vou com tudo e vai que vai Tem sabor de chocolate o sexo que a gente faz Corpo quente, tô suado, vem melar e vem lamber Só o cheiro, só o toque já me	Pop
1249	Se joga se joga joga no meu colo e vem Se joga se joga joga no meu colo e vem Se joga se joga joga no meu colo e vem Se joga se joga joga no meu colo e vem Quando você tá eu quero sentir sua boca agora Quero você sempre fazer então vem que não demora Então chega aqui então senta aqui e bota pra quebrar Revira a cama é nosso mundo de perna pro ar Me engole me sente repira me excita Me engole me sente repira me excita Se joga no meu colo amor Se joga no meu colo amor Se joga no meu colo amor Se joga se joga joga no meu colo e vem Se joga se joga joga no meu colo e vem Se joga se joga joga no meu colo e vem Onde você tá eu quero sentir sua boca agora	Pop
1250	Faz uma inspiração profunda…sente o calafrio na tua espinal medula Com tanto fumo denso a mente fica turva, viajo pela música divago Desligo o interruptor e nada penso inalo, fragância aromática do incenso Durante a escrita automática do verso intenso No santuário interior busco disciplina, corpo são e mente sã as regras da doutrina Dia-a-dia mantemos a fasquia alta, vivemos pela madrugada a escrever poesia Este Mc acorda…lança uma rima a fazer Tai-chi logo às nove da manhã A quebrar a rotina com golpes de kung fu, não como carne prefiro saita e tofu Foco no rumo tochas acendem-se no escuro, flutuo, o meu espírito visita o futuro Eu e o Fusão em constante elevação, as nossas auras brilham mais que uma constelação…	Pop
1251	Capitão cósmico!!! Acenta o tópico! Rachar cabeças moço é a alma do negócio Tetraplégicos, deficientes, pastilhentos, paraplégicos ou estropiados abanem o esqueleto Trago soro em tubos em formato auditivo, a tua cabeça cresce quando te dou ar comprimido IP Mórbido, compra o videojogo, não aconselhado para asmáticos tiro o fôlego Ataque teleguiado a falsos, impacto súbito, soam as sirenes no submundo vais ao fundo Epidemia sexual provoco impotência, cirurgia plástica para a falta de inteligência É mesmo assim moço, peço licença…envio-te potência aos pacotes, encomenda Recebes uma carta com o selo de Dealema…tem cuidado	Pop
1252	Relatório...há corruptos no território a sobrevoar o campo dos escravos do desejo Rádiodifusão de veneno, dias negros antevejo para aqueles que apresentam porte fraco Eles aparecem com nicks ou códigos, pisam palcos, inventam modos de enganar os povos Vejo-os ao longe pela sombra poeirenta...carrega no botão de emergência Trago protector contra falsos profetas com microfones...vírus H.I.Vedeta Andamos de olho na vossa postura, avizinha-se a ruptura da vossa actividade filhos da puta Tamos ligados a máquinas mas não somos simulados, Dealema a correr na caça à presa Venho sabotar o vosso génio vestido de medo, trago-vos aumento ao défice de oxigénio. Profetas demoníacos malignos, não dês ouvidos, eles dão tranquilizantes para o espírito Manipuladores da dependência buscam a crença, a terceira	Pop
1253	Auto-vocação discípulos em mestres, sigam-nos, formação de um bloco contra vígaros Alquimia...radiação de versos contra a putrefacção da epidemia dos fracos de espírito Dedica longas horas à leitura e um dia mais tarde lança a tua escritura Transcende o desânimo nos momentos de dúvida, a paixão pela música rejuvenesce a alma... ...ilumina a aura...mergulha, vê a fauna marinha a flutuar na tua retina Molda a tua personalidade como argila, transforma em ouro a tua fragilidade psíquica... Encaminho putos no bom caminho, transformo o veneno de serpentes em antídoto Contra bruxos...apóstolos diabólicos, o mundo é tão enorme que os falsos se	Pop
1254	A saudade aperta…o futuro acorda, mas há coisas que a mágoa não afoga Bons velhos tempos em que a vida era um rascunho onde anotava pedaços do meu destino Éramos um só…todos juntos num só caminho…À descoberta da existência de um movimento Era tudo verdadeiro e puro, na época a música voava como um sonho de um miúdo Ninguém competia apenas aprendia e brilhava quando mostrava aquilo que fazia Poesia genuína 100% urbana, do coração, sem exibição, sem cobiça Cada um à sua justiça reinava…da amizade e da rua extraía a sabedoria que adquiria De um abraço, uma palavra ou um sorriso de um amigo, era motivo de antalgia Mas tudo muda, incluindo a vida, mas nada compra, pensamentos de bons velhos tempos. Refrão: É o regresso ao passado, o presente é o futuro Máquina do tempo, o velho testamento em que não existia o veneno Bons velhos tempos, continuo aqui o mesmo Se	Pop
1255	Prémio Nobel Sublinho e cito…o aplauso morre, os prémios envelhecem e os acontecimentos são esquecidos Aqueles que realmente triunfam não são os que têm credenciais, são os que realmente se importam À nova geração na frente da batalha, na reinvindicação pelo direito à palavra Na medicina, no ensino e na ciência, e movimentos na defesa pelo verde no planeta À mãe que teve a força de dar luz a um filho…fruto da foda de um renegado malvado A toda a classe construtiva e produtiva, o país é a máquina e vocês a energia Aos portugueses que migram pelos ventos e quimeras de ofertas de uma vida mais decente Prémio Nobel do instinto da vida, para a mulher que é vítima e suporte da família Homenageio-vos com música e poesia gratuita, um pouco de humildade, sabedoria e boa vinda Troféus sepultados pela poeira da existência, velhice à adolescência o ciclo da vivência Idosos apanhados pela solidão do tempo, tou sentado na lua…consigo ouvir o vosso lamento Um consolo é uma diferença de um amigo, um minuto de atenção pode mudar um destino. Refrão: Os prémios envelhecem, as pessoas ficam Quem serão as que realmente brilham… O triunfo nasce mas é esquecido	Pop
1256	Sou viciado em ti vida e é assim todos os dias 365 melodias. Protecção no meu círculo, não é qualquer amigo que me seca as lágrimas de agonia. O Inverno é mais frio quando tou afastado, dou voltas à consciência como um cubo mágico. E penso em ti e no que guardo em mim, colecções de recordações em canções. Sou senhor do meu passo que partilho num abraço, mantenho-me acordado neste mundo petrificado. Competição entre anjos e demónios em corpos de pecado são esses que me deitam abaixo. Mas eu levanto-me com o peso da moral às costas Quando prefiro engolir do que ferir com respostas Às vezes és puta vida, mas não tens culpa. tu e eu já fizemos bodas de prata Em tempos quando era chavalo não sei se te recordas de mim, aquele puto fechado no quarto Transformava cassetes e livros em magia, música e amor medicina alternativa. Sou viciado em ti, e tu em mim Vida fronteiras, obstáculos, barreiras Caminhemos juntos como o último dia Este é o poema que dedico à vida Não	Pop
1257	No princípio era o verbo depois veio o credo...filho da puta agora comemos-te o cérebro Autonómico abstémio, bloqueio académicos, antropófago transformo fórmulas para génios Incrédulo no teu deus chama-me ateu congénito, gravito como astros em cosmos encefálicos Narrador da voz do diabo agasalhado na mortalha do teu desânimo Estalo o teu cérebro como um crepitáculo Liberto crianças envenenadas sem trajecto, espeto crápulas ignóbeis em estacas como Drácula Impreciso no límpido num mundo de ilusionismo, alisto mancebos em pelotões de iluminismo Mecenas protector de vocábulos e dilemas Radioscópico nos mais frágeis provoco pleuras com fonemas Medico surdos e esquizofrénicos, remendo e cicatrizo intelectos paraplégicos Trago versos de distintos universos para anémicos, atraio e quebro himens com preliminares metálicos Manifesto com sexo explícito para cegos, em procissões transformo estátuas em alucinações Não sou teu servo, se não entendem o que escrevo não tenho culpa marca consulta filho da puta Iconoclasta de casta incógnita, dono da vontade	Pop
1258	O movimento cresce a par e passo Mas navegamos num rio que está manchado De um lado a incompreensão é o adversário Do outro aqueles que vestem a camisola ao contrário Há muitos grupos, muitos projectos Mas a humildade ainda é pouca no trajecto Com que olhos somos vistos pelo povo ou pelos média? Não me interessa, já caguei para essa merda MC’s e DJ’s, B-Boys ou nos Graff’s Caminhamos para os milhares de filiados nas artes Mas há regras e éticas para bombar com estética Estragam monumentos, poluem movimentos Há cowboys alados que se auto-denominam de soldados Na música não passam de gaiatos Qualquer um pode fazer um verso potente Mas até que ponto é que escreve aquilo que sente? Qualquer um grava um álbum, “fecha o tasco” Dá um nome a um colectivo ou inventa um manifesto Cuidado! Mais tarde ou mais cedo, no tempo certo A verdade aparece, o vigário é apanhado No fundo sinto medo e desgosto ao mesmo tempo Porque o sentimento da velha escola se evapora com o tempo Retomo a contagem no cronómetro Continuo a bater o record mínimo Há muito para compreender, para descobrir Cultura pura, será que a sabes sentir? Não é uma mera imagem, é um símbolo Sentimento em bruto à espera	Pop
1259	Ó moço, triplo X Fusão na arena, o sol brilha na cidade…grande cena! Carburação máxima epopeia fabulástica, um brinde para a gera que fode na praia Campanha a favor do mercado pirata, maquetes de Dealema com desconto vale a pena Fornecimento exclusivo de pó de talco, mulheres com irritações na cona subam ao palco Bloco 24, 14 de Outubro a S Roque…triângulo de terrorismo sónico Editoras provocam desemprego nas obras, otários galopam nos tops como centauros Não há limites estabelecidos, não há histórias, esta merda cheira pior que um camião cheio de bófias Queria dedicar um presente a todos os cínicos, agora não tou com gases…mas fica prometido Tripeiro de gema, Fusível Dealema, curso interactivo para Mc’s que não manjam peta desta cena Chama-me gatuno ou gandulo, ou artista que leva as sopeiras do bairro ao rubro! Intensidade, temperatura	Pop
1260	Quanto custa a fé de um devoto a Cristo? Até que ponto sacrificas o espírito? Descobre o diabo que há em ti e convida-o, a um exorcismo colectivo auto-destrutivo Feitiçaria? O mal não vem por magia…é parido na perversão do dia-a-dia O nosso inferno interior é um estado nato, purgatório que oscila entre a alma e o pecado Crescemos com o sentido da moralidade, mas desenvolvemos uma raiz de brutalidade É a lei da sobrevivência…o desafio à inteligência, o consciente é violado pela demência A inveja…a coima paga pela alma é o sacrifício na crença, será que a morte de Jesus valeu a pena? O meu papel é o de acusador ao culto do fanatismo que reencarna a cada segundo. Refrão: A chama que queima a alma é o pecado Carência, malícia, a ruína, ser humano É o diabo, que reina no profeta ou no fraco O tempo vem de luto, o Juízo é preparado. Ateus, agnósticos, fracos ou religiosos fanáticos, na futilidade são como cegos Contradição numa moral de podridão, vejo ao longe os estragos da imputação A encarnação do Messias é alegórica…mas a corrosão do ser humano já é histórica Voam como anjos delegados do Espírito Santo, mas o que escondem com as asas é macabro Uma vez por ano ajoelham-se até Fátima…mas no resto do tempo põem a malícia em prática Mentem,	Pop
1261	Recebi a Informação Que Você Perguntou Por Mim, Achei Beleza E Pensei : Tamos Aí Lembrei Que Tu é Gatinha Gente Fina Tem Estilo Coisa E Tal E Então: Vamos Sair Não é Pra Ter Vergonha: Liga Pra Mim Você Tem Meu Telefone É De Você Que Eu Estou Afim Estou Pronto Pra Viver Os Melhores Momentos Da Minha Vida Junto Com Você	Rock
1262	Não quero saber se eu não tive dignidade ao ocupar seu lugar Agora é tarde e não adianta prender a respiração Não acho	Rock
1263	Sei que te incomoda essa minha carinha triste Mas ela só demonstra que o amor ainda existe Talvez a humildade tenha sido meu defeito Mas só me critica que jamais amou alguém Eu ando pelas ruas cantarolo uma canção La la la la la tentando achar uma solução já sei o que fazer pra conquistar o seu respeito Sem motivo aparente eu lhe mandar no (tuu.) Refrão Carinha triste Carinha triste e todo dia vai raiar eu sei, o amanhã existe Encarar a vida como	Rock
1264	Lá vem eles de novo Me forçar a aceitar ar O que eu acho errado Não que eu seja contra Nem que eu queira teimar ar Só vejo um outro lado Será que ter opinião É algo ou um tipo de agressão Com muita pretensão Alguém pode passar a vida inteira Pensando de certa maneira Já eu acho que não Pra você eu sou um caso perdido Minha vida não tem muito sentido Mas eu gosto dela assim Eu não estou afim	Rock
1265	E eu só lhe peço pra prestar atenção em mim Apenas um minuto prestar atenção em mim E eu só lhe peço pra prestar atenção em mim Apenas um minuto prestar atenção em mim Deve soar tão arrogante confiar em si próprio o bastante Pra passar o dia todo fazendo posse de eu mesmo O problema é	Rock
1266	Quero dizer como é bonito amar Como é gostoso estar apaixonado por você Agora eu sei como é bom te beijar e te abraçar E te dizer amo você As músicas mais engraçadas que eu já ouvi na minha vida Foi na sua casa você me mostrou Discos que não vou esquecer E as danças mais modernas que até hoje eu já aprendi Você vem me dar motivos pra sorrir me divirto com você Então se é assim, você pode confiar em mim Eu sou só seu aonde eu tenho que assinaaaaar	Rock
1267	Pensei em sair pra caminhar Preciso de um tempo pra mim Concertar o que já fiz Ficar até o fim Passa as horas e não sei mais Qual razão me moveu Se eu voltar um tempo atrás Não contar o que aconteceu Não vai ser demais	Rock
1268	provocação, nem vou ligar você me dá a vez e eu passo. não vou cair nessa armadilha nem me entregar assim tão fácil Uhuuu.. Deus me deu um cérebro você me deu uma razão pra usa-lo e eu não vou perder essa oportunidade.. uhuu. uhuu.. perseguição nao surte efeito eu nunca vi coisa mais chata é	Rock
1269	Olha essa menina Como me domina Quem manda é mesmo ela Uma jóia rara Me deixou de cara Caindo nas tabelas Preso na armadilha Dessa maravilha Virei manjar de fera Quando eu te vi eu já fiquei tarado Louco desvairado sem razão: amor Quis a vida inteira pra ficar do lado Desse céu dourado que a vovó	Rock
1270	Eu sei que eu sou bonito Eu sei que eu sou famoso Mas com essa menina não adianta ser gostoso oh não essa menina não quer dar pra mim ela diz não, não, não, baby Eu sei q não tem mais jeito Não tem mais solução Eu já tentei de tudo mas ela me disse não, oh não Essa menina não quer dar pra mim Ela diz não, não, não, baby Oh não Se no banheiro eu me acabar Ela não vai nem saber Ela não vai me ligar Oh não Essa menina não	Rock
1271	Aquela menina que você sempre amou Agora não se compara a todas essas mulheres que você tem conhecido ultimamente Aquela galera com quem você sempre andou Agora não tem mais graça Perto de todas essas pessoas com quem você tem saído recentemente Então, não tenha medo de aproveitar Você não sabe quanto isso vai durar Curta o máximo que você conseguir Porque à medida que o tempo passar pode aparecer alguém que tome o seu lugar Essa história eu também	Rock
1272	Até que ponto chega a ingenuidade Existem coisas que eu jamais imaginei que iriam acontecer comigo Conclusões que as pessoas tiram sobre algo que eu já tenha feito E essas coisas eu nunca pensei que sequer existiam Um dos meus erros foi não ter me informado Eu deveria ter tomado muito mais cuidado Cuidado com o que eu digo Cuidado com o que eu sou Cuidado pra que a espontaneidade não vire algo errado Eu mereço Eu sou inocente E a culpa é toda minha Eu	Rock
1273	Eu não morri, nnnnnão morri, eu juro pra vocês que eu não morri Eu não morri, nnnnnão morri, se eu tivesse morrido não estaria aqui Foi a melhor coisa que já me aconteceu foi a maior emoção que eu já conheci E é tão bom poder estar aqui pra contar por essa eu não esperava eu não morri Eu não morri, nnnnnão morri, eu juro pra vocês que eu não morri Eu não morri, nnnnnão morri, se eu tivesse morrido não estaria aqui Quando alguém tem um	Rock
1274	Quantas vezes você já deixou coisas importantes para trás Em troca de atalhos Quantas vezes você preferiu ser preferido a ser feliz E deixou escapar por um triz Eu vou errando E consertando Eu vou tentando Eu vou vivendo	Rock
1275	Depois do seu milesimo centesimo oitavo vacilo Sempre acompanhado de um pedido de desculpas Eu chego a conclusão de que na verdade é minha culpa Por nao ter me livrado de você a muito tempo atrás Mas nessa situção o que é mais engraçado É que eu conheço bem seu nome, seu endereço e seu passado Dizem por aí que a vingança não leva a	Rock
1276	Você fica irritado comigo Só porque você me acha mais bonito que você Você já fica todo nervoso Quando te dizem que eu sou mais talentoso que você Sua vida anda mesmo sem graça, Pois a única saída que você acha é me difamar Isso até que veio bem a calhar Eu estava precisando de alguém para me divulgar Fale mal de mim Fale o que quiser de mim Mas por favor, não deixe que em nenhum momento Eu deixe de estar no seu	Rock
1277	Mãos que constroem Mentes que geram idéias Que se tornam realidade A qualidade de criar Uma nova engrenagem de acordo com a necessidade a novidade que se precisar botar a cabeça para funcionar O poder de resolver é uma arte Esta é a arte de saber se virar e de inventar soluções Diferente do que eu sempre ouço dizer, atitude pra mim é fazer acontecer a arte de saber se virar e de enfrentar situações Diferente do que eu sempre ouço dizer,	Rock
1278	Tem situações em que a gente se encontra Que dá a impressão Que tudo está contra Não se consegue sentir outra coisa Se não falta de ar Encontrar com gente de má vontade Que só te impõe dificuldade Parece tirar sua capacidade de respirar Mas existe outro tipo de pessoa Que eu considero muito gente boa Posso garantir que gente assim ainda há Gente boa pra te dar valor Gente boa que está a seu favor Gente boa que não vai se opor ao que você mais desejar Gente boa	Rock
1279	Olha lá vem o homem-clichê Estereotipado ele quer ser Frase feita ele vai dizer Todo mundo gosta dele Não de você	Rock
1280	Meu coração não sabe qual a direção, o rumo que vai me guiar mil encantos tem o mundo meu coração tem lá sua razão, não quer mais sofrer em vão quer resolver em um segundo Solidão, parceira de mil noites minha tábua de salvação qual palavra que dá nome? que retoma minha atenção completamente impaciente esperar você chegar sou	Rock
1281	O ódio me tornou Mais íntimo de você Mais íntimo do que eu Do que eu queria ser Meus olhos refletindo Sua cólera e confusão E eu perdido num instante De pura identificação /// (Refrão) Vou te contar Foi meio deprê Vou te contar Descobri que no espelho Era eu e não	Rock
1282	Já cansei de te ouvir falar como eu devo ser Cansei do seu esforço em você só querer fazer O que todo mundo gosta, o que todo mundo faz Todo mundo quer, todo mundo corre atrás Eu quero ser o que nunca existiu Ter ambição pelo o que nunca ninguém viu Imitar alguém que eu nunca conheci Ter um dom pelo o	Rock
1283	"Uah-bap-lu-bap-lah-béin-bum! Let me sing, let me sing Let me sing my rock'n'roll Let me sing, let me swing Let me sing my blues and go, say Não vim aqui tratar dos seus problemas O seu Messias ainda não chegou Eu vim rever a moça de Ipanema E vim dizer que o sonho O sonho terminou Eu vim rever a moça de Ipanema E dizer que o sonho O sonho terminou Tenho 48 quilos certo? 48 quilos de baião Não vou cantar como a cigarra canta Mas desse meu canto eu não lhe abro mão Não vou cantar como a cigarra canta Mas desse meu canto eu não lhe abro mão Não quero ser o dono da verdade Pois a verdade não tem dono, não Se o ""V"""	Rock
1284	Cuidado com a direção, meu bem Ou vai dar no lugar errado (2x) O que eu quero é ir depressa Vamos logo ao que interessa Cuidado com a direção, meu bem Ou vai dar no lugar errado Enquanto eu já fui e voltei Você ficou aí parado (2x) Levando assim a vida à toa Você não vê	Rock
1285	Liga Desliga Liga Desliga É você quem comanda a máquina Ou é a máquina que comanda você Liga Desliga Liga Desliga Máquina É você que	Rock
1286	Você me diz para parar de inventar Que as fórmulas se esgotaram É melhor se enquadrar você tem que desistir Foi o que me ensinaram Pros meus valores ninguém deu valor Eles bem que tentaram Mas infelizmente eu estou aqui Esse é um trabalho para o... Marketeiro , markete e e e eiro Só você pode me salvar Marketeiro , markete e e e eiro Só você pode me salvar Pode ser adaptável Nos tornar aceitável	Rock
1287	Ter dinheiro deve ser muito bom E o bom mesmo é grana alta Muita grana pra poder gastar Pra esbanjar sem se preocupar Também deve ser bom aparecer Ilha de Caras pode ser ?... Ostentação é pra quem pode Então não vejo por que me esconder Curtindo a vida adoidado Do lado de dentro do vidro blindado É o preço	Rock
1288	Parece fácil acreditar Que o importante é ter vontade de lutar Pra vencer no final Eu até pensei em desistir Eu nunca achei Que eu poderia conseguir derrotar quem em fez mal Se estratégia possível é ir me defendendo Está dando certo eu estou sobrevivendo Eu sou um herói Em uma Guerrilha particular O que não me destrói	Rock
1289	Pessoa solitária Que anda pela rua de madrugada Atrás de gente interessante Só não sei se tem gente interessada Gerando comentários na sala de aula na segunda-feira De quem só viu por um minuto e projeta uma vida inteira Você sabe tão pouco a meu respeito Mas se sente no direito de vir me analisar Se é pra passar por cima de preconceito Prefiro nem ser aceito O que eu quero pra minha vida é muito mais! Você nem imagina é muito mais O que eu quero pra minha vida é muito mais! Você nem imagina é muito mais O que eu quero pra minha vida é muito mais! Pessoa solitária	Rock
1290	Era pra eu estar deslumbrado Com tantas opções que ficam na minha frente Não consigo ficar acostumado São muitas novidades que aparecem de repente Chega de tanta liberdade Tem gente que nasceu pra ser obediente Mundo Moderno Me tirem desse inferno são tantas coisas novas pra experimentar Alguém me ponha no meu devido lugar Mundo Moderno Convivo com o	Rock
1291	Chega mais perto, ouve o certo Cola seu ouvido na caixa de som Hey não se acanhe talvez você ganhe Apenas um motivo pra não viver mais só Posso me incluir no seu dia Ser visita imprevisível pra depois Posso fazer sua trilha Ser canção inesquecível pra vocês dois Eu te adoro tanto Você não imagina quanto Quero ouvir uma canção que diz assim... Eu te adoro tanto Você não imagina quanto... Procuro por espaço, palavra, um traço Que me transforma em	Rock
1292	Autoramas - Música de Amor leonardo talarico INTRO: E|---------------------------------------------------------------------------------------- B|---------------------------------------------------------------------------------------- G|---------------------------------------------------------------------------------------- D|---12-12-12--11--9------------------------------------------------------------------- A|------------------------12-12-12---12--10-9----------------------9-9-10-10--12--- E|------------------------------------------------12-12--12--10-12--------------------- E|----------------------------------------------------------------------------- B|----------------------------------------------------------------------------- G|----------------------------------------------------------------------------- D|---12-12-12--11--9------------------------------------------------------- A|-----------------------12-12-12---12--10-9------------------------------- E|-----------------------------------------------12-12--12--10-12--9-9-9-- E|----------------------------------------------------------------------------- B|----------------------------------------------------------------------------- G|----------------------------------------------------------------------------- D|--11-11-11-9-11-9-11-11-9-9-------11-11-11-9-11-12-12-12-11-9-- A|--0--0--0--0-0--0-0--0--0-0---------0--0--0--0-0--0--0--0--0--0------ E|--0--0--0--0-0--0-0--0--0-0---------0--0--0--0-0--0--0--0--0--0------ Chega mais perto do ouvido certo Cola seu ouvido na caixa de som Hey não se acanhe talvez você ganhe Apenas um motivo pra não viver mais só E|---------------------------------------------------------------------------- B|---------------------------------------------------------------------------- G|---------------------------------------------------------------------------- D|--11-11-11-9-11-0--0--0-----------11-11-11-9-11-12-12-12-11-9--- A|--0--0--0--0-0--11-11-11----------0--0--0--0-0--0--0--0--0--0------- E|--0--0--0--0-0--0--0--0------------0--0--0--0-0--0--0--0--0--0------- Posso me incluir nos seu dia Ser visível imprevisível pra depois Posso fazer sua	Rock
1293	Eu não sei o que foi que eu fiz pra você vir e me tratar tão mal fique sabendo que eu tenho a consciência limpa você não tem motivo pra fazer ninguém sofrer tentei lembrar, recordar se de algum jeito eu dei razão para tal acho que não tenho nada a ver com isso não nada a ver nada a ver isso não tem nada a ver nada a ver, nada a ver, isso não tem nada a ver não tenho nada a ver com isso isso não tem nada a ver nada a ver, nada a ver, isso não tem nada a ver não tenho nada a ver com isso isso não tem nada a ver então começo a desconfiar que problemas são fáceis de se inventar ter razões pra imaginar que é da	Rock
1294	O bom veneno é amargo E os melhores vem em pequenos frascos O bom veneno é rascante Seu ventre queima seus dentes rangem O bom veneno deve assim E eu te peço sirva uma dose dessas pra mim Todo começo é sempre o fim de algo que é bom ou de algo ruim E o meu fim pode ser o principio do seu suplicio para eu poder retornar ao inicio O bom	Rock
1295	Você segurou uma onda braba, ninguém nem se deu conta disso e pensou: tem que fazer algum sentido, deve haver um por quê pra tudo isso acontecer. E assim, com todas as cobranças, de verdade perdeu a esperança De que lado todo mundo vai estar quando você mais precisar? E tudo muda da maneira mais absurda O improvável, o inesperado uma rapidez que	Rock
1296	Eu voltei só pra consertar os erros que eu deixei passar Eu me irritei tanto mas desabafar não vai adiantar Se o problema é ter que me afirmar Eu não tenho mais nada pra provar pra ninguém É difícil eu sei, mas eu acredito que sozinho eu vou me salvar Eu superei todos os limites possíveis pra quem Tem um problema pra se afirmar Eu não	Rock
1297	Chega um momento em que as coisas não dependem mais de você Não dependem mais da sua vontade pra acontecer Você perdeu o controle O seu dever agora é esperar, todo o seu esforço não vale mais nada, nada Chega um momento em que as coisas não dependem mais de você Administre as dores de cabeça que você vai ter Sua vida virou uma dúvida, você perdeu o poder de decisão Sua opinião não vale mais nada, nada Paciência, paciência, só te dizem para ter paciência Já que você não tem outra opção Paciência, paciência, só te dizem para ter paciência Seu destino não está mais nas suas mãos Chega um momento em que as coisas não dependem mais de	Rock
1298	Acho que entre nós já deu um mau contato Ou uma falha nessa transmissão Eu digo uma coisa, e você entende outra Cheguei pra você e disse até mais Mas você ouviu até nunca mais Intensão de exagero e distorção Com você é sempre: Oito ou oitocentos Mas comigo não, eu sou outros quinhentos Me responsabilizo pelo o que eu falo O que você entende é problema seu Dizem por aí que	Rock
1299	Odeio segunda Não gosto de terça Melhoro na quarta Sorrio na quinta Gargalho na sexta E subo na mesa Ali começo a dançar E só vou parar Quando a polícia chegar Acabou a cerveja Alguém foi comprar Aumente o volume Ainda tem gelo E o uísque barato Saiu de controle E não tem como voltar Só vamos parar Quando a polícia chegar Ah	Rock
1300	Partindo do principio de que ninguém é perfeito, eu vou encontrar uma forma de te apontar um defeito. Já começou errando, mostrando que quer agradar. Teria tanta coisa pra te elogiar, mas o seu ponto fraco é o que eu quero exaltar Continuou errando, mostrando se incomodar. (Refrão) Pra ser o Rei da Implicância, só	Rock
1301	Eu sei o que você fez na	Rock
1302	Você só Gosta Do Seu Jeito Porque Você Se Acha Perfeito Mas Não é Pra Mim Tão Perfeito Assim Você Se Acha Fascinante A Sua Arrogância Elegante Não é Pra Mim Tão Interessante Assim Você Não ouviu Tudo Que Merecia Não Me Interrompa Por Favor Se Você Acha Que Vai Encontrar Alguém Melhor Pode Esperar Sentado O Seu Castigo eu	Rock
1303	ela vôa pelos prédios até o chão que beija seu rosto deus sabe o que se passa por trás dos seus óculos verdes era noite fria de julho em frente ao mar e ela disse não se deve morrer longe de casa	Rock
1304	Como pode um dia lindo assim trazer Noticias cinzas como céu de chuva Como pode a primavera em mim morrer Deixar as minhas ilusões viúvas Por pequeno que isso tudo possa ser Só uma gota deixa a água turva O que eu descobri de você O que eu descobri sem querer Passando na cabeça Como um rolo compressor Faz com que eu esqueça O lado bom do amor Como pode	Rock
1305	Sem privilégios no acerto que fiz Até as mentiras que te contei Em momento só de loucura Ou voltando pra lucidez Quando eu voltei deixei curtir O portão aberto enfim Você viria me encontrar Porque não ajudar? Porque não ajudar? Porque	Rock
1306	Adiei meus planos desmarquei meus sonhos e resolvi enfrentar encarar o que eu tinha que encarar Só usei o que havia de melhor e mais seguro em mim juntei tudo o que eu tinha a meu favor Mas mesmo assim foi tão dificil acreditar em mim Refrão(2x) uuuhuhu.. e ainda tive que aguentar voce me chamar de sonhador me chamar de sonhador uhuhuuu..	Rock
1307	Tudo sempre pode ser um pouco melhor Se as coisas são ruins melhor não tê-las Viver o tempo todo esperando o pior É a meta pra quem quer ser mais ou menos Dizer: não vai dar certo É só sentar e esperar Que o tempo vai premiar os torcedores Então pensem e esperem os tôlos Por que eu acho que as coisas	Rock
1308	Fique à vontade, pode entrar O prazer é meu Por mim, tudo bem Não há de quê E quando eu penso em todas as coisas Que você falou só por falar E quando eu lembro de todas as coisas Que você falou só pra agradar Uma paródia do normal Pra te enlouquecer Meias palavras, distração Superficial E quando eu penso	Rock
1309	Tudo na vida tem um momento em que chega a seu limite E há quem acredite Que certas palavras não hão de ser ditas É aí que você se engana A minha paciência, você percebeu, chegou	Rock
1310	Moramos na cidade, também o presidente E todos vão fingindo viver decentemente Só que eu não pretendo ser tão decadente não Tédio com um T bem grande pra você Andar a pé na chuva, às vezes eu me amarro Não tenho gasolina, também não tenho carro Também não	Rock
1311	Porque não Desculpa esfarrapada Mentira mal contada Que é que tem Se a culpa é trasferida pr'outro alguém Eu também Acho que assim tá tudo bem Tudo bem Sai pela tangente, tudo bem Sujeira embaixo do tapete, tudo bem Fica o dito pelo não dito, tudo bem Tapa o sol com a peneira e tudo bem Como não admirar	Rock
1312	Não gosto de sair Não consigo dançar Eu gosto é de ficar parado Não sei o que pensar Não tenho o que falar É bem melhor ficar calado Se tudo está errado a culpa não é minha nunca quis atrapalhar ninguém Também não vou perder meu tempo tentando mudar a	Rock
1313	Porque você não desaba e cai? Perde a classe Quebra alguma coisa e sai Tem tantos motivos Porque você não grita um palavrão? Pra aliviar sua depressão Sou todo ouvidos Corda queima É só mais um Sopro seco É só outro Verão Verão Verão Um dia você vai acordar e descobrir De cada lado você está Eu fecho os	Rock
1314	Muito além do seu direito de sofrer E do dever de ser feliz Poder reclamar sem se informar Só Falar o que você sempre quis Está certa a decisão Não tem mais discussão Essa é a minha versão, uh huh Da verdade absoluta Eu te falei pra	Rock
1315	Muito amor milhões de beijos É só você sair para eu ficar com saudades É o que de bom acontece na minha vida Você é o meu refúgio minha prioridade E se eu andar com sorriso no rosto Por aí alguem vier te perguntar Ah! Ah! Ah! Ah! Ah! Ah! Você sabe, só você sabe, você sabe Você sabe, só você sabe, você sabe por quê! Meu coração de pedra que eu me orgulhava Finalmente foi aposentado E é por isso que hoje eu me considero Um cara de sorte por andar ao seu	Rock
1316	Por você eu dançaria tango no teto Eu limparia os trilhos do metrô Eu iria a pé do Rio a Salvador Eu aceitaria a vida como ela é Viajaria a prazo pro inferno Eu tomaria banho gelado no inverno Por você eu deixaria de beber Por você eu ficaria rico num mês Eu dormiria de meia pra virar burguês Eu mudaria até o meu nome Eu viveria em greve de fome Desejaria todo dia, A mesma mulher Por você, por você Por você, por você Por	Rock
1317	Eu te desejo não parar tão cedo Pois toda idade tem prazer e medo E com os que erram feio e bastante Que você consiga ser tolerante Quando você ficar triste Que seja por um dia, e não o ano inteiro E que você descubra que rir é bom, mas que rir de tudo é desespero Desejo que você tenha quem amar E quando estiver bem cansado Ainda, exista amor pra recomeçar Pra recomeçar Eu te desejo, muitos amigos Mas que em um você possa confiar E que tenha até inimigos Pra você não deixar de duvidar Quando você ficar triste Que seja por	Rock
1318	Eu procuro um amor que ainda não encontrei diferente de todos que amei Nos seus olhos quero descobrir uma razão para viver e as feridas dessa vida eu quero esquecer Pode ser que eu a encontre numa fila de cinema numa esquina ou numa mesa de bar Procuro um amor que seja bom pra mim vou procurar, eu vou até o fim E eu vou	Rock
1319	Amor, meu grande amor, não chegue na hora marcada Assim como as canções, como as paixões e as palavras Me veja nos seus olhos, na minha cara lavada Me venha sem saber se sou fogo ou se sou água Amor, meu grande amor, que chega assim bem de repente Sem nome ou sobrenome, sem sentir o que não sente Que tudo o que ofereço é meu calor, meu endereço A vida do teu filho desde o fim até o começo Amor, meu grande amor, só dure o tempo que mereça E quando me quiser	Rock
1320	Disparo contra o sol Sou forte, sou por acaso Minha metralhadora cheia de mágoas Eu sou um cara Cansado de correr Na direção contrária Sem pódio de chegada ou beijo de namorada Eu sou mais um cara Mas se você achar Que eu tô derrotado Saiba que ainda estão rolando os dados Porque o tempo, o tempo não pára Dias sim, dias não Eu vou sobrevivendo sem um arranhão Da caridade de quem me detesta A tua piscina tá cheia de ratos Tuas idéias não correspondem aos fatos O tempo não pára Eu vejo o futuro repetir o passado Eu vejo um museu de grandes novidades O tempo não pára Não pára, não, não pára Eu não tenho data pra comemorar Às vezes os meus dias são de par em par Procurando uma agulha num palheiro Nas	Rock
1321	Pode seguir a tua estrela O teu brinquedo de star Fantasiando em segredo O ponto aonde quer chegar O teu futuro é duvidoso Eu vejo grana, eu vejo dor No paraíso perigoso Que a palma da tua mão mostrou Quem vem com tudo não cansa Bete	Rock
1322	Todo dia a insônia Me convence que o céu Faz tudo ficar infinito E que a solidão É pretensão de quem fica Escondido, fazendo fita Todo dia tem a hora da sessão coruja Só entende quem namora Agora vam'bora Estamos, meu bem, por um triz Pro dia nascer feliz Pro dia nascer feliz O mundo acordar E a gente dormir Pro dia nascer feliz Essa é a vida que eu quis O mundo inteiro acordar E a gente dormir Todo dia é dia	Rock
1323	Toda brincadeira, não devia ter hora para acabar Toda quarta feira ela sai sem pressa pra voltar Esmalte vermelho, tinta no cabelo Os pés no salto alto, cheios de desejo Vontade de dançar até o amanhecer Ela está suada, pronta pra se derreter! Ela é puro êxtase, êxtase. Barbies, Betty Boops, puro êxtase Se o galo cantou,	Rock
1324	Baby, compra o jornal e vem ver o sol Ele continua a brilhar, apesar de tanta barbaridade Baby escuta o galo cantar, a aurora dos nossos tempos Não é hora de chorar, amanheceu o pensamento O poeta está vivo, com seus moinhos de vento A impulsionar a grande roda da história Mas quem tem coragem de ouvir Amanheceu o pensamento Que vai mudar o mundo com seus moinhos de vento Se você não pode ser forte, seja pelo menos humana Quando o	Rock
1325	Mais uma dose? É claro que eu estou a fim A noite nunca tem fim Por que que a gente é assim? Agora fica comigo Não desgruda de mim Vê se ao menos me engole Mas nãoo me mastiga assim Canibais de nós mesmos Antes que a terra nos coma Cem gramas, sem dramas Por que que a gente é assim? Mais uma dose? É claro que eu tô a fim A noite nunca tem fim Baby, por que que a gente é assim? Você tem exatamente Três mil horas pra parar de me	Rock
1326	Quando você se separou de mim Quase que a minha vida teve fim Sofri, chorei tanto que nem sei Tudo que chorei por você, por você Quando você se separou de mim Eu pensei que ia até morrer Depois lutei tanto pra esquecer Tudo que passei com você, com você, com você Mesmo assim ainda eu não vou dizer que já te esqueci Se alguém vier me perguntar Nem mesmo sei	Rock
1327	Eu quero a sorte de um amor tranqüilo Com sabor de fruta mordida Nós na batida, no embalo da rede Matando a sede na saliva Ser teu pão, ser tua comida Todo amor que houver nessa vida E algum trocado pra dar garantia E ser artista no nosso convívio Pelo inferno e céu de todo dia Pra poesia que a gente não vive Transformar o tédio em melodia... Ser teu pão, ser tua comida Todo amor que houver	Rock
1328	Pra que mentir Fingir que perdoou Tentar ficar amigos sem rancor A emoção acabou Que coincidência é o amor A nossa música nunca mais tocou Pra que usar de tanta educação Pra destilar terceiras intenções Desperdiçando o meu mel Devagarzinho, flor em flor Entre os meus inimigos, beija-flor Eu protegi teu nome por amor Em um	Rock
1329	Eu tô perdido Sem pai nem mãe Bem na porta da tua casa Eu tô pedindo A tua mão E um pouquinho do braço Migalhas dormidas do teu pão Raspas e restos Me interessam Pequenas poções de ilusão Mentiras sinceras me interessam Me interessam Eu	Rock
1330	Hoje, eu não quero ver o sol, vou pra noite, tudo vai rolar O meu coração é só um desejo de prazer Não quer flor, não quer saber de espinho Mas se você quiser tudo pode acontecer no caminho Automóveis piscam os seus faróis Sexo nas esquinas, violentas paixões Não me diga, não me diga o que fazer Não me fale, não me fale de você... Mas se você quiser, eu bebo o seu vinho Mas se você quiser sou pedra, flor e espinho Eu quero te ter Não me venha falar de medo Não me diga não	Rock
1331	Se eu ainda soubesse Como mudar o mundo Se eu ainda pudesse Saber um pouco de tudo Eu voltaria atrás no tempo Eu não te deixaria Presa no passado E arrumaria um jeito Pra você estar ao meu lado de novo Eu voltaria no tempo Pra voltar pra ontem Sem temer o futuro E olhar pra hoje Cheios	Rock
1332	Meus bons amigos, onde estão Notícias de todos quero saber Cada um fez sua vida de forma diferente Às vezes me pergunto: Malditos ou inocentes? Nossos sonhos, realidades Todas as vertigens, crueldades Sobre nossos ombros aprendemos a carregar Toda a vontade que faz vingar No bem que fez prá mim Assim, assim, me fez feliz, assim O amor sem fim Não esconde o medo	Rock
1333	Vivendo em tempo fechado Correndo atrás de abrigo Exposto a tanto ataque, você tá perdido Nem parece o mesmo, tá ficando pirado Onde você encosta dá curto Você passa, o mundo desaba E pra te danar nada mais dá certo E pra piorar os falsos amigos chegam E pra te arrasar quem te governa não presta Declare guerra a quem finge te amar, declare guerra A vida anda ruim na aldeia Chega de	Rock
1334	Amor da minha vida Daqui até a eternidade Nossos destinos Foram traçados Na maternidade Paixão cruel desenfreada Te trago mil Rosas roubadas Pra desculpar Minhas mentiras Minhas mancadas Exagerado Jogado aos teus pés Eu sou mesmo exagerado Adoro um amor inventado Eu nunca mais vou respirar Se você não me notar Eu posso até Morrer de fome Se você não me amar Que por você	Rock
1335	"penso como vai minha vida alimento todos os desejos exorciso as minhas fantasias todo mundo tem um pouco de medo da vida pra que perder tempo desperdiçando emoções grilar com pequenas provocações ataco se isso for preciso sou eu quem escolho e faço os meus inimigos ""saudações a quem tem coragem"" aos que tão aqui pra qualquer viagem não fique esperando a vida passar tão rápido"	Rock
1336	Que você come? Que você bebe? Que você fuma? Que você compra? Que você veste? O que você usa? Com quem você anda? Com quem você vive? Com quem você fica? Com quem você se envolve? REFRÃO: Cuidado Cuidado Se não você dança (2x) E o flanelinha? E o avião? E a camisinha? O que você fala? No celular Com quem você fica?	Rock
1337	"Solidão a dois de dia Faz calor, depois faz frio Você diz ""já foi"" e eu concordo contigo Você sai de perto eu penso em suicídio Mas no fundo eu nem ligo Você sempre volta com as mesmas notícias Eu queria ter uma bomba Um flit paralisante qualquer Pra poder me livrar Do prático efeito Das tuas frases feitas Das tuas noites perfeitas Solidão a"	Rock
1338	Está chegando Um novo tempo de paz Junto com a chuva Indo embora pro mar E num improviso da jazz Nossas manias se encontram Está chegando Um novo tempo de paz Tanto faz Com quem esteja a razão Vamos ser amigos Enfrentar os perigos Não amargar nenhuma tensão Sem paixão, tanto faz Amor de	Rock
1339	Não me atire no mar de solidão Você tem a faca, o queijo e meu coração nas mãos Não me retalhe em escândalos Nem tão pouco cobre o perdão Deixe que eu cure a ferida dessa louca paixão Que acabou feito um sonho Foi o meu inferno, foi o meu descanso A mesma mão que acaricia, fere e sai furtiva Faz do amor uma história triste O bem que você me fez nunca foi real Da semente mais rica, nasceram flores do mal Huummm....	Rock
1340	Becos escuros, ruas desertas Sombras, sussurros, noites e frestas Frio na espinha, beijos roubados Sexo e vertigem, amor e pecado Tudo o que um dia Já foi um motivo Pra tanto mistério e prazer Apodreceu o nosso fruto proibido E eu vim aqui hoje só pra dizer Eu quero te olhar De um lugar diferente Eu quero a chave A chave da porta da frente Eu quero agora E eu quero pra sempre	Rock
1341	Becos escuros, ruas desertas Sombras, sussurros, noites e frestas Frio na espinha, beijos roubados Sexo e vertigem, amor e pecado Tudo o que um dia Já foi um motivo Pra tanto mistério e prazer Apodreceu o nosso fruto proibido E eu vim aqui hoje só pra dizer Eu quero te olhar De um lugar diferente Eu quero a chave A chave da porta da frente Eu quero agora E eu quero pra sempre	Rock
1342	Mãe, se eu morrer De um repentino mal Vende meus bens À bem dos meus credores A fantasia de festivas cores que usei No derradeiro carnaval Vende esse rádio Que ganhei de prêmio Por um concurso Num jornal do povo E aquele terno novo Ou quase novo Com poucas manchas De café boêmio Vende também meus óculos antigos Que me davam ares inocentes Não precisarei de suas lentes Pra enxergar os corações amigos	Rock
1343	Da amizade quero muito Tudo que puder sonhar Para encontrarmos juntos Direção pra caminhar Por que andar tão só, não é justo Andar tão só, não é justo Não desqualifique o mundo Levantando outro muro O importante é estar vivendo E buscar prazer em tudo Por que andar tão só, não é justo Andar tão só Ao lado dos amigos Eu escapo de qualquer perigo E se você deixar A solidão te engole vivo Se você deixar, a solidão Incensa desperdícios Reinventa precipícios Te protege e castra Dessa ninguém escapa Se for pra levar na	Rock
1344	A voz da chuva Faz cócegas no meu ouvido Falando de sementes, E frutos brotando É como a gente, baby Ou você está me enganando? Me engana, me engana,baby Eu continuo dançando A chuva quando fala Lava minha alma Ela me acalma Quando a chuva fla Molha tudo Tudo vinga germinando A	Rock
1345	Ela passou noites e mais noites sem pintar Dessa vez exagerou eu não posso perdoar Agora minha vida mudou eu acordo ela não está com certeza tá com outro Só pra me sacanear Porque eu gostava dela e eu já não gosto mais Poque eu gostava dela mas agora tudo acabou Anda com outros caras circulando pela cidade gastando meu dinheiro aproveitando a pouca idade pro outros animada pra mim sempre cansada mas uma hora a mesa gira	Rock
1346	Está chegando Um novo tempo de paz Junto com a chuva Indo embora pro mar E num improviso da jazz Nossas manias se encontram Está chegando Um novo tempo de paz Tanto faz Com quem esteja a razão Vamos ser amigos Enfrentar os perigos Não amargar nenhuma tensão Sem paixão, tanto faz Amor de	Rock
1347	Eu te desejo não parar tão cedo Pois toda idade tem prazer e medo E com os que erram feio e bastante Que você consiga ser tolerante Quando você ficar triste Que seja por um dia, e não o ano inteiro E que você descubra que rir é bom, mas que rir de tudo é desespero Desejo que você tenha quem amar E quando estiver bem cansado Ainda, exista amor pra recomeçar Pra recomeçar Eu te desejo, muitos amigos Mas que em um você possa confiar E que tenha até inimigos Pra você não deixar de duvidar Quando você ficar triste Que seja por	Rock
1348	Madrugada Azul, sem luz Dias de brinquedo Linda assim me veio E eu me entreguei Inocentemente Como um selvagem Como o brilho esperto Dos olhos de um cão Amor, amor Diz que pode, depois morde Pelas costas sem querer Amor, amor Assim como um leão caçando o medo Meu caminho nesse	Rock
1349	Amor, meu grande amor, não chegue na hora marcada Assim como as canções, como as paixões e as palavras Me veja nos seus olhos, na minha cara lavada Me venha sem saber se sou fogo ou se sou água Amor, meu grande amor, que chega assim bem de repente Sem nome ou sobrenome, sem sentir o que não sente Que tudo o que ofereço é meu calor, meu endereço A vida do teu filho desde o fim até o começo Amor, meu grande amor, só dure o tempo que mereça E quando me quiser	Rock
1350	Aproveitando a sombra do teu barraco Minha alma é puro sol Um avião passa, um produto anuncia Acendo um cigarro Tudo parece ter um pouco de magia Vacas no pasto a ruminar Estórias e desejos A sujeira do mal	Rock
1351	Amor escravo de nenhuma palavra Não era isso que você procurava Não viu no fundo da retina a mágoa A luz confusa onde o tudo é o nada A esperança está grudada na carne Que diferença há	Rock
1352	Lá em Londres Vez em quando Me sentia longe daqui Vez em quando Quando me sentia longe Dava por mim Puxando o cabelo, nervoso Querendo ouvir Celly Campelo pra não cair Naquela fossa em que vi Um camarada meu De Portobello cair Naquela falta de juízo Que eu não tinha nem uma razão Pra curtir Naquela ausência De calor, de cor, de sal De sol, de coração pra sentir Tanta saudade Preservada Num velho baú de prata Dentro de mim Digo num baú de prata Porque prata é	Rock
1353	"Eu dizia: \""apareça\"" Quando apareceu, não esperava Um dia me beijou e disse: \""não me esqueça\"" Foi embora e só esqueci metade Que bom que eu não tinha um revólver! Quem ama mais com bala que com flecha Não! Não diga isso é over! Ela deixou furo e a porta que se abriu Jamais se fecha Nada disso"	Rock
1354	Naqueles dias Todo dia eu renascia Na pele dos teus lábios E trazia comigo uma oração Pros tumultos da paz Porque naqueles dias Eu te amava demais Eram dias de pura luz Refletindo nos metais E pelos nossos beijos Caravelas e língua passeavam Em delírios fluviais Amor à luz de velas Mensagem na garrafa perdida Vinda na saliva de	Rock
1355	Pode seguir a tua estrela O teu brinquedo de star Fantasiando em segredo O ponto aonde quer chegar O teu futuro é duvidoso Eu vejo grana, eu vejo dor No paraíso perigoso Que a palma da tua mão mostrou Quem vem com tudo não cansa Bete	Rock
1356	Dance Eu quero que você me canse Até o sol raiar Canse Eu quero ver você em transe Me chamar, me chamar Me gritar pedindo, deixando Bicho humano uivando Bicho humano uivando Eu não te amo, não Eu não te amo, não	Rock
1357	"Hoje eu acordei com sono e sem vontade de acordar o meu amor foi embora e só deixou pra mim um bilhetinho todo azul com seus garranchos Que dizia assim ""Chuchu vou me mandar!"" é eu vou pra Bahia (pra bahia) talvez volte qualquer dia o certo é que eu tô vivendo eu tô"	Rock
1358	Morava nessa época lá em Nova Iguaçu um cara chamado Billy João! Sacava sua arma mais rápido que um raio e tinha uma voz maior que um trovão Mas num dia desses na baixada apareceu um cara mais valente mais esperto que ele não quis nem conversa e botou o Billy pra correr e Billy ainda não sabe como vai viver! Logo em sua mente um dilema apareceu e Billy	Rock
1359	"Eu conheci um cara num bar lá do Leblon Foi se apresentando: ""Eu sou Billy Negão A turma da Baixada sabe que eu sou durão Eu só marco touca é com o coração"" ""Bati uma carteira pra pagar o meu pivô Sorri cheio de dentes pro meu amor Ela nem ligou, foi me xingando de ladrão Pega ladrão! Pega ladrão!"" ""Alguém passava perto e, sem querer, escutou Correu no delegado e me"	Rock
1360	Você me largou Sem adeus ou remorso E o seu desespero veio Roer todos os meus ossos Você me deixou E o mundo parece desmoronar (desabar) Eu não consigo Rir ou chorar Só vejo	Rock
1361	Eu traço tantos planos Brilhantes, antes De te ganhar num salto Mortal, de iniciante Na pirraça de te ter Por enquanto, por enquanto Eu miro o índio que eu sou No teu ser E alcanço Viagens tão óbvias Loucuras tão sóbrias De um iniciante De um iniciante Aprendiz	Rock
1362	Tudo o que você faz, um dia volta pra você Tudo o que você faz, um dia volta pra você E se você fizer o mal, com o mal um dia você vai ter de viver Não me entregue o seu ódio, sua crise existencial Preliminares não me atingem, o que interessa é o final E não me venha com problemas, sinta sozinho o seu mal Como um bumerangue Tudo vai voltar E a ferida que você me faz É em você que	Rock
1363	Eu não estou aqui pra brigar com você E nem pretendo mais me aborrecer Embora eu ache que era a hora Depois de toda essa demora Que não foi capaz de me adormecer Nossas almas gêmeas então mudaram de tom e cor Nossa cela já não tem mais chave mas você ficou No meio da sala perdida e só sem uma direção E meio cansada de ver fugir num instante tudo que sonhou E tudo que eu tentei fazer Pra te ver mais feliz E tudo que eu tentei esquecer Eu fiz também por mim Nossas almas gêmeas então mudaram de tom e cor Nossa cela já	Rock
1364	Tudo azul No céu desbotado E a alma lavada Sem ter onde secar Eu corro Eu berro Nem dopante me dopa A vida me endoida Eu mereço um lugar ao sol Mereço Ganhar pra ser Carente profissional Se eu vou pra casa Vai faltando	Rock
1365	carnaval eu danço no temporal carnaval eu queimo meu arsenal carnaval nos trilhos pela central carnaval das tribos do litoral quero ver você brincar farra malandra ao luar baile de máscaras bizarras malandros, otários em arruaça vem bailar comigo vem me abocanhar sua saia preta eu quero estraçalhar sedução não passa	Rock
1366	Mais um dia Não há espanto Nem correria Nas ruas É carne crua Sangrando Transbordando Solidão A felicidade não inspira Confiança pra mim Vale a vontade De ir em frente até o fim E quem me prove Que não é bom o veneno Suicidar com todos os desejos E	Rock
1367	Andava tão calmo Dava pra desconfiar Levando a minha vida Sem me preocupar Você pintou Eu tava quieto no meu canto Curtiu com a minha cara Foi me provocando Pensando que eu fosse Entrar no teu jogo Brincar de apaixonar O coração de	Rock
1368	Tava queimando no meu carro A tal gasolina E do meu lado,meu amor me avisou Vou sair de cena Me deu um beijo na corrida Correndo ela sumiu Desceu voando a escadaria do metrô Cena de cinema Lá embaixo não tem estrela É a maior ficção Fico	Rock
1369	Já nem sei quanto tempo faz Ele foi como quem se distrai Viu na cor de um som a cor que atrai Foi num solo que não volta atrás Tchau, mãezinha, fui beijar o céu A vida não tem tamanho Tchau, paizinho, eu vou levando fé É tudo	Rock
1370	"""A cidade está tão fria Eu tô na rua principal O meu amor passou por mim, Na contramão, não quis olhar Eu tô sozinho aqui de novo E a tristeza mora em mim Eu nunca vou me esquecer Das vezes que já te"	Rock
1371	Por mais que eu queira insistir Nosso tempo acabou Eu tenho que admitir Isso não é mais amor Tarde da noite Você não é mais a mesma pessoa Que eu amei acima de tudo E nada disso foi à toa Vendo o sonho morrer Eu pude perceber Você dormindo hoje ao meu lado É um cigarro aceso queimando meu braço É um cigarro aceso queimando meu braço Agora não tem mais jeito Mil detalhes nos acordaram O rio ficou estreito Nossos papos se desmancharam Tarde da noite E você não é mais	Rock
1372	Redonda hóstia da igreja O ciclo da natureza São bolas todos os planetas E os peitos da negra Tereza O Sol é uma bola de fogo A Terra também é redonda A bola é a alegria do jogo A Lua que não se esconda Porosa, esfera terrestre Em movimentos de rotação Passeios de roda gigante Um Maracanã de emoções O mundo girando em torno do Sol Rodando feito um pião Redonda hóstia da igreja O ciclo da natureza São bolas todos os planetas E os peitos da negra Tereza Esferistas, gregos ensinavam seus garotos a comerem a	Rock
1373	Pra que mentir Fingir que perdoou Tentar ficar amigos sem rancor A emoção acabou Que coincidência é o amor A nossa música nunca mais tocou Pra que usar de tanta educação Pra destilar terceiras intenções Desperdiçando o meu mel Devagarzinho, flor em flor Entre os meus inimigos, beija-flor Eu protegi teu nome por amor Em um	Rock
1374	Nas diurnas Nas noturnas Um cigano vagabundo Um clown pirado De barriga vazia E o sapato furado Tudo tão exposto A qualquer estação Nem vou pensar Que vai ser diferente Comendo vidro Eu tô comendo vidro Comendo vidro Mastigando e engolindo A estrada é longa Tão bom andar Ontem ali Hoje acolá Não é fácil não É mais que duro É como comer	Rock
1375	Porque razão isso acontece? A felicidade me assalta E nem sequer se explica Eu embarco e não duvido Porque razão isso acontece? Quando tudo parece estar tão bem E a tristeza me invade Tipo fim do mundo Desmentindo amor e verdade Cortando fundo Sem razão e piedade Porque razão isso acontece? Alguém sempre aparece Me cura e	Rock
1376	Curto seu corpo Quando está com o meu corpo é coisa assim tão nova músculos e nervos também Curto seu corpo, eu curto o que ele faz sentir a coluna do seu corpo seus ossos e as macias firmes ancas que de	Rock
1377	Tudo bem, você se mandou Não agüentou o peso da barra Que é escolher viver de verdade Se arregou, parou na metade Agora vai, vai correndo pra casa Papai e mamãe tão na sala Te esperando, tão jantando É,	Rock
1378	Nesses dias calmos É bom sair de carro Prá se distrair Quando menos espero Eu me desespero Prá me divertir Com tudo em cima A noite vai rolar Eu sempre fui assim A rua é o meu lugar Pr\'eu rolar a noite inteira Falar muita besteira (fazer muita zueira) Só pra	Rock
1379	Copacabana você não me engana Com seus bares e quitinetes Vapores circulando livres pelas lanchonetes Lembro de velhos safados De binóculos a espiar das janelas Andando pelas esquinas Lambendo a nudez de suas meninas Copacabana você não me engana Com seus travestis e generais de pijama Essa beira-mar, quanto amor e sexo Ainda há de	Rock
1380	Que você come? Que você bebe? Que você fuma? Que você compra? Que você veste? O que você usa? Com quem você anda? Com quem você vive? Com quem você fica? Com quem você se envolve? REFRÃO: Cuidado Cuidado Se não você dança (2x) E o flanelinha? E o avião? E a camisinha? O que você fala? No celular Com quem você fica?	Rock
1381	Intro: D# A# Cm G# A# D# Que angústia desesperada A# Minha fé parece cansada Cm G# E nada, nada mais me acalma D# Você pisou na flor A# E esqueceu do espinho Cm Virou do avesso sem saber G# Os nossos sentidos D# Até aonde existe o amor A# E suportar suas feridas Cm Até aonde existe a dor G# De quem assume esta sina D# A# Cm G# A# D# A# Viver é um vôo pra felicidade Cm E a voz da verdade G# Nunca fez caridade D# E todo dia ao acordar A# Eu vou querer saber Cm Que pedaço é esse que me falta G# Que não me deixa esquecer D# A# Cm A dor, o pranto nos olhos G# A# A fúria do seu olhar D# A# Cm Apesar de todo desencanto G# A# Eu não desisto de amar D# F# G# D# Não vai haver mais dor pra mim F# G# D# Daqui por diante vai ter que ser assim D# F# G# D# Não vai haver mais	Rock
1382	Vivendo em tempo fechado Correndo atrás de abrigo Exposto a tanto ataque, você tá perdido Nem parece o mesmo, tá ficando pirado Onde você encosta dá curto Você passa, o mundo desaba E pra te danar nada mais dá certo E pra piorar os falsos amigos chegam E pra te arrasar quem te governa não presta Declare guerra a quem finge te amar, declare guerra A vida anda ruim na aldeia Chega de	Rock
1383	Em cada riso, em cada gesto seu Vi em você meu abrigo Agora agrido, só pra não lembrar O que sobrou dos nossos sorrisos Agora é tarde, tarde demais De nada vale o meu grito Todos querem que eu reaja Que eu não fique desse jeito tão passivo	Rock
1384	De você eu não quero um centavo Muito menos ser o seu escravo Parece difícil acreditar Que eu tenha algum amor pra dar Já fiz de tudo Entrei no teu mundo Só pra te mostrar Que o que eu sinto É muito mais fundo Parece que vai estourar, baby, baby Não quero que você faça minha cama Apesar d'eu gostar	Rock
1385	Fim A noite acabou feito gim Espuma branca lavando o meu pé Os amigos de sempre já tão indo embora E o garçon fecha o bar Mal-humorado e cansado Será que você não vê Que o teu lugar é do meu lado? Nós dois indo juntos pra casa Ah, eu já tô vendo o meu fantasma Guardando lugar pra amanhã Guardando lugar pra amanhã Mas se	Rock
1386	Eu não sei o que o meu corpo abriga Nestas noites quentes de verão E nem me importa que mil raios partam Qualquer sentido vago de razão Eu ando tão down Eu ando tão down Outra vez vou te cantar, vou te gritar Te rebocar do bar E as paredes do meu quarto vão assistir comigo À versão nova de uma velha história E quando o sol vier tocar	Rock
1387	Nosso amor não deu certo Gargalhadas e lágrimas De perto fomos quase nada Tipo de amor que não pode dar certo Na luz da manhã E desperdiçamos os blues do Djavan Demasiadas palavras Fraco impulso de vida Travadamente na ideologia E o corpo não agia como se o coração Tivesse antes que optar Entre o inseto e o inceticida Não me queixo Eu não soube te amar Mas não deixo de querer conquistar Uma coisa qualquer em você O que será Como nunca se mostra o outro lado da lua Eu desejo viajar pro outro lado da rua Meu coração galinha de leão Não quer mais amarrar frustração Ó eclipse oculto na luz do verão Bem que nós fomos felizes só durante o prelúdio Gargalhadas e lágrimas até irmos pro estúdio Mas na hora	Rock
1388	Tudo acaba nisso é a única questão Embriagar-se é preciso Não importa que horas são Não ser escravo do tempo, Nas escadarias de um palácio, Na beira de um barranco ou na solidão do quarto Embriague-se, embriague-se De noite ou ao meio dia Embriague-se, embriague-se numa boa De vinho,virtude ou poesia Tudo acaba nisso, é a única questão Embriagar-se é preciso não importa que horas são Pra quem foge, pra quem geme, Pra quem fala, pra quem canta, pra não ter medo	Rock
1389	Quantas coisas eu ainda vou provar E quantas vezes para a porta eu vou olhar Quantos carros nessa rua vão passar Enquanto ela não chegar Quantos dias eu ainda vou esperar E quantas estrelas eu vou tentar contar E quantas luzes na cidade vão se apagar Enquanto ela não chegar Eu tenho andado tão sozinho Que eu nem sei no que acreditar E a paz que busco agora Nem a dor vai me negar Não deixe o sol morrer Errar é aprender Viver é deixar viver Não deixe o sol morrer Errar é aprender Viver é deixar viver Quantas besteiras	Rock
1390	O vento é um desenho Quando batem suas asas A rocha e o seu silêncio São milênios de palavras A água está fervendo Pra terminar evaporada Nos trazem um estranho exemplo Como faltar dentes a uma risada O lenço na janela do apartamento E o selo de um postal O medo de ficar num engarrafamento Longe	Rock
1391	"Solidão a dois de dia Faz calor, depois faz frio Você diz ""já foi"" e eu concordo contigo Você sai de perto eu penso em suicídio Mas no fundo eu nem ligo Você sempre volta com as mesmas notícias Eu queria ter uma bomba Um flit paralisante qualquer Pra poder me livrar Do prático efeito Das tuas frases feitas Das tuas noites perfeitas Solidão a"	Rock
1392	Eu tô feliz, mas eu não sou feliz Quase sempre eu tô mal, mas esse é um momento especial Eu tô feliz, mas eu não sou feliz Aproveite a minha companhia porque não é todo dia Eu tô feliz, mas	Rock
1393	Amor da minha vida Daqui até a eternidade Nossos destinos Foram traçados Na maternidade Paixão cruel desenfreada Te trago mil Rosas roubadas Pra desculpar Minhas mentiras Minhas mancadas Exagerado Jogado aos teus pés Eu sou mesmo exagerado Adoro um amor inventado Eu nunca mais vou respirar Se você não me notar Eu posso até Morrer de fome Se você não me amar Que por você	Rock
1394	Ruas...Poesia bruta, Sentimentos de concreto, Sangue que corre por fios elétricos Ruas.. Poema em linha reta, Tua marginália tão discreta Avenida que embriaga, O fio da navalha Ruas...poesia crua, Pagadas na calçada, Arranha-céu observa Com olhos de vidraça Ruas...poesia suja, Um beijo no asfalto. Neons vomitam, marcas, Cruzes, cruzamentos, encruzilhadas... Pela via expressa, pelas	Rock
1395	Não me atire no mar de solidão Você tem a faca, o queijo e meu coração nas mãos Não me retalhe em escândalos Nem tão pouco cobre o perdão Deixe que eu cure a ferida dessa louca paixão Que acabou feito um sonho Foi o meu inferno, foi o meu descanso A mesma mão que acaricia, fere e sai furtiva Faz do amor uma história triste O bem que você me fez nunca foi real Da semente mais rica, nasceram flores do mal Huummm....	Rock
1396	Esse seu fogo É fogo de palha Toda essa bala Não quer dizer nada Não atinge ninguém É tão bem comportada Não arrisca nada Só pra se manter Parece que não é de carne	Rock
1397	Passeando pela cidade destruída Bombas foram lançadas E tudo reduzido a pó Na praça aberta sou Um colar de livres pensamentos Quem quer comprar o jornal de ontem Com notícias de anteontem ? Me chamo vento Nada sei Apenas vivo a perambular Uns trabalham por dinheiro Outros por livre e espontânea vontade Eu trabalho para o nada Espalhado pelo chão Sou solidão a	Rock
1398	Era só um outro tempo de encantos escondidos em certas pessoas Como ela especiais, no seu jeito de se entregar Tinha um nome que nadava como um cisne, encantando as pessoas E uma luz que amarela, hoje cisma em me despertar Eu que não esqueço das longas noites no Leblon Olhos, boca, pés e tudo mais, muito acima do chão Guarda essa canção Como o último desejo Do fundo do coração À superfície do beijo... Esse tempo todo que foi lindo não é pra acabar assim Chega então pra dentro do meu sonho e toma conte de mim Vamos beber	Rock
1399	HOMEM NÃO CHORA NEM POR DOR NEM POR AMOR E ANTES QUE EU ME ESQUEÇA NUNCA ME PASSOU PELA CABEÇA LHE PEDIR PERDÃO E SÓ PORQUE EU ESTOU AQUI AJOELHADO NO CHÃO COM O CORAÇÃO NA MÃO NÃO QUER DIZER QUE TUDO MUDOU QUE O TEMPO PAROU QUE VOCÊ GANHOU MEU ROSTO VERMELHO E MOLHADO E SÓ DOS OLHOS PRA FORA TODO MUNDO SABE QUE HOMEM NÃO CHORA ESSE MEU ROSTO VERMELHO E MOLHADO E SÓ DOS OLHOS PRA FORA TODO MUNDO SABE QUE HOMEM NÃO CHORA	Rock
1400	ICEBERG (Frejat/Fernando Magalhães/Dulce Quental/Matilda Kovak) O que você está vendo É a ponta do iceberg Você não perde por esperar O meu julgamento de Nuremberg Pode se preparar Tudo o que é sólido Desmancha no ar Mas o que é leve Vale enquanto pesar Vem chumbo grosso na sua direção Se prepare querida pruma revolução	Rock
1401	Os piratas governam E carrascos executam com alegria E eu andando pelas ruas Assistindo toda essa confusão Dia sem sol Noite sem lua E o medo solto nas ruas Os olhos vidrados como espelhos Lentes escurecidas pela preguiça Alguma coisa aconteceu Acaba de chegar a polícia O céu cinzento reflete O terror do asfalto Graça é pirraça Esperança e covardia Os olhos vidrados como espelhos	Rock
1402	Suspenderam os jardins da Babilônia E eu prá não ficar por baixo Resolvi botar as asas prá fora, porque Quem não chora dali, não mama daqui, diz o ditado Quem pode, pode, deixa os acomodados que se incomodem Minha saúde não é de ferro não Mas meus nervos são de aço Prá	Rock
1403	"O que você quer com esse papo Eu não sei Me paga um trago Que eu dichavo o meu Tudo o que eu falo É piração, é bobagem Porque pra mim Qualquer viagem é viagem Largado no mundo Eu vivo largado no mundo Largado no mundo Eu vivo largado no mundo Na minha cabeça Eu ouço ""Free Again"" De esquina em esquina De vintém em vintém Mando mensagens Quase sempre"	Rock
1404	mudou a minha lente de repente ficou tudo maior mudou a sua lente de repente ficou tudo menor mudou a nossa lente é, ficou tudo do tamanho da gente a lente não mente mente quem está detrás da lente a lente não mente objeto transparente me deixe ver o que sempre foi aparente mudou a minha lente de repente ficou tudo diferente mudou a sua lente você estranha o que vê à sua frente mudou	Rock
1405	Estou tão perto de você Mas me sinto tão longe Eu procuro aparecer Mas algo me esconde Eu não sei quando vai acabar esse vudu comigo Mas baby, eu te quero, te quero E eu me finjo de amigo Hey! Você é linda Baby Mas é tão burra Se enfeita toda toda pra mim Mas nunca, nunca tá afim A	Rock
1406	Eu tô perdido Sem pai nem mãe Bem na porta da tua casa Eu tô pedindo A tua mão E um pouquinho do braço Migalhas dormidas do teu pão Raspas e restos Me interessam Pequenas poções de ilusão Mentiras sinceras me interessam Me interessam Eu	Rock
1407	Agora eu sei quanto eu cresci Já acredito no meu caminho Se até agora eu tô vivo É que deve ser verdade Vejo a cidade da minha janela Debruçado nos meus erros Extravagantes e comuns Me guio sem razão À casa de um homem Ao coração de uma mulher Mas meu coração não é ficção Agora eu sei, nem contramão	Rock
1408	Mais perto do sol Amarelo é o tom A luz é sem par A vida não dói Mais perto do sol É onde eu vou estar Quando de novo A gente se encontrar Você quis fazer As coisas do seu jeito Mais perto do sol Será o último beijo Longe do perigo Mais perto do sol As rodas voltam aos trilhos O filho aprende a andar Mais	Rock
1409	"Vou Apertar Mas não Vou acender agora Vou Apertar Mas não Vou acender agora Se segura malandro Pra fazer a cabeça tem hora É, você não está vendo Que a boca tá assim de corujão Têm dedo de seta adoidado Todos afim de entregar os ""irmão"" Ô malandragem dá um tempo Deixa essa par de sujeira ir embora E é por isso que eu vou apertar Mas não vou acender agora [ Refrão ] É que o 281 foi afastado 16 e o 12 no lugar ficou E uma muvuca de espertos demais Deu mole e o bicho pegou Quando os ""home"" dali grampeiam O coro come a toda hora"	Rock
1410	Se eu durmo é que eu quero Sonhar só com ela E se acordei, foi por acaso Porque no sonho ela me amava E se acordei, foi por descuido Foi por engano Era clara a manhã sem sonho Minha cara inchada de sono Era clara a manhã sem sonho Se eu saio é	Rock
1411	A rua escura deserta Acelera o desejo Eu piso fundo no mundo Com o farol aceso Uma sirene: Polícia! No retrovisor Não sei se é paranóia Ou se sou infrator Em cada curva fechada Espero pelo pior Estranho cheiro de sangue Ninguém ao redor No carro o rádio anuncia Mais um assassinato Vejo seu corpo na esquina Paro o carro e salto Como vou te esquecer? Seu beijo é mesmo assim Marcas no pescoço me dizem Que o tempo todo só Querias assistir o meu fim Um dia seu nome é	Rock
1412	O amor deflagra guerras No coração de quem ama É um bandido sórdido Uma menina linda o amor lança seu ferrão No desamparo dos amantes É um inseto louco em volta da luz Um lobo solitário uivandona escuridão Do amor pouco sei E quase tudo	Rock
1413	Foi você quem quis ir embora Agora toca a campainha e cora Agora volta arrependida e chora Olhar pedindo esmola Baby, eu conheço a tua escola Quem sabe eu faço um blues em tua homenagem Eu vou rimar tanta bobagem Você é tão fácil Menina mimada De enfeites Brochinhos E queixas, queixas, queixas Foi	Rock
1414	Meus bons amigos, onde estão Notícias de todos quero saber Cada um fez sua vida de forma diferente Às vezes me pergunto: Malditos ou inocentes? Nossos sonhos, realidades Todas as vertigens, crueldades Sobre nossos ombros aprendemos a carregar Toda a vontade que faz vingar No bem que fez prá mim Assim, assim, me fez feliz, assim O amor sem fim Não esconde o medo	Rock
1415	"Nossas armas estão na rua É um milagre Elas não matam ninguém A fome está em toda parte Mas a gente come Levando a vida na arte Todos choram Mas só há alegria Me perguntam O que é que eu faço? E eu respondo: ""Milagres,"	Rock
1416	O meu cantar está polido Posso, vou esbravejar Sinto não corro perigo Zumbido de flexa no ar O rumo da bola de vidro Pode do céu despencar Queimar a fúria dos homens Queimando, cinzas tudo virar Então saio andando E ouço	Rock
1417	Eu ontem fui dormir todo encolhido Abraçando uns quatro travesseiros Chorando bem baixinho, bem baixinho, baby Pra nem eu nem Deus ouvir Fazendo festinha em mim mesmo Como um neném, até dormir Sonhei que eu caía do vigésimo andar E não morria Ganhava três milhões e meio de dólares Na loteria E você me dizia com a voz terna, cheia de malícia Que me queria pra toda vida Mal acordei, já dei de cara Com	Rock
1418	Eu sempre acreditei Que a qualquer hora Eu pudesse lhe deixar Pensei que sem você Não poderia Nunca me queixar Mas quando eu fiquei sem lhe ver Então é que eu pude entender Agora que você Está comigo Eu posso até dizer Que foi tão grande o castigo Que me fez compreender O erro que cometi Sofrendo foi que eu aprendi Que não há dinheiro no mundo Que me	Rock
1419	Eu é que não fumo cigarro porque faz mal pro pulmão Mas também não vou viver só de pão pullman Eu é que não me acabo atrás de qualquer sensação Mas também não vou acordar cedo toda manhã Porque eu Cuido da minha saúde Eu	Rock
1420	No silêncio da Amazônia Eu confirmo com você Não há nada nesta noite, não Paralelo ao meu querer Você fica bem nos meus braços Luzindo na minha mão Prenda útil, presa rara A beleza de um pavão Todo mundo foi embora Embora, todo mundo fora Nada mais nos apavora Você é minha namorada Não me fuja pelas mãos Todo mundo foi pra longe Pelas frestas do	Rock
1421	A gente nasce A gente cresce E vive O tempo todo perto dela E é tão bonita Essa razão Tão sem razão A gente leva a vida inteira Pra entender a vida Dia após dia sem imaginar Que para estar no paraíso Basta	Rock
1422	Você que se cuide E pare de me dar respostas prontas Que você tem problemas, eu sei São coisas da idade São coisas da idade Por isso é que você me imita Desliga a razão da tomada Desfila por toda cidade Antecipando o fim Quem você quer não diz nada Vara a madrugada Procurando por mim Eu tenho tudo o que você precisa E mais um pouco Nós somos iguais Na alma e	Rock
1423	Não sei onde eu tô indo Mas sei que eu tô no meu caminho Enquanto você me critica, eu tô no meu caminho Eu sou o que sou, porque eu vivo a minha maneira Só sei que eu sinto que foi sempre assim minha vida inteira Eu sei.. Não sei onde eu tô indo Mas sei que eu tô no meu caminho Enquanto você me critica, eu tô meu caminho Desde aquele tempo enquanto o resto da turma se juntava pra: Bate uma bola! Eu pulava o muro, com Zézinho no fundo do quintal da escola Não sei onde eu tô indo Mas sei que eu tô no meu caminho Enquanto você me critica, eu	Rock
1424	Amor de mil vidas, entrelaçadas avenidas De mão dupla, a vida é única, única saída Me dê a mão, vamos sumir até o asfalto derreter O chumbo do mundo, meu bem, esqueça tudo Ar condicionado ligado Almofada de pluma para o meu amor Me dê a mão vamos sair Loucos pelos cantos do mundo Esqueça tudo, vamos subir Pro topo do mundo Vidas partidas, ilimitadas avenidas De mão dupla,	Rock
1425	Mas não é só isso O dia também morre e é lindo Quando o sol dá a alma Pra noite que vem Alma vermelha, que eu vi Vê, são tantas histórias Que ainda temos que armar Que ainda temos que amar Por enquanto cantamos Somos belos, bêbados cometas Sempre em bandos de quinze ou de vinte Tomamos cerveja E queremos carinho E sonhamos sozinhos E olhamos estrelas Prevendo o futuro Que não	Rock
1426	Vejo na televisão vejo em revistas ..... Como estão os jovens hoje .... Só vêem os nossos erros..... Não vêem o que precisamos...... Eles só vêem e escutam o que querem acreditar .... Não se importando se esta errado ou certo Não se importando se é mentira ou verdade Só olham pra nossos erros pras nossas desgraças .... Não olham para o que necessitamos, ´pra isso eles fecham os olhos ligo a televisão só vejo jovens nas ruas passando fome .... E eles prometendo e ñ cumprindo Prometeram acabar com a fome, pelo menos diminuir nossos indices ........ Cade ? que nada Desviam o dinheiro e fica por isso mesmo...... E as escolas ? Cade ? que nada Já que estamos nesse assunto vamos falar mais um pouco.. E as familias brasileiras .... De baixa renda lógico ..... Vejo mães tendo que mandar seus filhos irem pra casas de farinha ,ou pra plantações ... Pra poder ajudar a por comida em cima da mesa... Enquanto deveriam	Rock
1427	Se eu ainda soubesse Como mudar o mundo Se eu ainda pudesse Saber um pouco de tudo Eu voltaria atrás do tempo Eu não te deixaria Presa no passado E arrumaria um jeito Pra você estar ao meu lado de novo Eu voltaria no tempo Refrão: Pra voltar pra ontem Sem temer o futuro E olhar pra hoje Cheio de orgulho Eu	Rock
1428	a rapidez velha do tempo revive inquisições fatais um novo ciclo de revoltas e preconceitos sexuais por mais liberdade que eu anseie esbarro em repressões fascistas mas tô a margem disso tudo desse mundo escuro e sujo não tenho medo de amar pra mim nunca existiu pecado essa vida	Rock
1429	O telefone tocou Foi tudo muito rápido Sua fala inesperada Sou de um modo perfeito Teria sido o ponto final O dia em que você me salvou Mas acabou sendo o primeiro verso Do enredo de um grande amor No dia em que você me salvou O céu ganhou outra cor Eu estava mal Sozinho, largado Em queda livre	Rock
1430	Foi decretado Estado de calamidade social Agora já se paga os pecados Com carnê mensal O inferno é aqui E não adianta, nem tentar fugir O preço que se paga é alto Para existir Na rua O povo	Rock
1431	Se eu ainda soubesse Como mudar o mundo Se eu ainda pudesse Saber um pouco de tudo Eu voltaria atrás no tempo Eu não te deixaria Presa no passado E arrumaria um jeito Pra você estar ao meu lado de novo Eu voltaria no tempo Pra voltar pra ontem Sem temer o futuro E olhar pra hoje Cheios	Rock
1432	Baby, compra o jornal e vem ver o sol Ele continua a brilhar, apesar de tanta barbaridade Baby escuta o galo cantar, a aurora dos nossos tempos Não é hora de chorar, amanheceu o pensamento O poeta está vivo, com seus moinhos de vento A impulsionar a grande roda da história Mas quem tem coragem de ouvir Amanheceu o pensamento Que vai mudar o mundo com seus moinhos de vento Se você não pode ser forte, seja pelo menos humana Quando o	Rock
1433	Diga o que faço Mas não faça o que digo Se eu estou por perto É sinal de perigo Apronto e desapronto Mas não passo	Rock
1434	o que você faz depois do fim da festa quando nada mais lhe resta ninguém mais presta atenção que que você faz depois do fim da festa a febre se manifesta e o corpo implora proteção que que você faz quando um bar	Rock
1435	Te escrevo essa carta pois não tenho voz Suficiente pra nós Não durmo direito há alguns dias Só alguns dias E vem a tranquilidade do sono Se mistura a realidade do sonho E nessa hora ninguém é de ninguém Essa carta que eu te escrevo Não impede que eu fique mudo Mas o resto da carta, o resto de tudo	Rock
1436	Disparo contra o sol Sou forte, sou por acaso Minha metralhadora cheia de mágoas Eu sou um cara Cansado de correr Na direção contrária Sem pódio de chegada ou beijo de namorada Eu sou mais um cara Mas se você achar Que eu tô derrotado Saiba que ainda estão rolando os dados Porque o tempo, o tempo não pára Dias sim, dias não Eu vou sobrevivendo sem um arranhão Da caridade de quem me detesta A tua piscina tá cheia de ratos Tuas idéias não correspondem aos fatos O tempo não pára Eu vejo o futuro repetir o passado Eu vejo um museu de grandes novidades O tempo não pára Não pára, não, não pára Eu não tenho data pra comemorar Às vezes os meus dias são de par em par Procurando uma agulha num palheiro Nas	Rock
1437	Intro: G Eb C Bb G G Durante séculos você me abraça, C parece sempre a primeira vez G Tanta carência me sufoca, Bb C é um pavor quero deixar bem claro G D Odeio-te meu amor! G Você parece este planeta exausto, C será que amar é tão ruim assim G Minha piscina de cacos de vidro, Bb C G mergulho fundo, sou um faquir feliz Bb C G Mergulho fundo, sou um faquir feliz Bb Porque, que a	Rock
1438	Todos estão cegos Nessa manhã ensolarada Apenas eu vejo a luz Os automóveis atolados na lama Lagartos dançam na sua fama E nós dois em que cama? Nem tudo são rosas Às vezes é amargo demais Ela nem bate a porta Felicidade balão solto No ar, no coração E brilha	Rock
1439	Hoje, eu não quero ver o sol, vou pra noite, tudo vai rolar O meu coração é só um desejo de prazer Não quer flor, não quer saber de espinho Mas se você quiser tudo pode acontecer no caminho Automóveis piscam os seus faróis Sexo nas esquinas, violentas paixões Não me diga, não me diga o que fazer Não me fale, não me fale de você... Mas se você quiser, eu bebo o seu vinho Mas se você quiser sou pedra, flor e espinho Eu quero te ter Não me venha falar de medo Não me diga não	Rock
1440	"penso como vai minha vida alimento todos os desejos exorciso as minhas fantasias todo mundo tem um pouco de medo da vida pra que perder tempo desperdiçando emoções grilar com pequenas provocações ataco se isso for preciso sou eu quem escolho e faço os meus inimigos ""saudações a quem tem coragem"" aos que tão aqui pra qualquer viagem não fique esperando a vida passar tão rápido"	Rock
1441	Perdidos na selva Mas que tremenda aventura Você até jura Nunca sentiu tamanha emoção Meu uniforme brim caqui Não resistiu ao ataque Das suas unhas vermelhas Meu bem, você rasgou meu coração Ooooh... Eu e minha gata Rolando na relva Rolava de tudo Covil de piratas pirados Perdidos na sel...va Orangotangos de tanga no tango Tigres em pele botando a mesa É papagaio, bem-te-vi e araras Revoando, flores, folhas e varas Oh! Mas que calor tropical Mas que folhagem maneira É	Rock
1442	Quando parece não haver um jeito novo ou diferente Um jeito novo ou diferente de não ser igual aos chatos Que você conhece Quando aparece na TV um político metido num óculos de míope Falando sobre a fome e a miséria, discorrendo e descrevendo Sem dar um solução Quando você chora de angústia e de dor Pelo corre solto e sem vergonha Pelo jogo preparado, pelo xadrez padronizado Ou quando o seu sonho se desfaz em desesperança Feito o presidiário morto sem saber Morto sem saber na multidão de uma cela superlotada Porque você não escreve Pra coluna do Tio José	Rock
1443	Eu não sou o mudo Balbuciando querendo falar Eu sou a voz da voz do outro Que há dentro de mim Guardada falante querendo arrasar O teu castelo de areia Que é só soprar, soprar Soprar, soprar e ver tudo voar Eu não sou a porca que não quer atarraxar E nem a luva que não quis na sua mão entrar Eu sou a voz que quer apertar o cerco e explodir Toda essa espécie de veneno Chamado caretice E	Rock
1444	Benzinho, eu ando pirado Rodando de bar em bar Jogando conversa fora Só pra te ver Passando, gingando Me encarando Me enchendo de esperança Me maltratando a visão Girando de mesa em mesa Sorrindo	Rock
1445	Se você me encontrar assim Meio distante Torcendo cacho Roendo a mão É que eu tô pensando Num lugar melhor Ou eu tô amando E isso é bem pior, é Se você me encontrar Rodando pela casa Fumando filtro Roendo a mão É que eu não tô sonhando Eu tenho um plano Que eu não sei achar Ou eu tô ligado E o papel, e o papel E o	Rock
1446	Mais uma dose? É claro que eu estou a fim A noite nunca tem fim Por que que a gente é assim? Agora fica comigo Não desgruda de mim Vê se ao menos me engole Mas nãoo me mastiga assim Canibais de nós mesmos Antes que a terra nos coma Cem gramas, sem dramas Por que que a gente é assim? Mais uma dose? É claro que eu tô a fim A noite nunca tem fim Baby, por que que a gente é assim? Você tem exatamente Três mil horas pra parar de me	Rock
1447	Por você eu dançaria tango no teto Eu limparia os trilhos do metrô Eu iria a pé do Rio a Salvador Eu aceitaria a vida como ela é Viajaria a prazo pro inferno Eu tomaria banho gelado no inverno Por você eu deixaria de beber Por você eu ficaria rico num mês Eu dormiria de meia pra virar burguês Eu mudaria até o meu nome Eu viveria em greve de fome Desejaria todo dia, A mesma mulher Por você, por você Por você, por você Por	Rock
1448	Navegar em alto mar Eu quero o desafio do mundo Todos os segundos Novidades no meu radar Palavras dizem é doce O perfume do mar Não me engano No meu caminho Sob a neblina No mar bravio O mundo é perverso Com seus milhões de vampiros Não vai ser fácil Vê se entende o que eu digo Eu guardo todo sentimento Do mundo em mim Eu nunca vou saber	Rock
1449	Pouco importa o que essa gente vá falar mal Falem mal Eu já tô pra lá de rouco, louco total Eu sou o teu amor, me entenda Você precisa descobrir o que está perdendo É, o que está perdendo! Botando banca Posando de star Você precisa é dar! Vem viver comigo, vem me experimentar Me experimenta Soltem as coisas lindas que te ardem, me traz Você sem texto sem cinema Não faz do sexo um problema	Rock
1450	Primeiro foi a musica a canção fez você sorrir, e logo a primeira vista o mundo girou pra mim e a paixão é loucura que passa como um terremoto com o tempo acalma mais onde você esta....onde você esta...... Eu tentei acreditar que sem você eu viveria mas assim o tempo para, cada segundo é um dia..... mas a paixão com tempo passa como o vento acalma e ainda quero saber como você esta...... O que eu sinto não e de mentira ... e agora tenho certeza você é pra toda vida......	Rock
1451	Pra que me serve o pente Se eu não quero desenrolar os cachos? O que eu acho não se escreve E os seus lábios, eles sabem o que faço. Pra ter mistério invente Como um cérebro pedindo mais espaço Pra que me serve o pente Se eu não quero desenrolar os cachos? Quis um dado com o 7 Fiz um maço de 21 cigarros Fala de seus pais Que cobrem os seus pés, com pés de lã Cospem de manhã E o novo namoro da sua irmã irá durar Pra sempre, que é pra sempre que a gente quer Pra sempre, que é pra frente que a gente vai Pra sempre, que é pra frente que a gente quer Pra ter	Rock
1452	Todo dia a insônia Me convence que o céu Faz tudo ficar infinito E que a solidão É pretensão de quem fica Escondido, fazendo fita Todo dia tem a hora da sessão coruja Só entende quem namora Agora vam'bora Estamos, meu bem, por um triz Pro dia nascer feliz Pro dia nascer feliz O mundo acordar E a gente dormir Pro dia nascer feliz Essa é a vida que eu quis O mundo inteiro acordar E a gente dormir Todo dia é dia	Rock
1453	Toda brincadeira, não devia ter hora para acabar Toda quarta feira ela sai sem pressa pra voltar Esmalte vermelho, tinta no cabelo Os pés no salto alto, cheios de desejo Vontade de dançar até o amanhecer Ela está suada, pronta pra se derreter! Ela é puro êxtase, êxtase. Barbies, Betty Boops, puro êxtase Se o galo cantou,	Rock
1454	Quando você se separou de mim Quase que a minha vida teve fim Sofri, chorei tanto que nem sei Tudo que chorei por você, por você Quando você se separou de mim Eu pensei que ia até morrer Depois lutei tanto pra esquecer Tudo que passei com você, com você, com você Mesmo assim ainda eu não vou dizer que já te esqueci Se alguém vier me perguntar Nem mesmo sei	Rock
1455	No fim do túnel tudo escuro ela me procurando com o olhar mas as flores não chegaram quando deveriam chegar A tarde quer mais que um susto a noite me pega no contrapé seu beijo acelerando o meu pulso amanhã só faço o que eu quiser Quando o amor era medo eu achava melhor acordar sozinho quando o	Rock
1456	Quando o sol bater Na janela do teu quarto Lembra e vê Que o caminho é um só Por que esperar se podemos começar tudo de novo Agora mesmo A humanidade é desumana Mas ainda temos chance O sol nasce pra todos Só não sabe quem não quer Quando o sol bater Na janela do teu quarto Lembra e vê Que	Rock
1457	Eu quero ficar nu diante dos seus olhos Falar bem perto do seu ouvido Decifrar tua alma e os gemidos Temos tempo pra viver Quero descobrir o amor de novo Encontrar em alguém o que eu procuro Livrar o amor do escuro E destruir o muro Que cerca meu coração Refrão: Vai ser bom pra mim Ficar só é tão	Rock
1458	Sou inquieto, áspero E desesperançado Embora amor dentro de mim eu tenha Só que eu não sei usar amor Às vezes arranha Feito farpa Se tanto amor dentro de mim Eu tenho, mas no entanto Continuo inquieto É que eu preciso que o Deus venha Antes que seja tarde	Rock
1459	Ei! quem me escuta? Eu tô com sede de amor Você que nem liga Pras minhas intenções Eu tenho um plano E não canso de correr atrás E essa espera tira a minha paz Eu me alimento de conquistas notáveis Do gosto forte das paixões violentas	Rock
1460	Ja reguei quase todas as plantas, Ja chorei sobre todo o jardim Elas gostam da chuva que molha, elas pensam que o sol é ruim , Quando o sol nos meus olhos brilhava , por amar minha flor tanto assim Fui feliz sem saber que secava a rosa e trazia o seu	Rock
1461	Não quero sair com qualquer vagabunda Ser devorado por fés moribundas Não vou brigar por coisas pequenas deixar que o ciumes estrague o que vale apena Não Não fiz nada de mal pra ser enjaulado eu nunca me senti um sujeito culpado Não leio a bíblia, não encomendo despacho e pouco me importa o que você acha ou não acha Vivo a minha vida como ela vier com chá, cachaça, whisk ou café não tento ensinar o que ninguém sabe	Rock
1462	descerebrem-se, celebrem eu tô aqui pra animar desesperem-se, roubem quem sabe eu possa ajudar depois desculpem-se, esqueçam eu volto só pra lembrar e habituem-se, morram eu é que não vou enterrar e se a pior pessoa da ciadade me ajudar viro operário padrão eu e meu patrão que se	Rock
1463	Lembro-me que certo dia Na rua, ao sol de um verão Envenenado morria, um pobre cão Arfava, espumava e ria De um riso espúrio e bufão Ventre e pernas sacudia na convulsão	Rock
1464	Eu não sou bandido Sou trabalhador Moro na favela Não é por gosto seu doutor Muita conta pra pagar E os filhos pra criar Com a sogra na minha aba A irmã com a namorada Morando todo mundo Empilhado no meu barraco Morando todo mundo Empilhado no meu barraco Sou trabalhador Mas podia ser vapor Eu não sou vapor Porque sou trabalhador Sou o último a falar E o primeiro a apanhar	Rock
1465	Rock'n geral é até mais tarde Sem hora marcada Armando assim um carnaval full time Rock'n geral é bem alto Pra se ouvir de qualquer nave Ou de um coração meio surdo que não sabe amar Rock'n geral é apaixonado	Rock
1466	Seco Pareço um enxuto leito de rio Sem chuva Nem vegetação Seco Igual a carne seca Fruta seca Um som seco Seco Sem	Rock
1467	Eu procuro um amor que ainda não encontrei diferente de todos que amei Nos seus olhos quero descobrir uma razão para viver e as feridas dessa vida eu quero esquecer Pode ser que eu a encontre numa fila de cinema numa esquina ou numa mesa de bar Procuro um amor que seja bom pra mim vou procurar, eu vou até o fim E eu vou	Rock
1468	Meu casaco de couro É minha armadura contemporânea Meus óculos escuros Impõe limites ao sol Cuidado comigo baby E navego impune Entre o bem e o mal Misturo Substâncias novas Viver eu sei É uma viagem sem volta Meu corpo traz Toda	Rock
1469	Eu sei que você viu na TV O assassinato de crianças de rua Mas será que você viu na TV As manchetes dos jornais do dia? A moral de países irmãos Que nos acusam de selvagens Com suas competentes organizações Será que você viu na TV Os nossos sonhos destruídos? Juros altos, vistos negados Portas fechadas para a civilização Que moral tem esses nossos irmãos Que nos acusam de selvagens Com suas competentes organizações Será que eles se preocupam com a gente? Será que eles realmente se preocupam? Julgar e condenar parece fácil Será que eles realmente se preocupam? Ou será que somos Um espetáculo a mais Nos seus telejornais Num museu de horrores A confirmar o seu lugar de civilizado No primeiro mundo Aquele que destrói Sem deixar vestígio Onde o único sinal É a riqueza cada vez maior Não sei se você viu na	Rock
1470	Eu sei que esses encontros por acaso São coincidências demais Eu sento na mesa eu viro a cabeça Você vem atrás E tantos elogios por acaso São coincidências demais O olho aceso Café, sobremesa Você vem atrás Eu armo o picadeiro Mas no fim, no fim você tropeça e cai E perde a canastra e ri E diz até mais Pra me provocar Me deixar maluco E eu vou atrás Sem vergonha e	Rock
1471	Pra que toda essa inteligência Se você põe tudo a perder Engana que pensa mas não pensa Se rende pro mal e não pro bem Agora compare as diferenças O que não existe entre eu e você Estamos num mundo de incertezas Nós somos o medo de viver Por que não	Rock
1472	Você nunca varou A Duvivier às cinco Nem levou um susto Saindo do Val improviso Era quase meio-dia Do lado escuro da vida Nunca viu Lou Reed Walkin' on the wild side Nem Melodia transvirado Rezando pelo Estácio Nunca viu Allen Ginsberg Pagando um michê na Alaska Nem Rimbaud pelas tantas Negociando escravas brancas Você nunca ouviu falar em maldição Nunca viu um milagre Nunca chorou sozinha dentro de um banheiro sujo Nem quis ver a face de Deus Eu já frequentei grandes festas Nos endereços mais quentes Tomei champanhe e cicuta Ouvindo comentários inteligentes Mais triste do que de uma puta No Barbarela às 15 pras 7 Já reparou como os velhos Vão perdendo	Rock
1473	Aqui o sol está fervendo E você ás vezes pensa demais VocÊ diz está sofrendo Mas também não decide se fica ou se vai Lágrimas são feitas para rolar Pessoas vem e vão Contra o fato não se pode lutar Hoje o fim não é opção Só o tempo abaixa a poeira Só o tempo cicatriza a perda Só o tempo O mundo gira como um pandeiro Depois	Rock
1474	Tem que aconter alguma coisa neném Parado é que eu não posso ficar Quero tocar fogo onde bombeiro não vem Vou rasgar dinheiro Tocar fogo nele Só pra variar Antes d'eu me confessar pro padre, neném Eu vou comer três quilos de cebola Ver de perto a Papa, ah que luxo meu bem Vou rasgar dinheiro Tocar fogo nele Só pra variar Eu vou jogar no lixo a dentadura, neném Eu vou ficar banguelo numa boa É	Rock
1475	Sol de domingo unindo dois corpos sol,chão,brilho e olhos sombra não se vê entre portas e carros sombra não se vê Sol de domingo improváveis amantes sem	Rock
1476	Leve daqui tudo o que é teu leve tuas partes que me causam alergia leve daqui tua alegria teu corpo para fora do meu Leve teus planos por outros caminhos leve teus sonhos das minhas noites leve teus olhos por outras paisagens teu sorriso leve leve E não adianta levar o mundo nas costas a vida é cheia de som e fúria Leve teus lábios para longe daqui leve teu corpo para fora do meu	Rock
1477	Escuro... Medo de abrir os olhos Não ver quem passa a seu lado Apressado Escuro... Uma criança com medo. Um velho doente, Ter um sonho terminado É o inesperado pra tudo Vôo cego pra morrer É um filho no útero Com vontade de nascer É um homem	Rock
1478	Eu preciso da beleza Pra iludir meus olhos Eu preciso de dúvidas Pra encontrar uma certeza O homem precisa de grandeza Dentro dele está sua maior riqueza O homem precisa de grandeza Tirar da vida o que vale a pena O homem precisa da	Rock
1479	Ao som de um sol Swing, sex e sax O sol do sexo espalha Espumas de paz E a magia de selvagens galáxias Uma morena menina Flutuando à beira-mar Ao som de um sol Swing, sex e sax O sol do sexo espalha Espumas de paz E ser um anjo louco a lambusar	Rock
1480	Tudo é questão de obedecer ao instinto que o coração ensina ter, ensina ter. Correr o risco, apostar num sonho de amor. O resto é sorte e azar. Tudo é questão de não se negar nada. A	Rock
1481	Mamãe tá certo, eu me dei mal na escola Eh, isso acontece, mês que vem eu melhoro Mamãe tá certo, eu pisei na bola Quebrei vidraça, fiz a maior pirraça Mamãe tá certo, eu fui pro fundo e não pode O mar tá bravo e pode Pode cortar televisão e vitrola Parar o jogo, você é a dona da bola Só não me xingue, só não me xingue De sub sub sub sub sub o que? Só não me xingue, só não me xingue De sub sub...sub o que? Sub-produto de rock, uah Será um tipo de nhoque Sub-produto de rock Alguém me dê um toque O que quer dizer... Sub-produto de rock, uah Será um tipo de nhoque Sub-produto de rock Alguém me dê um toque O que quer dizer... Mamãe	Rock
1482	Nos supermercados da vida Se conhece o homem e seus preços Baratos ou caros Eles vendem suas almas Nessa podridão Poesia amorfa Pedra que eles não querem lapidar Nos supermercadso da vida Se conhece o homem e seus preços Pra eles tudo é pequeno Em suas mãos e cabeças Rolam cheques e moedas Numa farta mesquinharia Sua visão é	Rock
1483	Tá difícil de aturar viver com você Mas é difícil de aguentar viver sem você Todo dia é o mesmo sermão Parece coisa de religião Repetindo pela enésima vez Que eu não passo de hoje Que tudo acabou Você não aprendeu a respeitar O meu jeito de ser, de me comportar Queria que eu fosse um magnata Prá te bancar enforcado num terno e gravata Tá difícil de aturar viver com você Mas é difícil de aguentar viver sem você Quando a gente se juntou Era só eu te amo, era só	Rock
1484	Você me liga nas horas mais impróprias Você às vezes é tão indecente Me diz mentiras que destroem a alma E ainda me pede pra jurar Pra jurar amor pra sempre Você me xinga pra vizinhança E me despreza na frente dos amigos Me provoca enquanto dança Conta a verdade, toda a verdade, Quando não quero isso Você é tão inconveniente E ainda quer que eu jure amor pra sempre Você é tão inconveniente E ainda diz que vai me amar pra sempre Você é tão inconveniente E ainda quer que eu jure amor pra sempre E ainda diz que vai me amar	Rock
1485	G Solidão amiga do peito Me dê tudo que eu tenha por direito F9 C G Me diga, me ensina Ao dormir não sinto medo Há um sol, existe vida F9 C Me trate com jeito G C Eu tenho saída G C Eu quero calor e o mundo é frio G C Minha vaidade não enxerga o paraíso F9 G Eu	Rock
1486	Veja Não diga que a canção está perdida Tenha fé em Deus, tenha fé na vida Tente outra vez Beba Pois a água viva ainda está na fonte Você tem dois pés para cruzar a ponte Nada acabou, não não não não Tente Levante sua mão sedenta e recomece a andar Não pense que a cabeça agüenta se você parar,	Rock
1487	Eu quero a sorte de um amor tranqüilo Com sabor de fruta mordida Nós na batida, no embalo da rede Matando a sede na saliva Ser teu pão, ser tua comida Todo amor que houver nessa vida E algum trocado pra dar garantia E ser artista no nosso convívio Pelo inferno e céu de todo dia Pra poesia que a gente não vive Transformar o tédio em melodia... Ser teu pão, ser tua comida Todo amor que houver	Rock
1488	Eu quero a sorte de um amor tranqüilo Com sabor de fruta mordida Nós na batida, no embalo da rede Matando a sede na saliva Ser teu pão, ser tua comida Todo amor que houver nessa vida E algum trocado pra dar garantia E ser artista no nosso convívio Pelo inferno e céu de todo dia Pra poesia que a gente não vive Transformar o tédio em	Rock
1489	G7 Se eu chego você tá saindo C Bb G7 A gente ama odiando C Bb G7 Mas não me deixe sozinho me dá pão com veneno, jurando fidelidade C Bb G7 Mas sua verdade não me engana C Bb G7 Nesse termo de maldade A Que piração C Em Eu tô na terra ou no céu G A Ninguém se entende C D7 Nessa	Rock
1490	Intro: D G/B C D G/B Te faço uma canção C Tão Antiga e tão bonita D G/B Não tem queixa e nem ferida C É proteção prá toda a vida D G/B Porque você entende meus sonhos C Teu sexo tem o gosto que eu gosto D G/B Tua boca, carne, tua saliva C Faz a minha carne mais viva G/B Então eu faço esse carinho D E assim fico menos sozinho G/B Meu coração não chora mais	Rock
1491	Não existe nada vivo Dentro desse quarto Todo dia eu pego o medo Meço, mato e guardo Num cansaço calmo de sobreviver Cantar pra subir Descer e dar uma banda Um dia na vida vale Você vem Você tem Um dia na vida vale pra comemorar O nosso encontro em nenhum lugar Pra	Rock
1492	Um índio descerá de uma estrela Colorida e brilhante De uma estrela que virá Numa velocidade estonteante E pousará no coração Do hemisfério sul Na América, num claro instante Depois de exterminada A última nação indígina E os espíritos dos pássaros Das fontes de água límpidas Mais avançado que as mais avançadas Das mais avançadas das tecnologias Virá Impávido, que nem Muhammad Ali Virá que eu vi Apaixonadamente como Peri Virá que eu vi Tranquilo e infalível como Bruce Lee Virá que vi O axé do afoxé filhos de Gandhi Virá Um índio preservado Em pleno corpo físico Em todo sólido, todo gás E todo líquido Em átomos, palavras, alma,	Rock
1493	Quanto você ganha pra me enganar Quanto você paga pra me ver sofre E quanto você força pra me derreter Sou forte feito cobra coral Semente brota em qualquer local Um velho novo cartão postal Aquela madrugada deu em nada Deu em muito deu em sol Aquele seu desejo me deu medo Me deu força me deu mal Ai de mim, de nós dois Ai de mim de nós dois Vale quanto pesa, reza a lesa, de nós dois Ai de mim, de nós dois Temos um	Rock
1494	Bebe a saideira Que agora é brincadeira E ninguém vai reparar Já que é festa Que tal uma em particular? Há dias que eu planejo impressionar você Mas eu fiquei sem assunto Vem comigo No caminho eu explico Vem comigo Vai ser divertido Vem comigo Vem junto comigo Eu quero	Rock
1495	Intro: Am7 D7 Se você quer brigar E acha que com isso estou sofrendo Se enganou meu bem, Pode vir quente que eu estou fervendo Pode tirar o seu time de campo Pois o meu coração é do tamanho de um trem Iguais a você eu já peguei mais de cem Pode vir quente que estou fervendo Se você quer brigar E acha que com isso estou sofrendo Se enganou meu bem, Pode vir quente que eu estou fervendo Pode vir quente que eu estou fervendo	Rock
1496	Tento escapar do seu controle Eu enlouqueço e me atiro contra o muro Porque espero sempre alguém pra me segurar Depois do salto, parado no ar Não sei cuidar de mim como você Pirado, pirado eu tento escapulir Por que preciso de alguém pra me dizer Cuidado, posso querer me destruir Posso querer de repente me sentir Longe de tudo Porque espero demais de quem eu amo Eu amo fundo Os lugares mais lindos do mundo A gente	Rock
1497	Relógios e flores Todo o tipo de presentes Eu te dei todas as coisas Mas te perdi Você se parece com todo mundo Eu investi demais Sem pôr no seguro Você empresta e cobra Mais tarde com juros Você chora e fede Como todo mundo Você mente e esconde No teu cofre escuro Mas vacila e entrega Um mistério sujo Você se parece com todo mundo É, eu	Rock
1498	Eu posso te ouvir chamar no meu sonho tenho certeza que não acordei vejo muitas flores caindo do céu como um presente que dou a você não imagina o que eu sinto aqui queria tanto poder te contar tudo surgiu com o som da sua voz que me faz poder... Voltar, voltar voltar pra te buscar Há uma chuva forte que vem do horizonte grandes nuvens brincam e formam seu nome uma	Rock
1499	Intro: B A (B E) B E B E Se quase nunca ha verdade B E B E No que a sua vaidade passa B E Sem uma estoria de ilusao B E A vida nao teria graca F# E Esteja onde estiver vou correndo (B E) ate voce B E B E Nao sei no sol quem enfrento B E B E A sorte tem porte de vento B E Na guerra te amo mais B E Hoje eu nao preciso da paz F# E Esteja onde estiver vou correndo B ate voce REFRAO G#m E B Ah, ah ,ah G#m E Nem medo, nem a fe B Parecem resolver	Rock
1500	I Believe In Love (tradução) Barlow Girl Composição: Indisponível Quanto tempo minhas orações parecerão sem respostas? Existe ainda fé em mim alcançar o fim? Eu estou sentindo dúvida que eu estou perdendo fé Mas desistindo me custaria tudo Então eu permanecerei na dor e silêncio E eu falarei com a noite escura Eu acredito ao sol até quando não estiver brilhando Eu acredito no amor até quando eu não sentir isto E eu acredito em Deus até quando Ele for mudo E eu, eu acredito Entretanto eu não posso ver minhas histórias terminando Isso não significa a noite escura não tem não ponta É só aqui que eu acho fé E aprenda	Rock
1501	I Believe In Love (tradução) Barlow Girl Composição: Indisponível Quanto tempo minhas orações parecerão sem respostas? Existe ainda fé em mim alcançar o fim? Eu estou sentindo dúvida que eu estou perdendo fé Mas desistindo me custaria tudo Então eu permanecerei na dor e silêncio E eu falarei com a noite escura Eu acredito ao sol até quando não estiver brilhando Eu acredito no amor até quando eu não sentir isto E eu acredito em Deus até quando Ele for mudo E eu, eu acredito Entretanto eu não posso ver minhas histórias terminando Isso não significa a noite escura não tem não ponta É só aqui que eu acho fé E aprenda	Rock
1502	Hey garota, eu te amo Dançando em torno de como isso irá conduzir-me louco. Mas por que eu quero que você, Quando é simples você nunca me querer? Pois toda a minha vida tudo o que eu tinha era essa guitarra. Nunca vai estar sozinha quando tudo o que tenho é a minha música em coração. Nunca vou querer ser algo que eu não sou. Como eu recebo mais velhos sou um ser feliz com o que tenho. Porque eu tenho música, e isso me faz sentir bem. Tenho aqui esta música, e isso me ajuda a aliviar a minha cabeça para cima. Porque eu tenho música, e ele tira a dor. Tenho aqui	Rock
1503	Hey garota, eu te amo Dançando em torno de como isso irá conduzir-me louco. Mas por que eu quero que você, Quando é simples você nunca me querer? Pois toda a minha vida tudo o que eu tinha era essa guitarra. Nunca vai estar sozinha quando tudo o que tenho é a minha música em coração. Nunca vou querer ser algo que eu não sou. Como eu recebo mais velhos sou um ser feliz com o que tenho. Porque eu tenho música, e isso me faz sentir bem. Tenho aqui esta música, e isso me ajuda a aliviar a minha cabeça para cima. Porque eu tenho música, e ele tira a dor. Tenho aqui	Rock
1504	Eu já tentei Não vou mudar Já te falei Que não há mais Motivo pra eu tentar Sempre te agradar Se o que você faz é o que me faz pensar Que o que você quer é Alguém pra ocupar o lugar De quem não vai voltar De quem não vai voltar Quem não existe mais Quem te deixou pra trás. E o que eu senti há um tempo atrás Nunca mudou Nem vai mudar Pois saiba que apesar de	Rock
1505	Eu já sei o que os meus olhos vão querer Quando eu te encontrar Impedidos de te ver Vão querer chorar Um riso incontido Perdido em algum lugar Felicidade que transborda Parece não querer parar Não quer parar Não vai parar Eu já sei o que meus lábios, vão querer Quando eu te encontrar Molhados de prazer Vão querer beijar E o que na vida não se cansa De se apresentar Por ser lugar comum Deixamos de extravasar De	Rock
1506	Vento, ventania, me leve para as bordas do céu Pois vou puxar as barbas de Deus Vento, ventania, me leve para onde nasce a chuva Pra lá de onde o vento faz a curva Me deixe cavalgar nos seus desatinos Nas revoadas, redemoinhos Vento, ventania, me leve sem destino Quero juntar-me a você e carregar os balões pro mar Quero enrolar as pipas nos fios Mandar meus beijos pelo ar Vento, ventania, Me leve pra qualquer lugar Me leve para qualquer canto do mundo Ásia, Europa, América Vento, ventania, me leve para as bordas do céu Pois vou puxar as barbas de Deus Vento, ventania, me leve para os quatro cantos do mundo Me leve	Rock
1507	Janaina acorda todo dia às quatro e meia E já na hora de ir pra cama, Janaina pensa Que o dia não passou Que nada aconteceu Janaina é passageira Passa as horas do seu dia em trens lotados Filas de supermercados, bancos e repartições Que repartem sua vida Mas ela diz Que apesar de tudo ela tem sonhos Ela diz Que um dia a gente há de ser feliz Ela diz Que apesar de tudo ela tem sonhos Ela diz Que um dia a gente há de ser feliz Se Deus quiser..... Janaina é beleza de gestos, abraços, Mãos, dedos, anéis e labios Dentes e sorriso solto Que escapam	Rock
1508	Sabe esses dias em que horas dizem nada E você nem troca o pijama, preferia estar na cama Um dia, a monotonia tomou conta de mim É o tédio, cortando os meus programas, esperando o meu fim Sentado no meu quarto O tempo voa Lá fora a vida passa E eu aqui a toa Eu já tentei de tudo Mas não tenho remédio Pra livrar-me deste tédio Vejo um programa que não me satisfaz Leio o jornal que é de ontem, pois pra mim tanto faz Já tive esse problema, sei que o tédio é sempre assim Se tudo piorar, não sei do que sou capaz Sentado no meu quarto O tempo voa Lá fora	Rock
1509	As curvas no caminho, meus olhos tão distantes, Eu quero te mostrar os lugares que encontrei Como o céu pode mudar de cor quando encontra o mar... .. quando encontra o mar!!! Um sonho no horizonte, uma estrela na manhã De repente a vida pode ser uma viagem... E o mundo todo vai caber nesta canção .. nesta canção!!! Vou te pegar na sua casa, deixa tudo arrumado Vou te levar comigo pra longe Tanta coisa nos espera, me espera na janela Vou te levar	Rock
1510	Toda vez que te olho, Crio um romance Te persigo, mudo Todos instantes Falo pouco pois Não sou de dar indiretas Me arrependo do que digo Em frases incertas Se eu tento ser direto, o medo me ataca Sem poder nada fazer Sei que tento me vencer, acabar com a mudez Quando eu chego perto, tudo esqueço E não tenho vez Me consolo, foi errado o momento, talvez, Mas na verdade, nada esconde essa minha timidez Eu carrego comigo a grande agonia De pensar em você, toda hora	Rock
1511	Chove chuva, chove sem parar Chove chuva, chove sem parar E chove, e chove, e chove Chove chuva, chove sem parar Chove chuva, chove sem parar Hoje eu vou fazer uma prece Pra Deus, Nosso Senhor Pra chuva parar de molhar O meu divino amor Que	Rock
1512	Tudo bem quando termina bem E os seus olhos(e os seus olhos) não estão rasos d'água Mas eu sei que no coração Ficaram muitas palavras Um vocabulário inteiro de ilusão Tudo que viceja , também pode agonizar E perder seu brilho em poucas semanas E não podemos evitar que a vida Trabalhe com o seu relógio invisível Tirando o tempo de tudo que é perecível Oh, oh, oh .. é impossível, é impossível esquecer você É impossível esquecer o que vivi É impossível esquecer o que senti Tudo que morre fica vivo na lembrança Como é difícil viver carregando um cemitério na cabeça Mas antes que eu me esqueça, Antes que tudo se acabe	Rock
1513	Quando os astronautas foram a Lua Que coincidência, eu também estava lá Fugindo de casa, do barulho da rua Pra recompor meu mundo bem devagar Que lugar mais silencioso Eu poderia no universo encontrar Que não fossem os desertos da lua Pra recompor meu mundo bem devagar Não quero mais ouvir a minha mãe reclamar Quando eu entrar no banheiro Ligar o chuveiro, mas não me molhar Não quero mais ouvir a minha mãe reclamar Quando eu entrar no banheiro Ligar o chuveiro, mas não me molhar Quando os astronautas foram	Rock
1514	Acordei com o seu gosto E a lembrança do seu rosto Porque você se fez tão linda Mas agora você vai embora Quanto tempo será que demora Um mês pra passar A vida inteira de um inseto Um embrião pra virar feto A folha do calendário O trabalho pra ganhar um salário Mas daqui a um mês quando você voltar A lua vai estar cheia	Rock
1515	Bem aventurados sejam aqueles que amam essa desordem Nós viemos a reboque, este mundo é um grande choque Mas não somos desse mundo De cidades em torrente De pessoas em corrente Errar não é humano Depende de quem erra Esperamos pela vida Vivendo só de guerra Viemos preparados pra almoçar soldados Chegamos atrasados, sumiram com a cidade antes de nós. Mesmo assim, basta esquecê-la em outro dia Transformando em lataria, tudo que estiver ao nosso alcance Errar não é humano Depende de quem erra Esperamos pela vida Vivendo só de guerra Chega de marra, Chega de farra, Chega de guerra Quem nunca falha, fala, erra Suave te joga a primeira	Rock
1516	Depois da última noite de festa Chorando e esperando amanhecer, amanhecer As coisas aconteciam com alguma explicação Com alguma explicação Depois da última noite de chuva Chorando e esperando amanhecer, amanhecer Às vezes peço a ele que vá embora Que vá embora...oh... Camila, Camila, Camila A lembrança do silêncio daquelas tardes Daquelas tardes A vergonha do espelho naquelas marcas Naquelas marcas Havia algo de insano naqueles olhos, Olhos insanos Os olhos que passavam o dia a me vigiar, a me vigiar...oh... Camila, Camila, Camila Camila, Camila, Camila Eu que tenho medo até	Rock
1517	Quem foi que disse que amar é sofrer? Quem foi que disse que Deus é brasileiro Que existe ordem e progresso Enquanto a zona corre solta no congresso? Quem foi que disse que a justiça tarda mas não falha? Que se eu não for um bom menino, Deus vai castigar! Os dias passam lentos Aos meses seguem os aumentos Cada dia eu levo um tiro Que sai pela culatra Eu não sou ministro, eu não sou magnata Eu sou do povo, eu sou um Zé Ninguém Aqui embaixo, as leis são diferentes Eu sou do povo, eu sou um Zé Ninguém Aqui embaixo, as leis são diferentes Quem foi que disse que os homens nascem iguais? Quem foi que disse que dinheiro	Rock
1518	Dane-se a hora, se é cedo se é tarde Dane-se a capa, a foto, o encarte Dane-se o mundo, o raso, o profundo Dane-se nada, Dane-se tudo, Quando você tá aqui Dane-se o mundo Quando você sorri Dane-se o filme, a história, o ator Dane-se Di Caprio, De Niro e Monroe Dane-se Figo, Ronaldo, Zidane Dane-se tudo que não tiver Dani Só penso nela, Quem é ela, O nome dela é Daniela Dane-se o clipe, a banda, o cantor Dane-se o tédio, o vento, o calor, Dane-se o tempo, passado, futuro Dane-se nada, Dane-se tudo, Quando você tá aqui Dane-se o mundo Quando você sorri Dane-se o emprego, o salário, o patrão Dane-se o medo, a loucura, a razão Dane-se a	Rock
1519	Não guarde mágoa de mim Também não me esqueça Talvez não saiba amar Nem mesmo te mereça Como as ondas do mar Sempre vão e vem Nossos beijos de adeus Na estação de trem Um gosto de lágrima no rosto Palavras murmuradas que eu quase nem ouço Que eu quase nem ouço Em algum lugar no tempo nós ainda estamos juntos Em algum lugar Ainda estamos juntos Em algum lugar no tempo nós ainda estamos juntos pra sempre pra sempre ficaremos juntos	Rock
1520	Quero aprender a amar Para fazer as pazes Até a noite chegar Quero aprender a amar Em todos os detalhes Para te decifrar Quero aprender a amar Pra cometer pecados E depois me perdoar Quero aprender a amar Em todas as palavras Para te sussurrar Só quero o amor das grandes paixões Ser como crianças no parque de diversões Aquele amor que em	Rock
1521	A lua inteira agora é um manto negro O fim das vozes no meu rádio São quatro ciclos no escuro deserto do céu Quero um machado pra quebrar o gelo Quero acordar do sonho agora mesmo Quero uma chance de tentar viver sem dor Sempre estar lá E ver ele voltar Não era mais o mesmo Mas estava em seu lugar Sempre estar lá E ver ele voltar O tolo teme a noite Como a noite vai temer o fogo Vou chorar sem medo Vou lembrar do tempo De onde eu via o mundo azul	Rock
1522	Soltos pelo ar Vestidos do lado avesso Não há mais o que falar Entre nós não há segredos Soltos pelo ar Soltos pelo ar Tenho meu olhar E minhas visões E sei reparar Nas suas aflições Quando seu mundo se desfaz Isso é que é viver Pode ser que o céu se abra pra você São os seus caminhos A sua liberdade Nossa afirmação De cumplicidade Tudo que é demais Deixa pra depois Pode ser que o céu se abra pra nós dois Pode o mundo desabar Deixa a chuva cair Que tudo seja exatamente	Rock
1523	O tempo e o espaço não querem ficar Juntos comigo no mesmo lugar Já não sei o que faço Se fico parado eu quero andar Se ando um pouco só penso em parar Pra respirar de novo Eu quanto mais fujo pareço ficar No mesmo instante no mesmo lugar Quanto mais fujo pareço voltar Pro mesmo lugar O tempo e o espaço não querem deixar Que eu	Rock
1524	Atrás da porta Guardo os meus sapatos Na gaveta do armário Coloco minhas roupas Na estante da sala Vejo muitos livros E a geladeira conserva o sabor das refeições Minha casa é meu reino mas eu preciso de outros sapatos De outras roupas, outros temperos Para formar minhas ideias e meus sentimentos Eu sou a soma de tudo que vejo E minha casa é um espelho Onde a noite eu me deito e sonho com as coisas mais loucas Sem saber porque É porque trago tudo de fora Violência e dúvida, dinheiro e fé Trago a imagem de todas as ruas por	Rock
1525	Missionários de um mundo pagão,proliferando ódio e destruição Vêm dos quatro cantos da terra A morte,a discórdia,a ganância e a guerra.. e a guerra. Missionários e missões suicidas Crianças matando crianças inimigas Generais de todas as nações,fardas bonitas,condecorações Documentam na nossa história	Rock
1526	Chove lá fora e aqui Faz tanto frio, Me dá vontade de saber Aonde está você, Me telefona, Me chama, me chama, me chama! Nem sempre se vê Lágrimas no escuro Lágrimas no escuro. Tá tudo cinza sem você, Tá tão vazio e a noite fica sem por quê. Aonde está você, Me telefona, Me chama, me chama, me chama ! Nem sempre se vê Mágica	Rock
1527	Não foi por acaso Nem foi planejado Era pura intuição Pedras no caminho Naveguei sozinho Fui pelo meu coração Me ajoelho pra você me desculpar Mas não consigo me perdoar Para seguir em frente sei que vou deixar Alguma coisa para trás Em águas tantas vezes Rasas ou profundas A correnteza vai me levar Um rio sempre beija o mar Um rio sempre beija o mar Não foi por acaso Nem foi planejado Era pura intuição Pedras no caminho Naveguei sozinho Fui pelo meu coração	Rock
1528	5.. 4.. 3.. 2... - Parem! Esperem aí. Onde é que vocês pensam que vão? Plunct Plact Zum Não vai a lugar nenhum!! Plunct Plact Zum Não vai a lugar nenhum!! Tem que ser selado, registrado, carimbado Avaliado, rotulado se quiser voar! Se quiser voar.... Pra Lua: a taxa é alta, Pro Sol: identidade Mas já pro seu foguete viajar pelo universo É preciso meu carimbo dando o sim, Sim, sim, sim. O seu Plunct Plact Zum Não vai a lugar nenhum! Plunct Plact Zum Não vai a lugar nenhum! Tem que ser selado, registrado, carimbado Avaliado, rotulado se quiser voar! Se	Rock
1529	Eu presto atenção No que eles dizem Mas eles não dizem nada Yeah! Yeah! Fidel e Pinochet Tiram sarro de você Que não faz nada Yeah! Yeah! E eu começo achar normal Que algum boçal Atire bombas na embaixada Yeah! Yeah! Oh! Oh!... Se tudo passa Talvez você passe por aqui E me faça Esquecer tudo que eu vi Se tudo passa Talvez você passe por aqui E me faça esquecer... Toda forma de poder É uma forma de morrer Por nada Yeah! Yeah! Toda forma de conduta Se transforma Numa luta armada Oh! Oh! A história se repete Mas a força deixa A história mal contada Tada, Tada, Tada! Tada, Tada, Tada! Tada, Tada, Tada! Tada, Tada, Tada! Oh!... Se tudo passa Talvez você passe por aqui E me faça	Rock
1530	Não esperava ser o único a romper a barreira do som Superei o medo da distorção das palavras Fui sincero, muito cedo ... Tem horas em que lembro com saudade todo o tempo de minha vida E perplexo vejo que já um quarto dela Se passou em felicidade desapercebida Se o tempo hoje parasse Ou então não mais vivesse Estaria me traindo Ao pensar que o tempo pararia Se meu coração não mais batesse Anotei inutilmente experiências num caderno Por temer tornar a repeti-las E descobri que o amor precisava	Rock
1531	A cidade de madrugada é mais receptiva Andando nas muretas dos viadutos Pisando na grama dos jardins Perambulei como um fantasma Ruas e becos por onde jamais passei E vi a Cia Inglesa de Águas Tudo era estranho, quase me perdi A cidade é um museu de coisas Que sempre soube mas nunca vi A	Rock
1532	Eu tenho o gesto exato, sei como devo andar Aprendi nos filmes pra um dia usar Um certo ar cruel de quem sabe o que quer Tenho tudo planejado pra te impressionar Luz de fim de tarde, meu rosto em contra-luz Não posso compreender, não faz nenhum efeito A minha aparição será que errei na mão As coisas são mais fáceis na televisão Mantenho o passo alguém me vê Nada acontece, não sei porque Se eu não perdi nenhum detalhe Onde foi que eu errei? Ainda encontro a fórmula do amor Ainda	Rock
1533	A novidade veio dar à praia Na qualidade rara de sereia Metade, o busto de uma deusa maia Metade, um grande rabo de baleia A novidade era o máximo Do paradoxo estendido na areia Alguns a desejar seus beijos de deusa Outros a desejar seu rabo pra ceia E a novidade que seria um sonho O milagre risonho da sereia Virava um pesadelo tão medonho Ali naquela praia, ali na areia A novidade era a guerra Entre o feliz poeta e o esfomeado Estraçalhando uma sereia bonita Despedaçando o sonho pra cada lado Ó, mundo tão desigual Tudo é tão desigual	Rock
1534	A PRÓXIMA VEZ Tomara que da próxima vez Em que eu pensar em você Eu só consiga pensar besteiras De céu	Rock
1535	O homem-tola existência A mulher-tola resistência O casal-tola persistência O padre-indulgência O sábio-sapiência O bom-clemência Eu-demência O prático-inteligência O velho-vivência Einstein-o Pai da Ciência Mãe-paciência O homem-tola existência A mulher-tola resistência O casal-tola persistência Deus-providência O sapo-sapiência O jegue-intelejumência O álcool-dormência O travesti-ambivalência O biquíni-indecência polícia, sindicância,	Rock
1536	Nuvens deslizam pelo céu Cobrindo estrelas como um véu Você, nem vi pelos meus dedos escapar Gritei, busquei algo em que pudesse me agarrar Eu vi meu mundo desabar A saudade é o museu do amor Que me faz viver para ser feliz Porque você ainda mora em mim Fiz da minha alma um pincel Chorei palavras num papel Sofri, senti uma dor por dentro	Rock
1537	Meu cavalo não é alado, minha lança ferro A armadura sem encanto mais hoje encerro A dor gritos e ecos, esse povo ainda é meu Meus homens por amor defendam o que é seu Se eu não voltar meu sangue volta em praça Se eu não vencer eu enfraquecerei quem ameaça A paz, o a amor de quem não sabe guerrear E eu te invoco princesa que suas lágrimas de adeus Se tornem bênçãos do luar Você vem ser, na estrada a guia da visão Você vem ser, a minha luz na escuridão Você vem ser, no eu a solitária flor Você vem ser, a Vênus a deusa do amor A minha volta caem milhares descansem em paz Ao som de espadas sobre o sol não sou capaz De ouvir clamor em piedade sem nada a fazer Não sou o dono da verdade e nem eu quero	Rock
1538	Flores nascem e morrem no jardim Assim o dia acaba em Noite E o céu parece não ter fim Estrelas sempre mudam de lugar Fazendo curvas no destino Aonde vai nos levar Eu só queria Acordar	Rock
1539	Agora é moda, sair nua em capa de revista É moda, pichar a vida de artista Agora é moda, turbinar o corpo inteiro É moda, culpar o mercado estrangeiro Poupar dinheiro pro futuro Pegar alguém pulando o muro Acontecer uma tragédia A inquisição da Idade Média É moda, matar pra não morrer de fome É moda, chauvinista pra ser homem Dance, dance, dance - Dancei! Agora é moda, economizar a gasolina É moda, coroa e cara de menina Agora é moda, tentar salvar a natureza	Rock
1540	Biquini Cavadão - Alguma Verdade Eu não sei todas as coisas Mas eu sei o que não é certo E tenho que me esconder Porque o medo mora aqui perto Todos sabem quais são os problemas Já estou tão cansado Desses caras que não fazem nada Será que eu que sou o culpado Eu só quero uma verdade Alguma verdade Acredito no futuro Mas quem sonha paga o preço De sofrer pelos seus sonhos Chega a noite e eu me esqueço Encontro os meus amigos E é sempre a mesma conversa Todo mundo esta com medo E só eu pareço estar com pressa Eu só quero uma verdade Alguma verdade Que me prove que ela existe Que eu não sou um sonhador Que ela esteja do meu lado Pra que eu nunca fique só Tenho fé que ainda encontre Se um dia conseguir Vou abrir todas janelas Pra deixar o sol sair Uuuu o sol sair E toda semana um crime novo Pra vender anuncio na televisão Qualquer hora eu acordo Já não tenho mais meu coração Eu não sei o que fazer Pra	Rock
1541	Ponho óculos escuros Pro sol de fevereiro Caminho entre flores Deixo tudo pra depois Bermuda, havaianas E um pouco de dinheiro Nada cabe no meus sonhos Além de nós dois A vida tem seus planos Pesadelos e enganos Mas deixa tudo pra lá... O mundo não vai acabar! Amanhã é outro dia... Amanhã é outro dia... Dou a minha cara à tapa Como todo brasileiro	Rock
1542	Deixa, se fosse sempre assim quente Fica aqui perto de mim Tem dias em que tudo está em paz E agora os dias são iguais Se fosse só sentir saudade Mas tem sempre algo mais Seja como for É uma dor que dói no peito Pode rir agora que estou sozinho Mas não venha me roubar Vamos brincar perto da usina Deixa pra lá, a angra é dos reis Por que se explicar se não existe perigo ? Senti seu coração perfeito batendo à toa E isso dói Seja como for É uma	Rock
1543	Antes que aconteça do mundo acabar Vou aprender alguma coisa Nunca é tarde pra quem já entende que a vida Começa sempre depois de uma boa noite de sono Onde tudo parece se reconstruir Nunca é tarde pra te explicar o quer penso Sobre as confusões dessa cidade Minha história é bem descrita em fotos e versos E o que eu cantei foi a verdade Vivendo sobe luzes e sonhos O mundo que eu conheço tem a minha cara Meus gritos na chuva Meus olhos já sabem que o mundo Tem a minha cara Invento e descubro	Rock
1544	Olhos fechados Pra te encontrar Não estou ao seu lado Mas posso sonhar Aonde quer que eu vá Levo você no olhar Aonde quer que eu vá Aonde quer que eu vá Não sei bem certo Se é só ilusão Se é você já perto Se é intuição Aonde quer que eu vá Levo você no olhar Aonde quer que eu vá Aonde quer que	Rock
1545	"Reco-reco, clave, percussão, bongô, Agogô, bumbo, surdo maracanã Maior ainda é o ""treme-terra"" Triângulo, zabumba Ritmo frouxo de uma ""dureza concreta"" Riso solto de uma criança feliz Caxixi, cachimbo, charuto, Mangusto soturno, Um vai-e-vem animal Festa e carnaval, sexo uma vez por ano Sexo e carnaval, festa uma vez por ano Você me inspira, Quero aspirar o seu ar Sentir seu cheiro, cheiro maneiro (eu quero) Muito dinheiro,"	Rock
1546	Porque o tempo não volta ninguém vai me dizer mas isso não me incomoda tanto se eu trago você Só eu sei a importância Só eu sei a força que tem Tudo que você me disse Eu guardei muito bem Aqui dentro Me ensinando, me relembrando Que viver é bem mais que querer Ver o tempo voltando Mas de vez em quando eu sinto A sua ausência real E por mais	Rock
1547	Intro: A7M(9) A7M(9) O que se esconde F#m7 Atrás dos arcos ? Bm7 D7M Será; um índio G#m7(b5) G7 Ou um Circo Voador ? A7M(9) O que se esconde F#m7 Atrás dos monumentos Bm7 D7M G#m7(b5) A não ser pedra sobre pedra G7 Um amor feito às pressas E uma estátua F#m7 G7(#11) Que ninguém conhece F#m7 G7(#11) Cada rua da cidade F#m7 Esconde um desconhecido G7(#11) F#m7 Sem um mapa, estou perdido G7(#11) G#m7(b5) Sem você não faz sentido C#7(#9) Melhor ficar parado A6 Pra que alguém no mesmo estado em que estou G7 Possa me achar A7M(9) F#m7 Mas o que se esconde atras dos arcos ? Bm7 D7M G#m7(b5) G7 Será o triunfo ou então	Rock
1548	Andando entre cacos, me sinto em pedaços... E até hoje eu não sei dizer se está tudo acabado. Mas não troquei minha boca fechada pelas suas palavras vazias; Você me fez envelhecer, um ano a cada dia... Você me fez cair outra vez, na minha armadilha... Na minha armadilha...	Rock
1549	Não é nossa culpa Nascemos já com uma bênção Mas isso não é desculpa Pela má distribuição Com tanta riqueza por aí, onde é que está Cadê sua fração Com tanta riqueza por aí, onde é que está Cadê sua fração Até quando esperar E cadê a esmola que nós damos Sem perceber que aquele abençoado Poderia ter sido você Com tanta riqueza por aí, onde é que está Cadê sua fração Com tanta riqueza por aí, onde é que está Cadê sua fração Até quando esperar a plebe ajoelhar Esperando a ajuda	Rock
1550	"Você vem e chega com esse papo De que o mundo é tão feio A vida é tão cruel Há quanto tempo isso já não é novidade Passada certa idade você tem Tem nojo de tudo Eu digo Bem vindo ao mundo adulto Não creia em ingenuidades Amigos sempre fomos, negócios sempre a parte Você que descobriu tudo isso um pouco tarde ! Você agora é que vem com esse papo: ""Está tudo um tédio, não tenho um programa"" Rima"	Rock
1551	Pode seguir a tua estrela O teu brinquedo de star Fantasiando em segredo O ponto aonde quer chegar O teu futuro é duvidoso Eu vejo grana, eu vejo dor No paraíso perigoso Que a palma da tua mão mostrou Quem vem com tudo não cansa	Rock
1552	Tudo que mereço teve um preço que não cabe discutir O que passou não vale a pena Quero o que tem por vir Foi sempre assim e sempre vai ser Nós queremos sempre mais Tudo não satisfaz Tudo não satisfaz Não me venha com a dor De quem não conseguiu Quero insatisfação Não me venha com a dor De quem	Rock
1553	Cm Estou boquiaberto C (4,7,9) Não sei o que é certo Cm Também já não sei C (4,7,9) o que é errado Cm Eu leio o que a lei C (4,7,9) Me diz para fazer Cm C (4,7,9) Mas olho em volta e ninguem faz Cm Cm(#5) Então não faço Cm Cm(#5) Então não faço Cm Amasso a convenção C (4,7,9) Fumo na condução Cm Jogo no chão o C (4,7,9) maço de cigarro Cm Avanço o sinal C (4,7,9) Suborno o fiscal C (4,7,9) E todo mundo faz igual Cm Quando é que a gente vai poder Bb Olhar no espelho e ver Eb Algo que pareça ser G7 O que nós somos Cm Quando é que a gente vai perder Bb a mania de querer Eb Algo que pareça G7 ser o que não somos Cm Estou boquiaberto C (4,7,9) Não sei o que é real Cm Também já não sei	Rock
1554	O sol nasceu quadrado hoje Você parece nem ligar As coisas vão esquentar E o que me importa tudo ? O sol nasceu quadrado hoje Você parece nem ligar O teu descaso é tão grande Já começa a me contagiar Se você não me sente Não me deixa sonhar Se você não me sente Eu quase não sinto nada !! Hoje te vi tão displicente Em plena tela da	Rock
1555	Ei!!! Cada um com a cara que Deus lhe deu (4x) Cara pra sorrir Para chorar Para mentir Cara pra rezar Para sonhar Para pedir Cara para amar Para dormir E dizer adeus Cara olha a sua cara no espelho Essa é a que Deus lhe deu Cada um com a cara que Deus lhe deu (4x) Cara pra lutar Para ganhar Para perder Cara pra encarar Para gritaR Para viver Cara indignada Cara pintada de brasileiro Cara olha a sua cara no espelho Essa é a que Deus	Rock
1556	Se uma cadela passasse por aqui E me desse uma lambida....na perna!	Rock
1557	"Cai água, cai barraco Desenterra todo mundo Cai água, cai montanha e enterra quem morreu É sempre assim todo verão O tempo fecha, inunda tudo É sempre assim todo verão Um dia acaba o mundo todo Derruba o muro, o prédio podre, a casa velha Empurra a velha Pega a bolsa e sai batido E sobe o morro, sobe o pau, sobe o diabo (desce o pau em toda gente, ""a gente temo que corrê"") Corre pra cima e pra baixo, se enfia num buraco (Manda fogo na polícia,"	Rock
1558	Depois da última noite de festa Chorando e esperando amanhecer, amanhecer As coisas aconteciam com alguma explicação Com alguma explicação Depois da última noite de chuva Chorando e esperando amanhecer, amanhecer Às vezes peço a ele que vá embora Que vá embora...oh... Camila, Camila, Camila A lembrança do silêncio daquelas tardes Daquelas tardes A vergonha do espelho naquelas marcas Naquelas marcas Havia algo de insano naqueles olhos, Olhos insanos Os olhos que passavam o dia a me vigiar, a me vigiar...oh... Camila, Camila, Camila Camila, Camila, Camila Eu que tenho medo até	Rock
1559	Missionários de um mundo pagão,proliferando ódio e destruição Vêm dos quatro cantos da terra A morte,a discórdia,a ganância e a guerra.. e a guerra. Missionários e missões suicidas Crianças matando crianças inimigas Generais de todas as nações,fardas bonitas,condecorações Documentam na nossa história	Rock
1560	Você me quer mas não pra sempre Quem sabe volta e meia a gente tenta outra vez Não sei o que assumir Pois termos não definem O que eu tento te dizer Peço conselhos Mas ao te encontrar Fica difícil entender Como você me domina Fingido não saber porquê Brincadeiras	Rock
1561	A igreja é ao mesmo tempo mãe e filha Mas até hoje ninguém sabe quem é o pai Catedral, isto aqui não é seu céu Deuses não são maiores dentro de você Em nome de um santo, Um santo sem nome Um monumento ao templo Grande colosso Que até me esqueço que seria tão bonito Se fosse dito que cada cidadão, Religioso em devoção Tivesse em sua crença natal A riqueza não material	Rock
1562	Eu não quero ninguém andando comigo Só certas pessoas para conversar a noite inteira, O tempo todo E quando o assunto acabar A gente começa tudo de novo E come e bebe mais Até ficar bem tarde Eu não quero ninguém andando comigo Só certas pessoas Uma pessoa só já basta E é assim que eu tenho meu tempo vivido Gastando meu dinheiro sem dever nada	Rock
1563	Chove chuva, chove sem parar Chove chuva, chove sem parar E chove, e chove, e chove Chove chuva, chove sem parar Chove chuva, chove sem parar Hoje eu vou fazer uma prece Pra Deus, Nosso Senhor Pra chuva parar de molhar O meu divino amor Que	Rock
1564	Sei que você gosta de brincar De amores Mas Oh, comigo não, comigo não Sei também que você eu não sei Mas nada Um dia, você vai, ouvir de alguém O que ouvi de ti Então irá, pensar, como eu sonhei em vão Não vá, ou vá Você é quem quer Quer saber eu amo	Rock
1565	Hey! Para dormir a tarde toda sem culpa Para gastar meu último centavo Quebrar a cara, sobreviver Saber admitir quando eu estou errado Virar a noite toda na rua Conhecer a vida do lado avesso Chutar as portas, enlouquecer Sonhar o mesmo sonho até o amanhecer Coragem! A vida sempre está por um segundo Coragem! A vida sempre está por um segundo Satisfazer todos os meus desejos Rasgar a teia dos meus medos Um kamikaze cruzando o céu Sem	Rock
1566	E Quero dizer A Meu caro amigo E Que você não está A com nada nesse umbigo E Não tem o rei A Que pensa levar consigo E Porque não desce A deste seu pedestal F#m Não sei de onde você A tirou a idéia E De que não é normal F#m Não sei de onde A Você tirou a idéia E7 A7 De que é especial ooo E E realmente A Normal você não é, não E A Não que seja um super	Rock
1567	Ele decidiu ser uma alma livre Que serpenteia as estradas alheio aos que o seguem Ele corre atrás de seu limite E se por acaso quebrar vai simplesmente recomeçar E não precisa de motivo, nem mesmo de razão Qualquer faísca e ele toca fogo no mundo Como seria bom Se o destino nos desse a opção de escolher Por que causa nós vamos sofrer Ele decidiu ser uma alma livre Que serpenteia as estradas alheio aos que o seguem Mas por mais que ele sempre siga em frente Sempre irá de comum	Rock
1568	A vida sem freio me leva, me arrasta, me cega No momento em que eu queria ver O segundo que antecede o beijo A palavra que destrói o amor Quando tudo ainda estava inteiro No instante em que desmoronou Palavras duras em voz de veludo E tudo muda, adeus velho mundo Há um segundo tudo estava em paz Cuide bem do seu amor Seja quem for E cada segundo, cada momento, cada instante É quase eterno, passa devagar	Rock
1569	Não quis passar a minha mágoa Embora não pudesse evitar Buquê de vinho, mas gosto de água Nó na minha garganta Que as horas não conseguem desatar Não foi presciso consolo Pois me senti tão tolo depois de chorar Gosto de nada na boca Somente a raiva que sentia me faria mastigar E por mais que eu fique tonto, o mundo insiste em balançar Por dar corda nos meus sonhos, mal pude acordar Por um momento te amei tanto Momento de tormento Mas agora nada tento	Rock
1570	D D Dance, dance, dance G A Gaste o tempo comigo D Em Não, não tenha juízo A A7 Dê-se ao luxo de estar A7 sendo fútil agora D D Dance, dance, dance G A Faça como Isadora D Em Que ficou na história A A7 Em Por dançar como bem quisesse Yeah G A Um movimento qualquer Em A sobe a cabeça e os pés Em Sinta o corpo Em Você está solta Em E pronta pra vir D G Dance,	Rock
1571	Dane-se a hora, se é cedo se é tarde Dane-se a capa, a foto, o encarte Dane-se o mundo, o raso, o profundo Dane-se nada, Dane-se tudo, Quando você tá aqui Dane-se o mundo Quando você sorri Dane-se o filme, a história, o ator Dane-se Di Caprio, De Niro e Monroe Dane-se Figo, Ronaldo, Zidane Dane-se tudo que não tiver Dani Só penso nela, Quem é ela, O nome dela é Daniela Dane-se o clipe, a banda, o cantor Dane-se o tédio, o vento, o calor, Dane-se o tempo, passado, futuro Dane-se nada, Dane-se tudo, Quando você tá aqui Dane-se o mundo Quando você sorri Dane-se o emprego, o salário, o patrão Dane-se o medo, a loucura, a razão Dane-se a	Rock
1572	"Joelhos doendo de tanto rezar, Os dedos, Os olhos Na cama, o rosto enfiado no travesseiro: ""Deus não vai permitir, Deus não vai permitir ..."" As costas doendo, não pode mais se abaixar (marido velho, filhos adultos ) Ônibus lotado, a cara"	Rock
1573	Não me arrependo De quase nada São detalhes São só páginas viradas No espelho Meu olhar que não me deixa esquecer Do que quase aconteceu Tudo o que deu certo E o que não deu Quem sabe É hora de mudar os planos Descer as ondas Guardar o tempo Nas fotos que tirei no pensamento Descer as ondas Guardar o tempo Nas palavras que eu levei Nos amigos que deixei Um quase-beijo Uma risada E em um segundo Quase madrugada No espelho Meu olhar que não me deixa te esquecer Do que	Rock
1574	Qualquer dia desses ainda pego o meu carro e sumo daqui Vou aonde der a gasolina Daí em diante ando a pé, até encontrar carona em carro de boi Suspendo o meu ódio e salto num vale inatingível Percorrerei a mata e me embrenharei por ela até chegar numa árvore, a mais alta, e tirar um cochilo jóia. Na chuva que os dias trouxerem, Esquecerei de contá-los, Perderei seus nomes e sequência Chamarei do que quiser : Dia Vento, Dia de Sono, Dia Sem Graça, Dia,	Rock
1575	"As vezes a vida fica tão triste, Tão triste que nem uma mulher peituda É capaz de me alegrar... Hoje acordei com vontade de dizer A vida é bela, somos patetas mas nada importa Nem todos os dias são tristes Hoje acordei com vontade de dizer "" Até que enfim sou livre, eu só faço o que quero, Eu quero te dar um abraço, Subir ao palco, bancar o palhaço "" Mas se disserem que sou santo, eu nego Eu vou direto pro inferno e que se dane o resto Hoje acordei com vontade de"	Rock
